index,Order ID,Date,Status,Fulfilment,Sales Channel ,ship-service-level,Style,SKU,Category,Size,ASIN,Courier Status,Qty,currency,Amount,ship-city,ship-state,ship-postal-code,ship-country,promotion-ids,B2B,fulfilled-by
0,405-8078784-5731545,4/30/2022,Cancelled,Merchant,Amazon.in,Standard,SET389,SET389-KR-NP-S,Set,S,B09KXVBD7Z,,0,INR,647.62,MUMBAI,MAHARASHTRA,400081,IN,,FALSE,Easy Ship
1,171-9198151-1101146,4/30/2022,Shipped - Delivered to Buyer,Merchant,Amazon.in,Standard,JNE3781,JNE3781-KR-XXXL,kurta,3XL,B09K3WFS32,Shipped,1,INR,406,BENGALURU,KARNATAKA,560085,IN,Amazon PLCC Free-Financing Universal Merchant AAT-WNKTBO3K27EJC;Amazon PLCC Free-Financing Universal Merchant AAT-QX3UCCJESKPA2;Amazon PLCC Free-Financing Universal Merchant AAT-5QQ7BIYYQEDN2;Amazon PLCC Free-Financing Universal Merchant AAT-DSJ2QRXXWXVMQ;Amazon PLCC Free-Financing Universal Merchant AAT-CXJHMC2YJUK76;Amazon PLCC Free-Financing Universal Merchant AAT-CC4FAVTYR4X7C;Amazon PLCC Free-Financing Universal Merchant AAT-XXRCW6NZEPZI4;Amazon PLCC Free-Financing Universal Merchant AAT-CXNSLNBROFDW4;Amazon PLCC Free-Financing Universal Merchant AAT-R7GXNZWISTRFA;Amazon PLCC Free-Financing Universal Merchant AAT-WSJLDN3X7KEMO;Amazon PLCC Free-Financing Universal Merchant AAT-VL6FGQVGQVXUS;Amazon PLCC Free-Financing Universal Merchant AAT-EOKPWFWYW7Y6I;Amazon PLCC Free-Financing Universal Merchant AAT-ZYL5UPUNW6T62;Amazon PLCC Free-Financing Universal Merchant AAT-XVPICCHRWDCAI;Amazon PLCC Free-Financing Universal Merchant AAT-ETXQ3XXWMRXBG;Amazon PLCC Free-Financing Universal Merchant AAT-7X3XCTYG64VBE;Amazon PLCC Free-Financing Universal Merchant AAT-7CHGD3WTS3MHM;Amazon PLCC Free-Financing Universal Merchant AAT-26ZDKNME27X42;Amazon PLCC Free-Financing Universal Merchant AAT-4ZF5KN6E4LJK4;Amazon PLCC Free-Financing Universal Merchant AAT-7RCXIKUAX7DDY;Amazon PLCC Free-Financing Universal Merchant AAT-BRSZZ45H6MHAO;Amazon PLCC Free-Financing Universal Merchant AAT-MKLXOOZWQL7GO;Amazon PLCC Free-Financing Universal Merchant AAT-CB7UNXEXGIJTC;Amazon PLCC Free-Financing Universal Merchant #MP-gzasho-1593152694811;Amazon PLCC Free-Financing Universal Merchant AAT-WLBA4GZ52EAH4,FALSE,Easy Ship
2,404-0687676-7273146,4/30/2022,Shipped,Amazon,Amazon.in,Expedited,JNE3371,JNE3371-KR-XL,kurta,XL,B07WV4JV4D,Shipped,1,INR,329,NAVI MUMBAI,MAHARASHTRA,410210,IN,IN Core Free Shipping 2015/04/08 23-48-5-108,TRUE,
3,403-9615377-8133951,4/30/2022,Cancelled,Merchant,Amazon.in,Standard,J0341,J0341-DR-L,Western Dress,L,B099NRCT7B,,0,INR,753.33,PUDUCHERRY,PUDUCHERRY,605008,IN,,FALSE,Easy Ship
4,407-1069790-7240320,4/30/2022,Shipped,Amazon,Amazon.in,Expedited,JNE3671,JNE3671-TU-XXXL,Top,3XL,B098714BZP,Shipped,1,INR,574,CHENNAI,TAMIL NADU,600073,IN,,FALSE,
5,404-1490984-4578765,4/30/2022,Shipped,Amazon,Amazon.in,Expedited,SET264,SET264-KR-NP-XL,Set,XL,B08YN7XDSG,Shipped,1,INR,824,GHAZIABAD,UTTAR PRADESH,201102,IN,IN Core Free Shipping 2015/04/08 23-48-5-108,FALSE,
6,408-5748499-6859555,4/30/2022,Shipped,Amazon,Amazon.in,Expedited,J0095,J0095-SET-L,Set,L,B08CMHNWBN,Shipped,1,INR,653,CHANDIGARH,CHANDIGARH,160036,IN,IN Core Free Shipping 2015/04/08 23-48-5-108,FALSE,
7,406-7807733-3785945,4/30/2022,Shipped - Delivered to Buyer,Merchant,Amazon.in,Standard,JNE3405,JNE3405-KR-S,kurta,S,B081WX4G4Q,Shipped,1,INR,399,HYDERABAD,TELANGANA,500032,IN,Amazon PLCC Free-Financing Universal Merchant AAT-WNKTBO3K27EJC;Amazon PLCC Free-Financing Universal Merchant AAT-QX3UCCJESKPA2;Amazon PLCC Free-Financing Universal Merchant AAT-5QQ7BIYYQEDN2;Amazon PLCC Free-Financing Universal Merchant AAT-DSJ2QRXXWXVMQ;Amazon PLCC Free-Financing Universal Merchant AAT-CXJHMC2YJUK76;Amazon PLCC Free-Financing Universal Merchant AAT-CC4FAVTYR4X7C;Amazon PLCC Free-Financing Universal Merchant AAT-XXRCW6NZEPZI4;Amazon PLCC Free-Financing Universal Merchant AAT-EOKPWFWYW7Y6I;Amazon PLCC Free-Financing Universal Merchant AAT-ZYL5UPUNW6T62;Amazon PLCC Free-Financing Universal Merchant AAT-ETXQ3XXWMRXBG;Amazon PLCC Free-Financing Universal Merchant AAT-7X3XCTYG64VBE;Amazon PLCC Free-Financing Universal Merchant AAT-7CHGD3WTS3MHM;Amazon PLCC Free-Financing Universal Merchant AAT-26ZDKNME27X42;Amazon PLCC Free-Financing Universal Merchant AAT-4ZF5KN6E4LJK4;Amazon PLCC Free-Financing Universal Merchant AAT-7RCXIKUAX7DDY;Amazon PLCC Free-Financing Universal Merchant AAT-BRSZZ45H6MHAO;Amazon PLCC Free-Financing Universal Merchant AAT-MKLXOOZWQL7GO;Amazon PLCC Free-Financing Universal Merchant AAT-CB7UNXEXGIJTC;Amazon PLCC Free-Financing Universal Merchant #MP-gzasho-1593152694811;Amazon PLCC Free-Financing Universal Merchant AAT-WLBA4GZ52EAH4,FALSE,Easy Ship
8,407-5443024-5233168,4/30/2022,Cancelled,Amazon,Amazon.in,Expedited,SET200,SET200-KR-NP-A-XXXL,Set,3XL,B08L91ZZXN,Cancelled,0,,,HYDERABAD,TELANGANA,500008,IN,IN Core Free Shipping 2015/04/08 23-48-5-108,FALSE,
9,402-4393761-0311520,4/30/2022,Shipped,Amazon,Amazon.in,Expedited,JNE3461,JNE3461-KR-XXL,kurta,XXL,B08B3XF5MH,Shipped,1,INR,363,Chennai,TAMIL NADU,600041,IN,,FALSE,
10,407-5633625-6970741,4/30/2022,Shipped,Amazon,Amazon.in,Expedited,JNE3160,JNE3160-KR-G-S,kurta,S,B07K3YQLF1,Shipped,1,INR,685,CHENNAI,TAMIL NADU,600073,IN,,FALSE,
11,171-4638481-6326716,4/30/2022,Shipped,Amazon,Amazon.in,Expedited,JNE3500,JNE3500-KR-XS,kurta,XS,B098117DJ3,Shipped,1,INR,364,NOIDA,UTTAR PRADESH,201303,IN,,FALSE,
12,405-5513694-8146768,4/30/2022,Shipped - Delivered to Buyer,Merchant,Amazon.in,Standard,JNE3405,JNE3405-KR-XS,kurta,XS,B081XCMYXJ,Shipped,1,INR,399,Amravati.,MAHARASHTRA,444606,IN,Amazon PLCC Free-Financing Universal Merchant AAT-WNKTBO3K27EJC;Amazon PLCC Free-Financing Universal Merchant AAT-QX3UCCJESKPA2;Amazon PLCC Free-Financing Universal Merchant AAT-5QQ7BIYYQEDN2;Amazon PLCC Free-Financing Universal Merchant AAT-DSJ2QRXXWXVMQ;Amazon PLCC Free-Financing Universal Merchant AAT-CXJHMC2YJUK76;Amazon PLCC Free-Financing Universal Merchant AAT-CC4FAVTYR4X7C;Amazon PLCC Free-Financing Universal Merchant AAT-XXRCW6NZEPZI4;Amazon PLCC Free-Financing Universal Merchant AAT-EOKPWFWYW7Y6I;Amazon PLCC Free-Financing Universal Merchant AAT-ETXQ3XXWMRXBG;Amazon PLCC Free-Financing Universal Merchant AAT-7X3XCTYG64VBE;Amazon PLCC Free-Financing Universal Merchant AAT-7CHGD3WTS3MHM;Amazon PLCC Free-Financing Universal Merchant AAT-26ZDKNME27X42;Amazon PLCC Free-Financing Universal Merchant AAT-4ZF5KN6E4LJK4;Amazon PLCC Free-Financing Universal Merchant AAT-7RCXIKUAX7DDY;Amazon PLCC Free-Financing Universal Merchant AAT-BRSZZ45H6MHAO;Amazon PLCC Free-Financing Universal Merchant AAT-MKLXOOZWQL7GO;Amazon PLCC Free-Financing Universal Merchant AAT-CB7UNXEXGIJTC;Amazon PLCC Free-Financing Universal Merchant #MP-gzasho-1593152694811;Amazon PLCC Free-Financing Universal Merchant AAT-WLBA4GZ52EAH4,FALSE,Easy Ship
13,408-7955685-3083534,4/30/2022,Shipped,Amazon,Amazon.in,Expedited,SET182,SET182-KR-DH-XS,Set,XS,B085HS947T,Shipped,1,INR,657,MUMBAI,MAHARASHTRA,400053,IN,,FALSE,
14,408-1298370-1920302,4/30/2022,Shipped - Delivered to Buyer,Merchant,Amazon.in,Standard,J0351,J0351-SET-L,Set,L,B09CSSQY4F,Shipped,1,INR,771,MUMBAI,MAHARASHTRA,400053,IN,Amazon PLCC Free-Financing Universal Merchant AAT-WNKTBO3K27EJC;Amazon PLCC Free-Financing Universal Merchant AAT-QX3UCCJESKPA2;Amazon PLCC Free-Financing Universal Merchant AAT-5QQ7BIYYQEDN2;Amazon PLCC Free-Financing Universal Merchant AAT-DSJ2QRXXWXVMQ;Amazon PLCC Free-Financing Universal Merchant AAT-CXJHMC2YJUK76;Amazon PLCC Free-Financing Universal Merchant AAT-SL3Y2YRMAUNFC;Amazon PLCC Free-Financing Universal Merchant AAT-CC4FAVTYR4X7C;Amazon PLCC Free-Financing Universal Merchant AAT-XXRCW6NZEPZI4;Amazon PLCC Free-Financing Universal Merchant AAT-EOKPWFWYW7Y6I;Amazon PLCC Free-Financing Universal Merchant AAT-ZYL5UPUNW6T62;Amazon PLCC Free-Financing Universal Merchant AAT-ETXQ3XXWMRXBG;Amazon PLCC Free-Financing Universal Merchant AAT-7X3XCTYG64VBE;Amazon PLCC Free-Financing Universal Merchant AAT-7CHGD3WTS3MHM;Amazon PLCC Free-Financing Universal Merchant AAT-26ZDKNME27X42;Amazon PLCC Free-Financing Universal Merchant AAT-4ZF5KN6E4LJK4;Amazon PLCC Free-Financing Universal Merchant AAT-7RCXIKUAX7DDY;Amazon PLCC Free-Financing Universal Merchant AAT-TNYBHEAO7HOHO;Amazon PLCC Free-Financing Universal Merchant AAT-BRSZZ45H6MHAO;Amazon PLCC Free-Financing Universal Merchant AAT-MKLXOOZWQL7GO;Amazon PLCC Free-Financing Universal Merchant AAT-CB7UNXEXGIJTC;Amazon PLCC Free-Financing Universal Merchant #MP-gzasho-1593152694811;Amazon PLCC Free-Financing Universal Merchant AAT-WLBA4GZ52EAH4;Amazon PLCC Free-Financing Universal Merchant AAT-QMFZ3M7T5NPDS;Amazon PLCC Free-Financing Universal Merchant #MP-pmilan-1601980554292,FALSE,Easy Ship
15,403-4965581-9520319,4/30/2022,Shipped - Delivered to Buyer,Merchant,Amazon.in,Standard,PJNE3368,PJNE3368-KR-6XL,kurta,6XL,B09PY99SVJ,Shipped,1,INR,544,GUNTAKAL,ANDHRA PRADESH,515801,IN,Amazon PLCC Free-Financing Universal Merchant AAT-WNKTBO3K27EJC;Amazon PLCC Free-Financing Universal Merchant AAT-QX3UCCJESKPA2;Amazon PLCC Free-Financing Universal Merchant AAT-5QQ7BIYYQEDN2;Amazon PLCC Free-Financing Universal Merchant AAT-DSJ2QRXXWXVMQ;Amazon PLCC Free-Financing Universal Merchant AAT-CXJHMC2YJUK76;Amazon PLCC Free-Financing Universal Merchant AAT-SL3Y2YRMAUNFC;Amazon PLCC Free-Financing Universal Merchant AAT-CC4FAVTYR4X7C;Amazon PLCC Free-Financing Universal Merchant AAT-XXRCW6NZEPZI4;Amazon PLCC Free-Financing Universal Merchant AAT-EOKPWFWYW7Y6I;Amazon PLCC Free-Financing Universal Merchant AAT-ZYL5UPUNW6T62;Amazon PLCC Free-Financing Universal Merchant AAT-ETXQ3XXWMRXBG;Amazon PLCC Free-Financing Universal Merchant AAT-7X3XCTYG64VBE;Amazon PLCC Free-Financing Universal Merchant AAT-7CHGD3WTS3MHM;Amazon PLCC Free-Financing Universal Merchant AAT-26ZDKNME27X42;Amazon PLCC Free-Financing Universal Merchant AAT-4ZF5KN6E4LJK4;Amazon PLCC Free-Financing Universal Merchant AAT-7RCXIKUAX7DDY;Amazon PLCC Free-Financing Universal Merchant AAT-BRSZZ45H6MHAO;Amazon PLCC Free-Financing Universal Merchant AAT-MKLXOOZWQL7GO;Amazon PLCC Free-Financing Universal Merchant AAT-CB7UNXEXGIJTC;Amazon PLCC Free-Financing Universal Merchant #MP-gzasho-1593152694811;Amazon PLCC Free-Financing Universal Merchant AAT-WLBA4GZ52EAH4,FALSE,Easy Ship
16,406-9379318-6555504,4/30/2022,Shipped,Amazon,Amazon.in,Expedited,JNE3721,JNE3721-KR-XXL,kurta,XXL,B099FCT65D,Shipped,1,INR,329,JAIPUR,RAJASTHAN,302020,IN,IN Core Free Shipping 2015/04/08 23-48-5-108,FALSE,
17,405-9013803-8009918,4/30/2022,Shipped,Amazon,Amazon.in,Expedited,JNE3405,JNE3405-KR-XL,kurta,XL,B081WT6GG7,Shipped,1,INR,399,NEW DELHI,DELHI,110074,IN,,FALSE,
18,402-4030358-5835511,4/30/2022,Shipped - Delivered to Buyer,Merchant,Amazon.in,Standard,JNE3697,JNE3697-KR-XXL,kurta,XXL,B098133PV5,Shipped,1,INR,458,Gurgaon,HARYANA,122004,IN,Amazon PLCC Free-Financing Universal Merchant AAT-WNKTBO3K27EJC;Amazon PLCC Free-Financing Universal Merchant AAT-QX3UCCJESKPA2;Amazon PLCC Free-Financing Universal Merchant AAT-5QQ7BIYYQEDN2;Amazon PLCC Free-Financing Universal Merchant AAT-DSJ2QRXXWXVMQ;Amazon PLCC Free-Financing Universal Merchant AAT-CXJHMC2YJUK76;Amazon PLCC Free-Financing Universal Merchant AAT-SL3Y2YRMAUNFC;Amazon PLCC Free-Financing Universal Merchant AAT-CC4FAVTYR4X7C;Amazon PLCC Free-Financing Universal Merchant AAT-XXRCW6NZEPZI4;Amazon PLCC Free-Financing Universal Merchant AAT-EOKPWFWYW7Y6I;Amazon PLCC Free-Financing Universal Merchant AAT-ZYL5UPUNW6T62;Amazon PLCC Free-Financing Universal Merchant AAT-ETXQ3XXWMRXBG;Amazon PLCC Free-Financing Universal Merchant AAT-7X3XCTYG64VBE;Amazon PLCC Free-Financing Universal Merchant AAT-7CHGD3WTS3MHM;Amazon PLCC Free-Financing Universal Merchant AAT-26ZDKNME27X42;Amazon PLCC Free-Financing Universal Merchant AAT-4ZF5KN6E4LJK4;Amazon PLCC Free-Financing Universal Merchant AAT-7RCXIKUAX7DDY;Amazon PLCC Free-Financing Universal Merchant AAT-BRSZZ45H6MHAO;Amazon PLCC Free-Financing Universal Merchant AAT-MKLXOOZWQL7GO;Amazon PLCC Free-Financing Universal Merchant AAT-CB7UNXEXGIJTC;Amazon PLCC Free-Financing Universal Merchant #MP-gzasho-1593152694811;Amazon PLCC Free-Financing Universal Merchant AAT-WLBA4GZ52EAH4;Amazon PLCC Free-Financing Universal Merchant #MP-pmilan-1601980554292,FALSE,Easy Ship
19,405-5957858-1051546,4/30/2022,Shipped,Amazon,Amazon.in,Expedited,SET254,SET254-KR-NP-XS,Set,XS,B0983DDPL6,Shipped,1,INR,886,BENGALURU,KARNATAKA,560017,IN,,FALSE,
20,405-0607769-0716360,4/30/2022,Shipped,Amazon,Amazon.in,Expedited,JNE3795,JNE3795-KR-XXXL,kurta,3XL,B09HMXJVFS,Shipped,1,INR,517,TIRUCHIRAPPALLI,TAMIL NADU,620018,IN,IN Core Free Shipping 2015/04/08 23-48-5-108,FALSE,
21,404-8494550-5860325,4/30/2022,Shipped,Amazon,Amazon.in,Expedited,SET345,SET345-KR-NP-M,Set,M,B09KXV4BN8,Shipped,1,INR,666,BENGALURU,KARNATAKA,560040,IN,IN Core Free Shipping 2015/04/08 23-48-5-108,FALSE,
22,171-1305077-2813934,4/30/2022,Shipped,Amazon,Amazon.in,Expedited,JNE3373,JNE3373-KR-L,kurta,L,B082W7GVH7,Shipped,1,INR,376,HYDERABAD,TELANGANA,500072,IN,,FALSE,
23,404-6019946-2909948,4/30/2022,Cancelled,Merchant,Amazon.in,Standard,SET291,SET291-KR-PP-M,Set,M,B099NK55YG,,0,INR,570.48,pune,MAHARASHTRA,411044,IN,,FALSE,Easy Ship
24,402-3384087-4005164,4/30/2022,Shipped,Amazon,Amazon.in,Expedited,MEN5002,MEN5002-KR-L,kurta,L,B08YYYDN9R,Shipped,1,INR,499,TEZPUR,ASSAM,784001,IN,IN Core Free Shipping 2015/04/08 23-48-5-108,FALSE,
25,405-8191138-5176316,4/30/2022,Shipped - Delivered to Buyer,Merchant,Amazon.in,Standard,NW030,NW030-TP-PJ-XS,Set,XS,B09G2RQSRZ,Shipped,1,INR,582,RANCHI,JHARKHAND,834002,IN,Amazon PLCC Free-Financing Universal Merchant AAT-WNKTBO3K27EJC;Amazon PLCC Free-Financing Universal Merchant AAT-QX3UCCJESKPA2;Amazon PLCC Free-Financing Universal Merchant AAT-5QQ7BIYYQEDN2;Amazon PLCC Free-Financing Universal Merchant AAT-DSJ2QRXXWXVMQ;Amazon PLCC Free-Financing Universal Merchant AAT-CXJHMC2YJUK76;Amazon PLCC Free-Financing Universal Merchant AAT-SL3Y2YRMAUNFC;Amazon PLCC Free-Financing Universal Merchant AAT-CC4FAVTYR4X7C;Amazon PLCC Free-Financing Universal Merchant AAT-XXRCW6NZEPZI4;Amazon PLCC Free-Financing Universal Merchant AAT-WSJLDN3X7KEMO;Amazon PLCC Free-Financing Universal Merchant AAT-VL6FGQVGQVXUS;Amazon PLCC Free-Financing Universal Merchant AAT-EOKPWFWYW7Y6I;Amazon PLCC Free-Financing Universal Merchant AAT-ZYL5UPUNW6T62;Amazon PLCC Free-Financing Universal Merchant AAT-XVPICCHRWDCAI;Amazon PLCC Free-Financing Universal Merchant AAT-ETXQ3XXWMRXBG;Amazon PLCC Free-Financing Universal Merchant AAT-7X3XCTYG64VBE;Amazon PLCC Free-Financing Universal Merchant AAT-7CHGD3WTS3MHM;Amazon PLCC Free-Financing Universal Merchant AAT-26ZDKNME27X42;Amazon PLCC Free-Financing Universal Merchant AAT-4ZF5KN6E4LJK4;Amazon PLCC Free-Financing Universal Merchant AAT-7RCXIKUAX7DDY;Amazon PLCC Free-Financing Universal Merchant AAT-BRSZZ45H6MHAO;Amazon PLCC Free-Financing Universal Merchant AAT-MKLXOOZWQL7GO;Amazon PLCC Free-Financing Universal Merchant AAT-CB7UNXEXGIJTC;Amazon PLCC Free-Financing Universal Merchant #MP-gzasho-1593152694811;Amazon PLCC Free-Financing Universal Merchant AAT-WLBA4GZ52EAH4,FALSE,Easy Ship
26,403-9230474-9657916,4/30/2022,Shipped - Delivered to Buyer,Merchant,Amazon.in,Standard,JNE3415,JNE3415-KR-XXXL,kurta,3XL,B082W8JXJ9,Shipped,1,INR,299,BILASPUR,CHHATTISGARH,495001,IN,Amazon PLCC Free-Financing Universal Merchant AAT-WNKTBO3K27EJC;Amazon PLCC Free-Financing Universal Merchant AAT-QX3UCCJESKPA2;Amazon PLCC Free-Financing Universal Merchant AAT-5QQ7BIYYQEDN2;Amazon PLCC Free-Financing Universal Merchant AAT-DSJ2QRXXWXVMQ;Amazon PLCC Free-Financing Universal Merchant AAT-CXJHMC2YJUK76;Amazon PLCC Free-Financing Universal Merchant AAT-CC4FAVTYR4X7C;Amazon PLCC Free-Financing Universal Merchant AAT-XXRCW6NZEPZI4;Amazon PLCC Free-Financing Universal Merchant AAT-EOKPWFWYW7Y6I;Amazon PLCC Free-Financing Universal Merchant AAT-ETXQ3XXWMRXBG;Amazon PLCC Free-Financing Universal Merchant AAT-7X3XCTYG64VBE;Amazon PLCC Free-Financing Universal Merchant AAT-7CHGD3WTS3MHM;Amazon PLCC Free-Financing Universal Merchant AAT-26ZDKNME27X42;Amazon PLCC Free-Financing Universal Merchant AAT-4ZF5KN6E4LJK4;Amazon PLCC Free-Financing Universal Merchant AAT-7RCXIKUAX7DDY;Amazon PLCC Free-Financing Universal Merchant AAT-BRSZZ45H6MHAO;Amazon PLCC Free-Financing Universal Merchant AAT-MKLXOOZWQL7GO;Amazon PLCC Free-Financing Universal Merchant AAT-CB7UNXEXGIJTC;Amazon PLCC Free-Financing Universal Merchant #MP-gzasho-1593152694811;Amazon PLCC Free-Financing Universal Merchant AAT-WLBA4GZ52EAH4,FALSE,Easy Ship
27,408-3484251-6901959,4/30/2022,Shipped,Amazon,Amazon.in,Expedited,PJNE2199,PJNE2199-KR-N-4XL,kurta,4XL,B09LD2W9XL,Shipped,1,INR,459,PUNE,MAHARASHTRA,411052,IN,,FALSE,
28,405-7755803-4729935,4/30/2022,Shipped,Amazon,Amazon.in,Expedited,JNE3567,JNE3567-KR-M,kurta,M,B08KRXV1QR,Shipped,1,INR,399,BENGALURU,KARNATAKA,560037,IN,IN Core Free Shipping 2015/04/08 23-48-5-108,FALSE,
29,404-5933402-8801952,4/30/2022,Cancelled,Merchant,Amazon.in,Standard,JNE2132,JNE2132-KR-398-XXXL,kurta,3XL,B07JG3CND8,,0,,,GUWAHATI,ASSAM,781003,IN,,FALSE,Easy Ship
30,171-9040274-9291563,4/30/2022,Shipped,Amazon,Amazon.in,Expedited,J0341,J0341-DR-S,Western Dress,S,B099NR7612,Shipped,1,INR,791,THIRUVARUR,TAMIL NADU,613704,IN,IN Core Free Shipping 2015/04/08 23-48-5-108,FALSE,
31,403-7056319-0979561,4/30/2022,Shipped,Amazon,Amazon.in,Expedited,MEN5009,MEN5009-KR-XL,kurta,XL,B08YYTCPYX,Shipped,1,INR,499,LUCKNOW,UTTAR PRADESH,226010,IN,IN Core Free Shipping 2015/04/08 23-48-5-108,FALSE,
32,404-9632124-1107550,4/30/2022,Shipped - Delivered to Buyer,Merchant,Amazon.in,Standard,J0011,J0011-LCD-M,Set,M,B08B3YNJG5,Shipped,1,INR,1233,VISAKHAPATNAM,ANDHRA PRADESH,530016,IN,Amazon PLCC Free-Financing Universal Merchant AAT-WNKTBO3K27EJC;Amazon PLCC Free-Financing Universal Merchant AAT-QX3UCCJESKPA2;Amazon PLCC Free-Financing Universal Merchant AAT-5QQ7BIYYQEDN2;Amazon PLCC Free-Financing Universal Merchant AAT-DSJ2QRXXWXVMQ;Amazon PLCC Free-Financing Universal Merchant AAT-CXJHMC2YJUK76;Amazon PLCC Free-Financing Universal Merchant AAT-SL3Y2YRMAUNFC;Amazon PLCC Free-Financing Universal Merchant AAT-CC4FAVTYR4X7C;Amazon PLCC Free-Financing Universal Merchant AAT-XXRCW6NZEPZI4;Amazon PLCC Free-Financing Universal Merchant AAT-WSJLDN3X7KEMO;Amazon PLCC Free-Financing Universal Merchant AAT-VL6FGQVGQVXUS;Amazon PLCC Free-Financing Universal Merchant AAT-EOKPWFWYW7Y6I;Amazon PLCC Free-Financing Universal Merchant AAT-ZYL5UPUNW6T62;Amazon PLCC Free-Financing Universal Merchant AAT-XVPICCHRWDCAI;Amazon PLCC Free-Financing Universal Merchant AAT-ETXQ3XXWMRXBG;Amazon PLCC Free-Financing Universal Merchant AAT-7X3XCTYG64VBE;Amazon PLCC Free-Financing Universal Merchant AAT-7CHGD3WTS3MHM;Amazon PLCC Free-Financing Universal Merchant AAT-26ZDKNME27X42;Amazon PLCC Free-Financing Universal Merchant AAT-4ZF5KN6E4LJK4;Amazon PLCC Free-Financing Universal Merchant AAT-7RCXIKUAX7DDY;Amazon PLCC Free-Financing Universal Merchant AAT-BRSZZ45H6MHAO;Amazon PLCC Free-Financing Universal Merchant AAT-MKLXOOZWQL7GO;Amazon PLCC Free-Financing Universal Merchant AAT-CB7UNXEXGIJTC;Amazon PLCC Free-Financing Universal Merchant #MP-gzasho-1593152694811;Amazon PLCC Free-Financing Universal Merchant AAT-WLBA4GZ52EAH4,FALSE,Easy Ship
33,402-1465437-0579556,4/30/2022,Shipped - Delivered to Buyer,Merchant,Amazon.in,Standard,JNE3766,JNE3766-KR-M,kurta,M,B09K3XR43V,Shipped,1,INR,517,JEYPUR,ODISHA,764001,IN,Amazon PLCC Free-Financing Universal Merchant AAT-WNKTBO3K27EJC;Amazon PLCC Free-Financing Universal Merchant AAT-QX3UCCJESKPA2;Amazon PLCC Free-Financing Universal Merchant AAT-5QQ7BIYYQEDN2;Amazon PLCC Free-Financing Universal Merchant AAT-DSJ2QRXXWXVMQ;Amazon PLCC Free-Financing Universal Merchant AAT-CXJHMC2YJUK76;Amazon PLCC Free-Financing Universal Merchant AAT-CC4FAVTYR4X7C;Amazon PLCC Free-Financing Universal Merchant AAT-XXRCW6NZEPZI4;Amazon PLCC Free-Financing Universal Merchant AAT-EOKPWFWYW7Y6I;Amazon PLCC Free-Financing Universal Merchant AAT-ZYL5UPUNW6T62;Amazon PLCC Free-Financing Universal Merchant AAT-ETXQ3XXWMRXBG;Amazon PLCC Free-Financing Universal Merchant AAT-7X3XCTYG64VBE;Amazon PLCC Free-Financing Universal Merchant AAT-7CHGD3WTS3MHM;Amazon PLCC Free-Financing Universal Merchant AAT-26ZDKNME27X42;Amazon PLCC Free-Financing Universal Merchant AAT-4ZF5KN6E4LJK4;Amazon PLCC Free-Financing Universal Merchant AAT-7RCXIKUAX7DDY;Amazon PLCC Free-Financing Universal Merchant AAT-BRSZZ45H6MHAO;Amazon PLCC Free-Financing Universal Merchant AAT-MKLXOOZWQL7GO;Amazon PLCC Free-Financing Universal Merchant AAT-CB7UNXEXGIJTC;Amazon PLCC Free-Financing Universal Merchant #MP-gzasho-1593152694811;Amazon PLCC Free-Financing Universal Merchant AAT-WLBA4GZ52EAH4,FALSE,Easy Ship
34,404-7774085-3780319,4/30/2022,Shipped,Amazon,Amazon.in,Expedited,JNE3373,JNE3373-KR-XL,kurta,XL,B082W8BXW1,Shipped,1,INR,376,HYDERABAD,TELANGANA,500028,IN,,FALSE,
35,402-2764952-1492318,4/30/2022,Shipped - Delivered to Buyer,Merchant,Amazon.in,Standard,MEN5001,MEN5001-KR-XL,kurta,XL,B08YYRH2Q6,Shipped,1,INR,499,LUCKNOW,UTTAR PRADESH,226016,IN,Amazon PLCC Free-Financing Universal Merchant AAT-WNKTBO3K27EJC;Amazon PLCC Free-Financing Universal Merchant AAT-QX3UCCJESKPA2;Amazon PLCC Free-Financing Universal Merchant AAT-5QQ7BIYYQEDN2;Amazon PLCC Free-Financing Universal Merchant AAT-DSJ2QRXXWXVMQ;Amazon PLCC Free-Financing Universal Merchant AAT-CXJHMC2YJUK76;Amazon PLCC Free-Financing Universal Merchant AAT-SL3Y2YRMAUNFC;Amazon PLCC Free-Financing Universal Merchant AAT-CC4FAVTYR4X7C;Amazon PLCC Free-Financing Universal Merchant AAT-XXRCW6NZEPZI4;Amazon PLCC Free-Financing Universal Merchant AAT-EOKPWFWYW7Y6I;Amazon PLCC Free-Financing Universal Merchant AAT-ZYL5UPUNW6T62;Amazon PLCC Free-Financing Universal Merchant AAT-ETXQ3XXWMRXBG;Amazon PLCC Free-Financing Universal Merchant AAT-7X3XCTYG64VBE;Amazon PLCC Free-Financing Universal Merchant AAT-7CHGD3WTS3MHM;Amazon PLCC Free-Financing Universal Merchant AAT-26ZDKNME27X42;Amazon PLCC Free-Financing Universal Merchant AAT-4ZF5KN6E4LJK4;Amazon PLCC Free-Financing Universal Merchant AAT-7RCXIKUAX7DDY;Amazon PLCC Free-Financing Universal Merchant AAT-TNYBHEAO7HOHO;Amazon PLCC Free-Financing Universal Merchant AAT-BRSZZ45H6MHAO;Amazon PLCC Free-Financing Universal Merchant AAT-MKLXOOZWQL7GO;Amazon PLCC Free-Financing Universal Merchant AAT-CB7UNXEXGIJTC;Amazon PLCC Free-Financing Universal Merchant #MP-gzasho-1593152694811;Amazon PLCC Free-Financing Universal Merchant AAT-WLBA4GZ52EAH4;Amazon PLCC Free-Financing Universal Merchant AAT-QMFZ3M7T5NPDS;Amazon PLCC Free-Financing Universal Merchant #MP-pmilan-1601980554292,FALSE,Easy Ship
36,406-0272200-7784379,4/30/2022,Shipped,Amazon,Amazon.in,Expedited,SET345,SET345-KR-NP-L,Set,L,B09KXT4VG7,Shipped,1,INR,666,CHENNAI,TAMIL NADU,600033,IN,IN Core Free Shipping 2015/04/08 23-48-5-108,FALSE,
37,403-4367956-2849158,4/30/2022,Shipped,Amazon,Amazon.in,Expedited,JNE3787,JNE3787-KR-S,kurta,S,B09RKBXM5B,Shipped,1,INR,487,NEW DELHI,DELHI,110092,IN,IN Core Free Shipping 2015/04/08 23-48-5-108,FALSE,
38,403-4367956-2849158,4/30/2022,Shipped,Amazon,Amazon.in,Expedited,JNE3543,JNE3543-KR-S,kurta,S,B08HHJP41L,Shipped,1,INR,368,NEW DELHI,DELHI,110092,IN,IN Core Free Shipping 2015/04/08 23-48-5-108,FALSE,
39,403-4242957-8599555,4/30/2022,Shipped,Amazon,Amazon.in,Expedited,JNE3405,JNE3405-KR-L,kurta,L,B081WSCKPQ,Shipped,1,INR,399,THIRUVANANTHAPURAM,KERALA,695011,IN,,FALSE,
40,408-7165704-5643524,4/30/2022,Shipped,Amazon,Amazon.in,Expedited,J0211,J0211-DR-XXL,Ethnic Dress,XXL,B09831VWD9,Shipped,1,INR,699,GREATER NOIDA,UTTAR PRADESH,201306,IN,IN Core Free Shipping 2015/04/08 23-48-5-108,FALSE,
41,402-8210765-3935569,4/30/2022,Shipped,Amazon,Amazon.in,Expedited,J0401,J0401-DR-XXXL,Western Dress,3XL,B09SDXZBGX,Shipped,1,INR,885,JABALPUR,MADHYA PRADESH,482002,IN,IN Core Free Shipping 2015/04/08 23-48-5-108,FALSE,
42,406-7398201-3869914,4/30/2022,Shipped - Delivered to Buyer,Merchant,Amazon.in,Standard,JNE2153,JNE2153-KR-278-A-M,kurta,M,B0794YR85H,Shipped,1,INR,424,MUMBAI,MAHARASHTRA,400092,IN,Amazon PLCC Free-Financing Universal Merchant AAT-WNKTBO3K27EJC;Amazon PLCC Free-Financing Universal Merchant AAT-QX3UCCJESKPA2;Amazon PLCC Free-Financing Universal Merchant AAT-5QQ7BIYYQEDN2;Amazon PLCC Free-Financing Universal Merchant AAT-DSJ2QRXXWXVMQ;Amazon PLCC Free-Financing Universal Merchant AAT-CXJHMC2YJUK76;Amazon PLCC Free-Financing Universal Merchant AAT-CC4FAVTYR4X7C;Amazon PLCC Free-Financing Universal Merchant AAT-XXRCW6NZEPZI4;Amazon PLCC Free-Financing Universal Merchant AAT-EOKPWFWYW7Y6I;Amazon PLCC Free-Financing Universal Merchant AAT-ETXQ3XXWMRXBG;Amazon PLCC Free-Financing Universal Merchant AAT-7X3XCTYG64VBE;Amazon PLCC Free-Financing Universal Merchant AAT-7CHGD3WTS3MHM;Amazon PLCC Free-Financing Universal Merchant AAT-26ZDKNME27X42;Amazon PLCC Free-Financing Universal Merchant AAT-4ZF5KN6E4LJK4;Amazon PLCC Free-Financing Universal Merchant AAT-7RCXIKUAX7DDY;Amazon PLCC Free-Financing Universal Merchant AAT-BRSZZ45H6MHAO;Amazon PLCC Free-Financing Universal Merchant AAT-MKLXOOZWQL7GO;Amazon PLCC Free-Financing Universal Merchant AAT-CB7UNXEXGIJTC;Amazon PLCC Free-Financing Universal Merchant #MP-gzasho-1593152694811;Amazon PLCC Free-Financing Universal Merchant AAT-WLBA4GZ52EAH4,FALSE,Easy Ship
43,408-3478480-0881162,4/30/2022,Shipped,Amazon,Amazon.in,Expedited,SET360,SET360-KR-NP-M,Set,M,B09QJM1D7F,Shipped,1,INR,1126,LUCKNOW,UTTAR PRADESH,226017,IN,IN Core Free Shipping 2015/04/08 23-48-5-108,FALSE,
44,402-7595162-9129931,4/30/2022,Shipped,Amazon,Amazon.in,Expedited,SET268,SET268-KR-NP-L,Set,L,B08XQ8MCKP,Shipped,1,INR,788,MUMBAI,MAHARASHTRA,400076,IN,,FALSE,
45,171-6876154-6233146,4/30/2022,Shipped,Amazon,Amazon.in,Expedited,SET183,SET183-KR-DH-S,Set,S,B08B3Z38TJ,Shipped,1,INR,759,KOLKATA,WEST BENGAL,700014,IN,IN Core Free Shipping 2015/04/08 23-48-5-108,FALSE,
46,408-3917043-5314763,4/30/2022,Shipped,Amazon,Amazon.in,Expedited,J0230,J0230-SKD-L,Set,L,B08XNDL1DL,Shipped,1,INR,1146,ONGOLE,ANDHRA PRADESH,523001,IN,,FALSE,
47,408-9281152-6213100,4/30/2022,Shipped,Amazon,Amazon.in,Expedited,JNE3744,JNE3744-TU-S,Top,S,B0986ZHR9D,Shipped,1,INR,665,SECUNDERABAD,TELANGANA,500017,IN,IN Core Free Shipping 2015/04/08 23-48-5-108,FALSE,
48,403-3496411-3082707,4/30/2022,Shipped,Amazon,Amazon.in,Expedited,JNE3510,JNE3510-KR-S,kurta,S,B08WPTJBBD,Shipped,1,INR,429,HYDERABAD,TELANGANA,500062,IN,IN Core Free Shipping 2015/04/08 23-48-5-108,FALSE,
49,171-9208368-0157156,4/30/2022,Shipped - Delivered to Buyer,Merchant,Amazon.in,Standard,JNE3405,JNE3405-KR-M,kurta,M,B081WVMMCY,Shipped,1,INR,399,KEWALPUR,UTTAR PRADESH,271881,IN,Amazon PLCC Free-Financing Universal Merchant AAT-WNKTBO3K27EJC;Amazon PLCC Free-Financing Universal Merchant AAT-QX3UCCJESKPA2;Amazon PLCC Free-Financing Universal Merchant AAT-5QQ7BIYYQEDN2;Amazon PLCC Free-Financing Universal Merchant AAT-DSJ2QRXXWXVMQ;Amazon PLCC Free-Financing Universal Merchant AAT-CXJHMC2YJUK76;Amazon PLCC Free-Financing Universal Merchant AAT-CC4FAVTYR4X7C;Amazon PLCC Free-Financing Universal Merchant AAT-XXRCW6NZEPZI4;Amazon PLCC Free-Financing Universal Merchant AAT-EOKPWFWYW7Y6I;Amazon PLCC Free-Financing Universal Merchant AAT-ZYL5UPUNW6T62;Amazon PLCC Free-Financing Universal Merchant AAT-ETXQ3XXWMRXBG;Amazon PLCC Free-Financing Universal Merchant AAT-7X3XCTYG64VBE;Amazon PLCC Free-Financing Universal Merchant AAT-7CHGD3WTS3MHM;Amazon PLCC Free-Financing Universal Merchant AAT-26ZDKNME27X42;Amazon PLCC Free-Financing Universal Merchant AAT-4ZF5KN6E4LJK4;Amazon PLCC Free-Financing Universal Merchant AAT-7RCXIKUAX7DDY;Amazon PLCC Free-Financing Universal Merchant AAT-TNYBHEAO7HOHO;Amazon PLCC Free-Financing Universal Merchant AAT-BRSZZ45H6MHAO;Amazon PLCC Free-Financing Universal Merchant AAT-MKLXOOZWQL7GO;Amazon PLCC Free-Financing Universal Merchant AAT-CB7UNXEXGIJTC;Amazon PLCC Free-Financing Universal Merchant #MP-gzasho-1593152694811;Amazon PLCC Free-Financing Universal Merchant AAT-WLBA4GZ52EAH4;Amazon PLCC Free-Financing Universal Merchant AAT-QMFZ3M7T5NPDS;Amazon PLCC Free-Financing Universal Merchant #MP-pmilan-1601980554292,FALSE,Easy Ship
50,408-2137113-0982751,4/30/2022,Shipped,Amazon,Amazon.in,Expedited,J0186,J0186-SET-S,Set,S,B091Z81MLX,Shipped,1,INR,848,CUTTACK,ODISHA,753012,IN,IN Core Free Shipping 2015/04/08 23-48-5-108,FALSE,
51,402-3628566-9688333,4/30/2022,Shipped,Amazon,Amazon.in,Expedited,J0003,J0003-SET-M,Set,M,B0894XH3LN,Shipped,1,INR,654,BADLAPUR,MAHARASHTRA,421503,IN,IN Core Free Shipping 2015/04/08 23-48-5-108,FALSE,
52,408-7138000-9728362,4/30/2022,Shipped,Amazon,Amazon.in,Expedited,SET282,SET282-KR-PP-M,Set,M,B09CTCDDQ4,Shipped,1,INR,1033,dimapur,NAGALAND,797112,IN,IN Core Free Shipping 2015/04/08 23-48-5-108,FALSE,
53,402-1752649-2274748,4/30/2022,Shipped,Amazon,Amazon.in,Expedited,JNE1407,JNE1407-BLACK-KR-UDF18-XL,kurta,XL,B01M4IAS51,Shipped,1,INR,390,BENGALURU,KARNATAKA,560047,IN,,FALSE,
54,402-7944191-1869101,4/30/2022,Shipped,Amazon,Amazon.in,Expedited,J0301,J0301-TP-L,Top,L,B099S6795L,Shipped,1,INR,493,BENGALURU,KARNATAKA,560076,IN,IN Core Free Shipping 2015/04/08 23-48-5-108,FALSE,
55,407-4063876-9566742,4/30/2022,Shipped,Amazon,Amazon.in,Expedited,JNE3869,JNE3869-DR-S,Western Dress,S,B09RK67Y51,Shipped,1,INR,721,WARANGAL,TELANGANA,506001,IN,IN Core Free Shipping 2015/04/08 23-48-5-108,FALSE,
56,403-0752752-4656334,4/30/2022,Shipped,Amazon,Amazon.in,Expedited,SET324,SET324-KR-NP-XS,Set,XS,B09NQ4DD29,Shipped,1,INR,597,DHAULPUR,RAJASTHAN,328024,IN,IN Core Free Shipping 2015/04/08 23-48-5-108,FALSE,
57,406-8879861-2081117,4/30/2022,Shipped,Amazon,Amazon.in,Expedited,JNE3405,JNE3405-KR-L,kurta,L,B081WSCKPQ,Shipped,1,INR,399,GUWAHATI,ASSAM,781029,IN,,FALSE,
58,406-8089333-7941903,4/30/2022,Shipped,Amazon,Amazon.in,Expedited,SET279,SET279-LC-S,Set,S,B09CT6L67S,Shipped,1,INR,888,Bengaluru,KARNATAKA,560103,IN,IN Core Free Shipping 2015/04/08 23-48-5-108,FALSE,
59,171-3072652-6805159,4/30/2022,Shipped,Amazon,Amazon.in,Expedited,JNE2014,JNE2014-KR-178-XXL,kurta,XXL,B077MF72BK,Shipped,1,INR,353,HYDERABAD,TELANGANA,500072,IN,IN Core Free Shipping 2015/04/08 23-48-5-108,FALSE,
60,171-2592464-6846743,4/30/2022,Shipped - Delivered to Buyer,Merchant,Amazon.in,Standard,NW005,NW005-ST-PJ-XL,Set,XL,B0922WJ27J,Shipped,1,INR,599,BENGALURU,KARNATAKA,560023,IN,Amazon PLCC Free-Financing Universal Merchant AAT-WNKTBO3K27EJC;Amazon PLCC Free-Financing Universal Merchant AAT-QX3UCCJESKPA2;Amazon PLCC Free-Financing Universal Merchant AAT-5QQ7BIYYQEDN2;Amazon PLCC Free-Financing Universal Merchant AAT-DSJ2QRXXWXVMQ;Amazon PLCC Free-Financing Universal Merchant AAT-CXJHMC2YJUK76;Amazon PLCC Free-Financing Universal Merchant AAT-CC4FAVTYR4X7C;Amazon PLCC Free-Financing Universal Merchant AAT-XXRCW6NZEPZI4;Amazon PLCC Free-Financing Universal Merchant AAT-EOKPWFWYW7Y6I;Amazon PLCC Free-Financing Universal Merchant AAT-ZYL5UPUNW6T62;Amazon PLCC Free-Financing Universal Merchant AAT-ETXQ3XXWMRXBG;Amazon PLCC Free-Financing Universal Merchant AAT-7X3XCTYG64VBE;Amazon PLCC Free-Financing Universal Merchant AAT-7CHGD3WTS3MHM;Amazon PLCC Free-Financing Universal Merchant AAT-26ZDKNME27X42;Amazon PLCC Free-Financing Universal Merchant AAT-4ZF5KN6E4LJK4;Amazon PLCC Free-Financing Universal Merchant AAT-7RCXIKUAX7DDY;Amazon PLCC Free-Financing Universal Merchant AAT-BRSZZ45H6MHAO;Amazon PLCC Free-Financing Universal Merchant AAT-MKLXOOZWQL7GO;Amazon PLCC Free-Financing Universal Merchant AAT-CB7UNXEXGIJTC;Amazon PLCC Free-Financing Universal Merchant #MP-gzasho-1593152694811;Amazon PLCC Free-Financing Universal Merchant AAT-WLBA4GZ52EAH4,FALSE,Easy Ship
61,404-2262140-4696366,4/30/2022,Shipped,Amazon,Amazon.in,Expedited,JNE2270,JNE2270-KR-487-A-M,kurta,M,B07H7FZD32,Shipped,1,INR,518,NAGPUR,MAHARASHTRA,440022,IN,IN Core Free Shipping 2015/04/08 23-48-5-108,FALSE,
62,404-2262140-4696366,4/30/2022,Shipped,Amazon,Amazon.in,Expedited,JNE3579,JNE3579-KR-M,kurta,M,B08QGK2BS2,Shipped,1,INR,295,NAGPUR,MAHARASHTRA,440022,IN,IN Core Free Shipping 2015/04/08 23-48-5-108,FALSE,
63,405-3594372-1614709,4/30/2022,Shipped,Amazon,Amazon.in,Expedited,SET347,SET347-KR-NP-XS,Set,XS,B09RKFBMYD,Shipped,1,INR,852,GREATER NOIDA,UTTAR PRADESH,201306,IN,IN Core Free Shipping 2015/04/08 23-48-5-108,FALSE,
64,407-2974257-4781134,4/30/2022,Shipped,Amazon,Amazon.in,Expedited,SET264,SET264-KR-NP-M,Set,M,B08YN44FZJ,Shipped,1,INR,824,THANE,MAHARASHTRA,400607,IN,,FALSE,
65,171-4137548-0481151,4/30/2022,Cancelled,Amazon,Amazon.in,Expedited,JNE3373,JNE3373-KR-XXL,kurta,XXL,B082W8RWN1,Cancelled,0,,,Dahod,Gujarat,389151,IN,,FALSE,
66,405-4461562-9113959,4/30/2022,Shipped,Amazon,Amazon.in,Expedited,SET333,SET333-KR-DPT-XXL,Set,XXL,B09RKDZ461,Shipped,1,INR,909,RANCHI,JHARKHAND,834004,IN,IN Core Free Shipping 2015/04/08 23-48-5-108,FALSE,
67,404-4535078-5241919,4/30/2022,Shipped,Amazon,Amazon.in,Expedited,JNE3645,JNE3645-TP-N-L,Top,L,B08ZHNGS54,Shipped,1,INR,432,PUNE,MAHARASHTRA,411014,IN,IN Core Free Shipping 2015/04/08 23-48-5-108,FALSE,
68,405-8387725-2971512,4/30/2022,Shipped,Amazon,Amazon.in,Expedited,SET233,SET233-KR-PP-L,Set,L,B08MXF6MZF,Shipped,1,INR,545,BENGALURU,KARNATAKA,560040,IN,IN Core Free Shipping 2015/04/08 23-48-5-108,FALSE,
69,405-6480932-8759528,4/30/2022,Shipped,Amazon,Amazon.in,Expedited,J0381,J0381-SKD-XXXL,Set,3XL,B09M6VGNX8,Shipped,1,INR,1146,VIJAPURA,KARNATAKA,586201,IN,IN Core Free Shipping 2015/04/08 23-48-5-108,FALSE,
70,405-9966506-3155561,4/30/2022,Shipped - Delivered to Buyer,Merchant,Amazon.in,Standard,JNE3068,JNE3068-KR-A-XL,kurta,XL,B07H7F97S4,Shipped,1,INR,696,CHENNAI,TAMIL NADU,600041,IN,Amazon PLCC Free-Financing Universal Merchant AAT-WNKTBO3K27EJC;Amazon PLCC Free-Financing Universal Merchant AAT-QX3UCCJESKPA2;Amazon PLCC Free-Financing Universal Merchant AAT-5QQ7BIYYQEDN2;Amazon PLCC Free-Financing Universal Merchant AAT-DSJ2QRXXWXVMQ;Amazon PLCC Free-Financing Universal Merchant AAT-CXJHMC2YJUK76;Amazon PLCC Free-Financing Universal Merchant AAT-SL3Y2YRMAUNFC;Amazon PLCC Free-Financing Universal Merchant AAT-CC4FAVTYR4X7C;Amazon PLCC Free-Financing Universal Merchant AAT-XXRCW6NZEPZI4;Amazon PLCC Free-Financing Universal Merchant AAT-EOKPWFWYW7Y6I;Amazon PLCC Free-Financing Universal Merchant AAT-ZYL5UPUNW6T62;Amazon PLCC Free-Financing Universal Merchant AAT-H56TELQ6BG7EC;Amazon PLCC Free-Financing Universal Merchant AAT-ETXQ3XXWMRXBG;Amazon PLCC Free-Financing Universal Merchant AAT-7X3XCTYG64VBE;Amazon PLCC Free-Financing Universal Merchant AAT-7CHGD3WTS3MHM;Amazon PLCC Free-Financing Universal Merchant AAT-26ZDKNME27X42;Amazon PLCC Free-Financing Universal Merchant AAT-4ZF5KN6E4LJK4;Amazon PLCC Free-Financing Universal Merchant AAT-7RCXIKUAX7DDY;Amazon PLCC Free-Financing Universal Merchant AAT-TNYBHEAO7HOHO;Amazon PLCC Free-Financing Universal Merchant AAT-BRSZZ45H6MHAO;Amazon PLCC Free-Financing Universal Merchant AAT-MKLXOOZWQL7GO;Amazon PLCC Free-Financing Universal Merchant AAT-CB7UNXEXGIJTC;Amazon PLCC Free-Financing Universal Merchant #MP-gzasho-1593152694811;Amazon PLCC Free-Financing Universal Merchant AAT-WLBA4GZ52EAH4;Amazon PLCC Free-Financing Universal Merchant AAT-QMFZ3M7T5NPDS;Amazon PLCC Free-Financing Universal Merchant #MP-pmilan-1601980554292,FALSE,Easy Ship
71,408-7029737-8028367,4/30/2022,Shipped,Amazon,Amazon.in,Expedited,JNE3718,JNE3718-KR-M,kurta,M,B099FB63Q6,Shipped,1,INR,432,MUMBAI,MAHARASHTRA,400080,IN,,FALSE,
72,407-2189901-7515567,4/30/2022,Shipped - Delivered to Buyer,Merchant,Amazon.in,Standard,SET386,SET386-KR-NP-S,Set,S,B09K3YFPSS,Shipped,1,INR,631,bangalore,KARNATAKA,560001,IN,Amazon PLCC Free-Financing Universal Merchant AAT-WNKTBO3K27EJC;Amazon PLCC Free-Financing Universal Merchant AAT-QX3UCCJESKPA2;Amazon PLCC Free-Financing Universal Merchant AAT-5QQ7BIYYQEDN2;Amazon PLCC Free-Financing Universal Merchant AAT-DSJ2QRXXWXVMQ;Amazon PLCC Free-Financing Universal Merchant AAT-CXJHMC2YJUK76;Amazon PLCC Free-Financing Universal Merchant AAT-CC4FAVTYR4X7C;Amazon PLCC Free-Financing Universal Merchant AAT-XXRCW6NZEPZI4;Amazon PLCC Free-Financing Universal Merchant AAT-EOKPWFWYW7Y6I;Amazon PLCC Free-Financing Universal Merchant AAT-ZYL5UPUNW6T62;Amazon PLCC Free-Financing Universal Merchant AAT-ETXQ3XXWMRXBG;Amazon PLCC Free-Financing Universal Merchant AAT-7X3XCTYG64VBE;Amazon PLCC Free-Financing Universal Merchant AAT-7CHGD3WTS3MHM;Amazon PLCC Free-Financing Universal Merchant AAT-26ZDKNME27X42;Amazon PLCC Free-Financing Universal Merchant AAT-4ZF5KN6E4LJK4;Amazon PLCC Free-Financing Universal Merchant AAT-7RCXIKUAX7DDY;Amazon PLCC Free-Financing Universal Merchant AAT-BRSZZ45H6MHAO;Amazon PLCC Free-Financing Universal Merchant AAT-MKLXOOZWQL7GO;Amazon PLCC Free-Financing Universal Merchant AAT-CB7UNXEXGIJTC;Amazon PLCC Free-Financing Universal Merchant #MP-gzasho-1593152694811;Amazon PLCC Free-Financing Universal Merchant AAT-WLBA4GZ52EAH4,FALSE,Easy Ship
73,402-2105657-2899562,4/30/2022,Shipped,Amazon,Amazon.in,Expedited,JNE3745,JNE3745-KR-XXL,kurta,XXL,B09K3WDYB6,Shipped,1,INR,316,BENGALURU,KARNATAKA,560098,IN,,FALSE,
74,406-1326801-8886709,4/30/2022,Shipped - Delivered to Buyer,Merchant,Amazon.in,Standard,JNE3467,JNE3467-KR-XL,kurta,XL,B08CDQKS84,Shipped,1,INR,362,BERHAMPUR,ODISHA,760002,IN,Amazon PLCC Free-Financing Universal Merchant AAT-WNKTBO3K27EJC;Amazon PLCC Free-Financing Universal Merchant AAT-QX3UCCJESKPA2;Amazon PLCC Free-Financing Universal Merchant AAT-5QQ7BIYYQEDN2;Amazon PLCC Free-Financing Universal Merchant AAT-DSJ2QRXXWXVMQ;Amazon PLCC Free-Financing Universal Merchant AAT-CXJHMC2YJUK76;Amazon PLCC Free-Financing Universal Merchant AAT-CC4FAVTYR4X7C;Amazon PLCC Free-Financing Universal Merchant AAT-XXRCW6NZEPZI4;Amazon PLCC Free-Financing Universal Merchant AAT-R7GXNZWISTRFA;Amazon PLCC Free-Financing Universal Merchant AAT-WSJLDN3X7KEMO;Amazon PLCC Free-Financing Universal Merchant AAT-VL6FGQVGQVXUS;Amazon PLCC Free-Financing Universal Merchant AAT-EOKPWFWYW7Y6I;Amazon PLCC Free-Financing Universal Merchant AAT-ZYL5UPUNW6T62;Amazon PLCC Free-Financing Universal Merchant AAT-ETXQ3XXWMRXBG;Amazon PLCC Free-Financing Universal Merchant AAT-7X3XCTYG64VBE;Amazon PLCC Free-Financing Universal Merchant AAT-7CHGD3WTS3MHM;Amazon PLCC Free-Financing Universal Merchant AAT-26ZDKNME27X42;Amazon PLCC Free-Financing Universal Merchant AAT-4ZF5KN6E4LJK4;Amazon PLCC Free-Financing Universal Merchant AAT-7RCXIKUAX7DDY;Amazon PLCC Free-Financing Universal Merchant AAT-BRSZZ45H6MHAO;Amazon PLCC Free-Financing Universal Merchant AAT-MKLXOOZWQL7GO;Amazon PLCC Free-Financing Universal Merchant AAT-CB7UNXEXGIJTC;Amazon PLCC Free-Financing Universal Merchant #MP-gzasho-1593152694811;Amazon PLCC Free-Financing Universal Merchant AAT-WLBA4GZ52EAH4,FALSE,Easy Ship
75,408-7760667-5809130,4/30/2022,Shipped,Amazon,Amazon.in,Expedited,JNE3721,JNE3721-KR-L,kurta,L,B099FBM4FZ,Shipped,1,INR,329,HYDERABAD,TELANGANA,500085,IN,IN Core Free Shipping 2015/04/08 23-48-5-108,FALSE,
76,405-8457623-9269955,4/30/2022,Shipped,Amazon,Amazon.in,Expedited,JNE3405,JNE3405-KR-XXL,kurta,XXL,B081WSL2JS,Shipped,1,INR,399,PUNE,MAHARASHTRA,411045,IN,,FALSE,
77,408-6820155-3521913,4/30/2022,Shipped,Amazon,Amazon.in,Expedited,SET295,SET295-KR-NP-XXXL,Set,3XL,B09PN3GVMZ,Shipped,1,INR,751,TEZPUR,ASSAM,784001,IN,IN Core Free Shipping 2015/04/08 23-48-5-108,FALSE,
78,403-6190683-2687538,4/30/2022,Shipped,Amazon,Amazon.in,Expedited,JNE3861,JNE3861-DR-XL,Western Dress,XL,B09SDZ14KR,Shipped,1,INR,791,HIMMATNAGAR,Gujarat,383001,IN,,FALSE,
79,408-4069830-3819562,4/30/2022,Shipped,Amazon,Amazon.in,Expedited,SET288,SET288-KR-NP-XXXL,Set,3XL,B09M6STTBC,Shipped,1,INR,684,Kolkata,WEST BENGAL,700048,IN,IN Core Free Shipping 2015/04/08 23-48-5-108,FALSE,
80,408-4069830-3819562,4/30/2022,Shipped,Amazon,Amazon.in,Expedited,SET394,SET394-KR-NP-XXXL,Set,3XL,B09TH6R8K4,Shipped,1,INR,1281,Kolkata,WEST BENGAL,700048,IN,IN Core Free Shipping 2015/04/08 23-48-5-108,FALSE,
81,408-4069830-3819562,4/30/2022,Shipped,Amazon,Amazon.in,Expedited,SET397,SET397-KR-NP-XXXL,Set,3XL,B09RKDPH6J,Shipped,1,INR,1186,Kolkata,WEST BENGAL,700048,IN,IN Core Free Shipping 2015/04/08 23-48-5-108,FALSE,
82,171-7367545-7081126,4/30/2022,Shipped,Amazon,Amazon.in,Expedited,MEN5002,MEN5002-KR-XXL,kurta,XXL,B08YZ1HZ7B,Shipped,1,INR,499,HYDERABAD,TELANGANA,502032,IN,IN Core Free Shipping 2015/04/08 23-48-5-108,FALSE,
83,404-6522553-9345930,4/30/2022,Cancelled,Merchant,Amazon.in,Standard,SET377,SET377-KR-NP-M,Set,M,B09TZV23QS,,0,INR,1105.36,DEHRADUN,UTTARAKHAND,248001,IN,,FALSE,Easy Ship
84,403-9950518-0349133,4/30/2022,Cancelled,Amazon,Amazon.in,Expedited,JNE3510,JNE3510-KR-M,kurta,M,B08WPR5MCB,Cancelled,0,,,HYDERABAD,TELANGANA,500072,IN,,FALSE,
85,407-6599093-6553153,4/30/2022,Shipped - Delivered to Buyer,Merchant,Amazon.in,Standard,BTM038,BTM038-PP-XXXL,Bottom,3XL,B08KR9JYNQ,Shipped,1,INR,377,KOLKATA,WEST BENGAL,700078,IN,Amazon PLCC Free-Financing Universal Merchant AAT-WNKTBO3K27EJC;Amazon PLCC Free-Financing Universal Merchant AAT-QX3UCCJESKPA2;Amazon PLCC Free-Financing Universal Merchant AAT-5QQ7BIYYQEDN2;Amazon PLCC Free-Financing Universal Merchant AAT-DSJ2QRXXWXVMQ;Amazon PLCC Free-Financing Universal Merchant AAT-CXJHMC2YJUK76;Amazon PLCC Free-Financing Universal Merchant AAT-CC4FAVTYR4X7C;Amazon PLCC Free-Financing Universal Merchant AAT-XXRCW6NZEPZI4;Amazon PLCC Free-Financing Universal Merchant AAT-R7GXNZWISTRFA;Amazon PLCC Free-Financing Universal Merchant AAT-EOKPWFWYW7Y6I;Amazon PLCC Free-Financing Universal Merchant AAT-ETXQ3XXWMRXBG;Amazon PLCC Free-Financing Universal Merchant AAT-7X3XCTYG64VBE;Amazon PLCC Free-Financing Universal Merchant AAT-7CHGD3WTS3MHM;Amazon PLCC Free-Financing Universal Merchant AAT-26ZDKNME27X42;Amazon PLCC Free-Financing Universal Merchant AAT-4ZF5KN6E4LJK4;Amazon PLCC Free-Financing Universal Merchant AAT-7RCXIKUAX7DDY;Amazon PLCC Free-Financing Universal Merchant AAT-BRSZZ45H6MHAO;Amazon PLCC Free-Financing Universal Merchant AAT-MKLXOOZWQL7GO;Amazon PLCC Free-Financing Universal Merchant AAT-CB7UNXEXGIJTC;Amazon PLCC Free-Financing Universal Merchant #MP-gzasho-1593152694811;Amazon PLCC Free-Financing Universal Merchant AAT-WLBA4GZ52EAH4,FALSE,Easy Ship
86,403-3763475-2237125,4/30/2022,Shipped,Amazon,Amazon.in,Expedited,J0343,J0343-DR-M,Western Dress,M,B0982ZJ666,Shipped,1,INR,744,DHARMAPURI,TAMIL NADU,636705,IN,IN Core Free Shipping 2015/04/08 23-48-5-108,FALSE,
87,405-1492294-0323520,4/30/2022,Shipped,Amazon,Amazon.in,Expedited,J0341,J0341-DR-XL,Western Dress,XL,B099NQJZPQ,Shipped,1,INR,744,DEHRADUN,UTTARAKHAND,248005,IN,IN Core Free Shipping 2015/04/08 23-48-5-108,FALSE,
88,403-1162895-2484367,4/30/2022,Shipped - Delivered to Buyer,Merchant,Amazon.in,Standard,J0295,J0295-DR-XXL,Western Dress,XXL,B099NSGTJ9,Shipped,1,INR,859,JAIPUR,RAJASTHAN,303905,IN,Amazon PLCC Free-Financing Universal Merchant AAT-WNKTBO3K27EJC;Amazon PLCC Free-Financing Universal Merchant AAT-QX3UCCJESKPA2;Amazon PLCC Free-Financing Universal Merchant AAT-5QQ7BIYYQEDN2;Amazon PLCC Free-Financing Universal Merchant AAT-DSJ2QRXXWXVMQ;Amazon PLCC Free-Financing Universal Merchant AAT-CXJHMC2YJUK76;Amazon PLCC Free-Financing Universal Merchant AAT-CC4FAVTYR4X7C;Amazon PLCC Free-Financing Universal Merchant AAT-XXRCW6NZEPZI4;Amazon PLCC Free-Financing Universal Merchant AAT-EOKPWFWYW7Y6I;Amazon PLCC Free-Financing Universal Merchant AAT-ZYL5UPUNW6T62;Amazon PLCC Free-Financing Universal Merchant AAT-ETXQ3XXWMRXBG;Amazon PLCC Free-Financing Universal Merchant AAT-7X3XCTYG64VBE;Amazon PLCC Free-Financing Universal Merchant AAT-7CHGD3WTS3MHM;Amazon PLCC Free-Financing Universal Merchant AAT-26ZDKNME27X42;Amazon PLCC Free-Financing Universal Merchant AAT-4ZF5KN6E4LJK4;Amazon PLCC Free-Financing Universal Merchant AAT-7RCXIKUAX7DDY;Amazon PLCC Free-Financing Universal Merchant AAT-BRSZZ45H6MHAO;Amazon PLCC Free-Financing Universal Merchant AAT-MKLXOOZWQL7GO;Amazon PLCC Free-Financing Universal Merchant AAT-CB7UNXEXGIJTC;Amazon PLCC Free-Financing Universal Merchant #MP-gzasho-1593152694811;Amazon PLCC Free-Financing Universal Merchant AAT-WLBA4GZ52EAH4,FALSE,Easy Ship
89,171-6833843-5473114,4/30/2022,Shipped,Amazon,Amazon.in,Expedited,JNE3560,JNE3560-KR-M,kurta,M,B08PCVMF6R,Shipped,1,INR,487,VADODARA,Gujarat,390019,IN,,FALSE,
90,403-1477057-8253913,4/30/2022,Shipped,Amazon,Amazon.in,Expedited,J0333,J0333-DR-XXXL,Western Dress,3XL,B0983121HP,Shipped,1,INR,825,CHAVAKKAD,KERALA,680506,IN,IN Core Free Shipping 2015/04/08 23-48-5-108,FALSE,
91,408-2114413-6089906,4/30/2022,Shipped,Amazon,Amazon.in,Expedited,SET389,SET389-KR-NP-M,Set,M,B09KXTTVB5,Shipped,1,INR,680,PATNA,BIHAR,800026,IN,IN Core Free Shipping 2015/04/08 23-48-5-108,FALSE,
92,405-1879750-2639521,4/30/2022,Shipped - Delivered to Buyer,Merchant,Amazon.in,Standard,JNE3801,JNE3801-KR-XXXL,kurta,3XL,B09SDYSR1F,Shipped,1,INR,725,CHENNAI,TAMIL NADU,600028,IN,Amazon PLCC Free-Financing Universal Merchant AAT-WNKTBO3K27EJC;Amazon PLCC Free-Financing Universal Merchant AAT-QX3UCCJESKPA2;Amazon PLCC Free-Financing Universal Merchant AAT-5QQ7BIYYQEDN2;Amazon PLCC Free-Financing Universal Merchant AAT-DSJ2QRXXWXVMQ;Amazon PLCC Free-Financing Universal Merchant AAT-CXJHMC2YJUK76;Amazon PLCC Free-Financing Universal Merchant AAT-SL3Y2YRMAUNFC;Amazon PLCC Free-Financing Universal Merchant AAT-CC4FAVTYR4X7C;Amazon PLCC Free-Financing Universal Merchant AAT-XXRCW6NZEPZI4;Amazon PLCC Free-Financing Universal Merchant AAT-EOKPWFWYW7Y6I;Amazon PLCC Free-Financing Universal Merchant AAT-ZYL5UPUNW6T62;Amazon PLCC Free-Financing Universal Merchant AAT-ETXQ3XXWMRXBG;Amazon PLCC Free-Financing Universal Merchant AAT-7X3XCTYG64VBE;Amazon PLCC Free-Financing Universal Merchant AAT-7CHGD3WTS3MHM;Amazon PLCC Free-Financing Universal Merchant AAT-26ZDKNME27X42;Amazon PLCC Free-Financing Universal Merchant AAT-4ZF5KN6E4LJK4;Amazon PLCC Free-Financing Universal Merchant AAT-7RCXIKUAX7DDY;Amazon PLCC Free-Financing Universal Merchant AAT-TNYBHEAO7HOHO;Amazon PLCC Free-Financing Universal Merchant AAT-BRSZZ45H6MHAO;Amazon PLCC Free-Financing Universal Merchant AAT-MKLXOOZWQL7GO;Amazon PLCC Free-Financing Universal Merchant AAT-CB7UNXEXGIJTC;Amazon PLCC Free-Financing Universal Merchant #MP-gzasho-1593152694811;Amazon PLCC Free-Financing Universal Merchant AAT-WLBA4GZ52EAH4;Amazon PLCC Free-Financing Universal Merchant AAT-QMFZ3M7T5NPDS;Amazon PLCC Free-Financing Universal Merchant #MP-pmilan-1601980554292,FALSE,Easy Ship
93,406-5727754-5302723,4/30/2022,Shipped,Amazon,Amazon.in,Expedited,SET098,SET098-KR-PP-M,Set,M,B07X3K4L82,Shipped,1,INR,696,VADODARA,Gujarat,390018,IN,IN Core Free Shipping 2015/04/08 23-48-5-108,FALSE,
94,405-0901744-8270705,4/30/2022,Shipped,Amazon,Amazon.in,Expedited,MEN5013,MEN5013-KR-L,kurta,L,B08YYR9G96,Shipped,1,INR,499,VADODARA,Gujarat,390003,IN,IN Core Free Shipping 2015/04/08 23-48-5-108,FALSE,
95,405-9112089-3379536,4/30/2022,Cancelled,Amazon,Amazon.in,Expedited,JNE3405,JNE3405-KR-L,kurta,L,B081WSCKPQ,Cancelled,0,,,PUNE,MAHARASHTRA,411046,IN,,FALSE,
96,408-6357132-2310703,4/30/2022,Shipped,Amazon,Amazon.in,Expedited,J0003,J0003-SET-L,Set,L,B0894Y4PNG,Shipped,1,INR,696,Jammu,JAMMU & KASHMIR,180011,IN,IN Core Free Shipping 2015/04/08 23-48-5-108,FALSE,
97,406-5334922-9670748,4/30/2022,Shipped,Amazon,Amazon.in,Expedited,JNE3718,JNE3718-KR-XXXL,kurta,3XL,B099NJ1WVX,Shipped,1,INR,406,bangalore,KARNATAKA,560026,IN,,FALSE,
98,402-8519791-3706738,4/30/2022,Shipped,Amazon,Amazon.in,Expedited,SET347,SET347-KR-NP-S,Set,S,B09RKDJ9SQ,Shipped,1,INR,852,NEW DELHI,DELHI,110036,IN,IN Core Free Shipping 2015/04/08 23-48-5-108,FALSE,
99,408-1830318-0357940,4/30/2022,Shipped,Amazon,Amazon.in,Expedited,JNE3405,JNE3405-KR-XXL,kurta,XXL,B081WSL2JS,Shipped,1,INR,399,NARNAUND,HARYANA,125039,IN,,FALSE,
100,406-5103760-7326749,4/30/2022,Shipped,Amazon,Amazon.in,Expedited,JNE3391,JNE3391-KR-XXL,kurta,XXL,B081WYHTF2,Shipped,1,INR,432,Ahmedabad,Gujarat,380051,IN,,FALSE,
101,402-7841951-1872363,4/30/2022,Cancelled,Amazon,Amazon.in,Expedited,SET347,SET347-KR-NP-S,Set,S,B09RKDJ9SQ,Cancelled,0,,,NEW DELHI,DELHI,110036,IN,,FALSE,
102,408-7698765-2294756,4/30/2022,Shipped - Delivered to Buyer,Merchant,Amazon.in,Standard,SET277,SET277-KR-NP-XXL,Set,XXL,B0983FZLXC,Shipped,1,INR,1338,AMBARNATH,MAHARASHTRA,421502,IN,Amazon PLCC Free-Financing Universal Merchant AAT-WNKTBO3K27EJC;Amazon PLCC Free-Financing Universal Merchant AAT-QX3UCCJESKPA2;Amazon PLCC Free-Financing Universal Merchant AAT-5QQ7BIYYQEDN2;Amazon PLCC Free-Financing Universal Merchant AAT-DSJ2QRXXWXVMQ;Amazon PLCC Free-Financing Universal Merchant AAT-CXJHMC2YJUK76;Amazon PLCC Free-Financing Universal Merchant AAT-SL3Y2YRMAUNFC;Amazon PLCC Free-Financing Universal Merchant AAT-CC4FAVTYR4X7C;Amazon PLCC Free-Financing Universal Merchant AAT-XXRCW6NZEPZI4;Amazon PLCC Free-Financing Universal Merchant AAT-EOKPWFWYW7Y6I;Amazon PLCC Free-Financing Universal Merchant AAT-ZYL5UPUNW6T62;Amazon PLCC Free-Financing Universal Merchant AAT-ETXQ3XXWMRXBG;Amazon PLCC Free-Financing Universal Merchant AAT-7X3XCTYG64VBE;Amazon PLCC Free-Financing Universal Merchant AAT-7CHGD3WTS3MHM;Amazon PLCC Free-Financing Universal Merchant AAT-26ZDKNME27X42;Amazon PLCC Free-Financing Universal Merchant AAT-4ZF5KN6E4LJK4;Amazon PLCC Free-Financing Universal Merchant AAT-7RCXIKUAX7DDY;Amazon PLCC Free-Financing Universal Merchant AAT-BRSZZ45H6MHAO;Amazon PLCC Free-Financing Universal Merchant AAT-MKLXOOZWQL7GO;Amazon PLCC Free-Financing Universal Merchant AAT-CB7UNXEXGIJTC;Amazon PLCC Free-Financing Universal Merchant #MP-gzasho-1593152694811;Amazon PLCC Free-Financing Universal Merchant AAT-WLBA4GZ52EAH4;Amazon PLCC Free-Financing Universal Merchant #MP-pmilan-1601980554292,FALSE,Easy Ship
103,404-1856281-9996319,4/30/2022,Shipped - Delivered to Buyer,Merchant,Amazon.in,Standard,J0293,J0293-DR-S,Western Dress,S,B099NQ1SKZ,Shipped,1,INR,472,GWALIOR,MADHYA PRADESH,474005,IN,Amazon PLCC Free-Financing Universal Merchant AAT-WNKTBO3K27EJC;Amazon PLCC Free-Financing Universal Merchant AAT-QX3UCCJESKPA2;Amazon PLCC Free-Financing Universal Merchant AAT-5QQ7BIYYQEDN2;Amazon PLCC Free-Financing Universal Merchant AAT-DSJ2QRXXWXVMQ;Amazon PLCC Free-Financing Universal Merchant AAT-CXJHMC2YJUK76;Amazon PLCC Free-Financing Universal Merchant AAT-CC4FAVTYR4X7C;Amazon PLCC Free-Financing Universal Merchant AAT-XXRCW6NZEPZI4;Amazon PLCC Free-Financing Universal Merchant AAT-EOKPWFWYW7Y6I;Amazon PLCC Free-Financing Universal Merchant AAT-ETXQ3XXWMRXBG;Amazon PLCC Free-Financing Universal Merchant AAT-7X3XCTYG64VBE;Amazon PLCC Free-Financing Universal Merchant AAT-7CHGD3WTS3MHM;Amazon PLCC Free-Financing Universal Merchant AAT-26ZDKNME27X42;Amazon PLCC Free-Financing Universal Merchant AAT-4ZF5KN6E4LJK4;Amazon PLCC Free-Financing Universal Merchant AAT-7RCXIKUAX7DDY;Amazon PLCC Free-Financing Universal Merchant AAT-TNYBHEAO7HOHO;Amazon PLCC Free-Financing Universal Merchant AAT-BRSZZ45H6MHAO;Amazon PLCC Free-Financing Universal Merchant AAT-MKLXOOZWQL7GO;Amazon PLCC Free-Financing Universal Merchant AAT-CB7UNXEXGIJTC;Amazon PLCC Free-Financing Universal Merchant #MP-gzasho-1593152694811;Amazon PLCC Free-Financing Universal Merchant AAT-WLBA4GZ52EAH4;Amazon PLCC Free-Financing Universal Merchant AAT-QMFZ3M7T5NPDS;Amazon PLCC Free-Financing Universal Merchant #MP-pmilan-1601980554292,FALSE,Easy Ship
104,406-5406738-7113145,4/30/2022,Shipped,Amazon,Amazon.in,Expedited,SET268,SET268-KR-NP-L,Set,L,B08XQ8MCKP,Shipped,1,INR,788,NEW DELHI,DELHI,110078,IN,IN Core Free Shipping 2015/04/08 23-48-5-108,FALSE,
105,405-5257740-5301158,4/30/2022,Shipped - Delivered to Buyer,Merchant,Amazon.in,Standard,SET154,SET154-KR-NP-XL,Set,XL,B082PXMCZ4,Shipped,1,INR,832,ROHTAK,HARYANA,124001,IN,Amazon PLCC Free-Financing Universal Merchant AAT-WNKTBO3K27EJC;Amazon PLCC Free-Financing Universal Merchant AAT-QX3UCCJESKPA2;Amazon PLCC Free-Financing Universal Merchant AAT-5QQ7BIYYQEDN2;Amazon PLCC Free-Financing Universal Merchant AAT-DSJ2QRXXWXVMQ;Amazon PLCC Free-Financing Universal Merchant AAT-CXJHMC2YJUK76;Amazon PLCC Free-Financing Universal Merchant AAT-SL3Y2YRMAUNFC;Amazon PLCC Free-Financing Universal Merchant AAT-CC4FAVTYR4X7C;Amazon PLCC Free-Financing Universal Merchant AAT-XXRCW6NZEPZI4;Amazon PLCC Free-Financing Universal Merchant AAT-EOKPWFWYW7Y6I;Amazon PLCC Free-Financing Universal Merchant AAT-ZYL5UPUNW6T62;Amazon PLCC Free-Financing Universal Merchant AAT-ETXQ3XXWMRXBG;Amazon PLCC Free-Financing Universal Merchant AAT-7X3XCTYG64VBE;Amazon PLCC Free-Financing Universal Merchant AAT-7CHGD3WTS3MHM;Amazon PLCC Free-Financing Universal Merchant AAT-26ZDKNME27X42;Amazon PLCC Free-Financing Universal Merchant AAT-4ZF5KN6E4LJK4;Amazon PLCC Free-Financing Universal Merchant AAT-7RCXIKUAX7DDY;Amazon PLCC Free-Financing Universal Merchant AAT-TNYBHEAO7HOHO;Amazon PLCC Free-Financing Universal Merchant AAT-BRSZZ45H6MHAO;Amazon PLCC Free-Financing Universal Merchant AAT-MKLXOOZWQL7GO;Amazon PLCC Free-Financing Universal Merchant AAT-CB7UNXEXGIJTC;Amazon PLCC Free-Financing Universal Merchant #MP-gzasho-1593152694811;Amazon PLCC Free-Financing Universal Merchant AAT-WLBA4GZ52EAH4;Amazon PLCC Free-Financing Universal Merchant AAT-QMFZ3M7T5NPDS;Amazon PLCC Free-Financing Universal Merchant #MP-pmilan-1601980554292,FALSE,Easy Ship
106,405-5257740-5301158,4/30/2022,Shipped - Delivered to Buyer,Merchant,Amazon.in,Standard,JNE3439,JNE3439-KR-XL,kurta,XL,B081X4KQ14,Shipped,1,INR,399,ROHTAK,HARYANA,124001,IN,Amazon PLCC Free-Financing Universal Merchant AAT-WNKTBO3K27EJC;Amazon PLCC Free-Financing Universal Merchant AAT-QX3UCCJESKPA2;Amazon PLCC Free-Financing Universal Merchant AAT-5QQ7BIYYQEDN2;Amazon PLCC Free-Financing Universal Merchant AAT-DSJ2QRXXWXVMQ;Amazon PLCC Free-Financing Universal Merchant AAT-CXJHMC2YJUK76;Amazon PLCC Free-Financing Universal Merchant AAT-SL3Y2YRMAUNFC;Amazon PLCC Free-Financing Universal Merchant AAT-CC4FAVTYR4X7C;Amazon PLCC Free-Financing Universal Merchant AAT-XXRCW6NZEPZI4;Amazon PLCC Free-Financing Universal Merchant AAT-EOKPWFWYW7Y6I;Amazon PLCC Free-Financing Universal Merchant AAT-ZYL5UPUNW6T62;Amazon PLCC Free-Financing Universal Merchant AAT-ETXQ3XXWMRXBG;Amazon PLCC Free-Financing Universal Merchant AAT-7X3XCTYG64VBE;Amazon PLCC Free-Financing Universal Merchant AAT-7CHGD3WTS3MHM;Amazon PLCC Free-Financing Universal Merchant AAT-26ZDKNME27X42;Amazon PLCC Free-Financing Universal Merchant AAT-4ZF5KN6E4LJK4;Amazon PLCC Free-Financing Universal Merchant AAT-7RCXIKUAX7DDY;Amazon PLCC Free-Financing Universal Merchant AAT-TNYBHEAO7HOHO;Amazon PLCC Free-Financing Universal Merchant AAT-BRSZZ45H6MHAO;Amazon PLCC Free-Financing Universal Merchant AAT-MKLXOOZWQL7GO;Amazon PLCC Free-Financing Universal Merchant AAT-CB7UNXEXGIJTC;Amazon PLCC Free-Financing Universal Merchant #MP-gzasho-1593152694811;Amazon PLCC Free-Financing Universal Merchant AAT-WLBA4GZ52EAH4;Amazon PLCC Free-Financing Universal Merchant AAT-QMFZ3M7T5NPDS;Amazon PLCC Free-Financing Universal Merchant #MP-pmilan-1601980554292,FALSE,Easy Ship
107,405-2072502-4089911,4/30/2022,Shipped,Amazon,Amazon.in,Expedited,SET291,SET291-KR-PP-XL,Set,XL,B099NJV9X7,Shipped,1,INR,599,ROHTAK,HARYANA,124001,IN,IN Core Free Shipping 2015/04/08 23-48-5-108,FALSE,
108,405-0882561-5952340,4/30/2022,Shipped,Amazon,Amazon.in,Expedited,SET293,SET293-KR-NP-M,Set,M,B09K3LJWBB,Shipped,1,INR,692,Kolkata,WEST BENGAL,700156,IN,,FALSE,
109,403-7266170-1163500,4/30/2022,Shipped - Delivered to Buyer,Merchant,Amazon.in,Standard,JNE3648,JNE3648-TP-N-M,Top,M,B08ZH9GDTY,Shipped,1,INR,518,MUMBAI,MAHARASHTRA,400076,IN,Amazon PLCC Free-Financing Universal Merchant AAT-WNKTBO3K27EJC;Amazon PLCC Free-Financing Universal Merchant AAT-QX3UCCJESKPA2;Amazon PLCC Free-Financing Universal Merchant AAT-5QQ7BIYYQEDN2;Amazon PLCC Free-Financing Universal Merchant AAT-DSJ2QRXXWXVMQ;Amazon PLCC Free-Financing Universal Merchant AAT-CXJHMC2YJUK76;Amazon PLCC Free-Financing Universal Merchant AAT-CC4FAVTYR4X7C;Amazon PLCC Free-Financing Universal Merchant AAT-XXRCW6NZEPZI4;Amazon PLCC Free-Financing Universal Merchant AAT-EOKPWFWYW7Y6I;Amazon PLCC Free-Financing Universal Merchant AAT-ZYL5UPUNW6T62;Amazon PLCC Free-Financing Universal Merchant AAT-ETXQ3XXWMRXBG;Amazon PLCC Free-Financing Universal Merchant AAT-7X3XCTYG64VBE;Amazon PLCC Free-Financing Universal Merchant AAT-7CHGD3WTS3MHM;Amazon PLCC Free-Financing Universal Merchant AAT-26ZDKNME27X42;Amazon PLCC Free-Financing Universal Merchant AAT-4ZF5KN6E4LJK4;Amazon PLCC Free-Financing Universal Merchant AAT-7RCXIKUAX7DDY;Amazon PLCC Free-Financing Universal Merchant AAT-BRSZZ45H6MHAO;Amazon PLCC Free-Financing Universal Merchant AAT-MKLXOOZWQL7GO;Amazon PLCC Free-Financing Universal Merchant AAT-CB7UNXEXGIJTC;Amazon PLCC Free-Financing Universal Merchant #MP-gzasho-1593152694811;Amazon PLCC Free-Financing Universal Merchant AAT-WLBA4GZ52EAH4,FALSE,Easy Ship
110,405-8114272-1687512,4/30/2022,Shipped,Amazon,Amazon.in,Expedited,SET268,SET268-KR-NP-L,Set,L,B08XQ8MCKP,Shipped,1,INR,788,NEW DELHI,DELHI,110034,IN,,FALSE,
111,171-6138639-1478731,4/30/2022,Shipped,Amazon,Amazon.in,Expedited,JNE3334,JNE3334-KR-M,kurta,M,B07S8WG31H,Shipped,1,INR,318,HYDERABAD,TELANGANA,500054,IN,IN Core Free Shipping 2015/04/08 23-48-5-108,FALSE,
112,405-4059216-4541150,4/30/2022,Shipped,Amazon,Amazon.in,Expedited,SET331,SET331-KR-NP-XS,Set,XS,B09NQ54RRT,Shipped,1,INR,597,HYDERABAD,TELANGANA,500072,IN,IN Core Free Shipping 2015/04/08 23-48-5-108,FALSE,
113,405-1152015-7333945,4/30/2022,Shipped,Amazon,Amazon.in,Expedited,SET265,SET265-KR-NP-S,Set,S,B0983D6TGS,Shipped,1,INR,888,PATNA,BIHAR,800002,IN,IN Core Free Shipping 2015/04/08 23-48-5-108,FALSE,
114,406-0177436-6731556,4/30/2022,Shipped,Amazon,Amazon.in,Expedited,JNE3718,JNE3718-KR-S,kurta,S,B099FC7FSQ,Shipped,1,INR,406,RAMAGUNDAM,TELANGANA,505211,IN,,FALSE,
115,406-0715107-8168308,4/30/2022,Shipped,Amazon,Amazon.in,Expedited,SET397,SET397-KR-NP  -M,Set,M,B09RKD6KWL,Shipped,1,INR,1186,PITHORAGARH,UTTARAKHAND,262501,IN,IN Core Free Shipping 2015/04/08 23-48-5-108,FALSE,
116,403-0104882-7373900,4/30/2022,Cancelled,Amazon,Amazon.in,Expedited,JNE3861,JNE3861-DR-XXL,Western Dress,XXL,B09SDY9GXB,Unshipped,1,INR,791,HIMMATNAGAR,Gujarat,383001,IN,,FALSE,
117,403-0104882-7373900,4/30/2022,Cancelled,Amazon,Amazon.in,Expedited,J0335,J0335-DR-XL,Western Dress,XL,B09831P2JC,Unshipped,1,INR,807,HIMMATNAGAR,Gujarat,383001,IN,,FALSE,
118,403-0104882-7373900,4/30/2022,Cancelled,Amazon,Amazon.in,Expedited,J0335,J0335-DR-XXL,Western Dress,XXL,B0982ZS9FG,Unshipped,1,INR,807,HIMMATNAGAR,Gujarat,383001,IN,,FALSE,
119,405-3002282-6797102,4/30/2022,Shipped,Amazon,Amazon.in,Expedited,JNE1525,JNE1525-KR-UDF19-A-S,kurta,S,B0743FRDLK,Shipped,1,INR,311,KOLKATA,WEST BENGAL,700057,IN,,FALSE,
120,407-8466904-3461908,4/30/2022,Shipped,Amazon,Amazon.in,Expedited,JNE3654,JNE3654-TP-XL,Top,XL,B09873BFC1,Shipped,1,INR,387,MUMBAI,MAHARASHTRA,400101,IN,IN Core Free Shipping 2015/04/08 23-48-5-108,FALSE,
121,171-3305587-5364338,4/30/2022,Shipped,Amazon,Amazon.in,Expedited,JNE3261,JNE3261-KR-S,kurta,S,B07R41PW8D,Shipped,1,INR,348,HYDERABAD,TELANGANA,500053,IN,,FALSE,
122,406-8961316-8137943,4/30/2022,Shipped - Delivered to Buyer,Merchant,Amazon.in,Standard,SET324,SET324-KR-NP-S,Set,S,B09NQ4CZ65,Shipped,1,INR,597,"GUWAHATI, KAMRUP (M)",ASSAM,781014,IN,Amazon PLCC Free-Financing Universal Merchant AAT-WNKTBO3K27EJC;Amazon PLCC Free-Financing Universal Merchant AAT-QX3UCCJESKPA2;Amazon PLCC Free-Financing Universal Merchant AAT-5QQ7BIYYQEDN2;Amazon PLCC Free-Financing Universal Merchant AAT-DSJ2QRXXWXVMQ;Amazon PLCC Free-Financing Universal Merchant AAT-CXJHMC2YJUK76;Amazon PLCC Free-Financing Universal Merchant AAT-CC4FAVTYR4X7C;Amazon PLCC Free-Financing Universal Merchant AAT-XXRCW6NZEPZI4;Amazon PLCC Free-Financing Universal Merchant AAT-EOKPWFWYW7Y6I;Amazon PLCC Free-Financing Universal Merchant AAT-ZYL5UPUNW6T62;Amazon PLCC Free-Financing Universal Merchant AAT-ETXQ3XXWMRXBG;Amazon PLCC Free-Financing Universal Merchant AAT-7X3XCTYG64VBE;Amazon PLCC Free-Financing Universal Merchant AAT-7CHGD3WTS3MHM;Amazon PLCC Free-Financing Universal Merchant AAT-26ZDKNME27X42;Amazon PLCC Free-Financing Universal Merchant AAT-4ZF5KN6E4LJK4;Amazon PLCC Free-Financing Universal Merchant AAT-7RCXIKUAX7DDY;Amazon PLCC Free-Financing Universal Merchant AAT-BRSZZ45H6MHAO;Amazon PLCC Free-Financing Universal Merchant AAT-MKLXOOZWQL7GO;Amazon PLCC Free-Financing Universal Merchant AAT-CB7UNXEXGIJTC;Amazon PLCC Free-Financing Universal Merchant #MP-gzasho-1593152694811;Amazon PLCC Free-Financing Universal Merchant AAT-WLBA4GZ52EAH4;Amazon PLCC Free-Financing Universal Merchant #MP-pmilan-1601980554292,FALSE,Easy Ship
123,406-8961316-8137943,4/30/2022,Shipped - Delivered to Buyer,Merchant,Amazon.in,Standard,SET332,SET332-KR-PP-S,Set,S,B09NQ33VW2,Shipped,1,INR,549,"GUWAHATI, KAMRUP (M)",ASSAM,781014,IN,Amazon PLCC Free-Financing Universal Merchant AAT-WNKTBO3K27EJC;Amazon PLCC Free-Financing Universal Merchant AAT-QX3UCCJESKPA2;Amazon PLCC Free-Financing Universal Merchant AAT-5QQ7BIYYQEDN2;Amazon PLCC Free-Financing Universal Merchant AAT-DSJ2QRXXWXVMQ;Amazon PLCC Free-Financing Universal Merchant AAT-CXJHMC2YJUK76;Amazon PLCC Free-Financing Universal Merchant AAT-CC4FAVTYR4X7C;Amazon PLCC Free-Financing Universal Merchant AAT-XXRCW6NZEPZI4;Amazon PLCC Free-Financing Universal Merchant AAT-EOKPWFWYW7Y6I;Amazon PLCC Free-Financing Universal Merchant AAT-ZYL5UPUNW6T62;Amazon PLCC Free-Financing Universal Merchant AAT-ETXQ3XXWMRXBG;Amazon PLCC Free-Financing Universal Merchant AAT-7X3XCTYG64VBE;Amazon PLCC Free-Financing Universal Merchant AAT-7CHGD3WTS3MHM;Amazon PLCC Free-Financing Universal Merchant AAT-26ZDKNME27X42;Amazon PLCC Free-Financing Universal Merchant AAT-4ZF5KN6E4LJK4;Amazon PLCC Free-Financing Universal Merchant AAT-7RCXIKUAX7DDY;Amazon PLCC Free-Financing Universal Merchant AAT-BRSZZ45H6MHAO;Amazon PLCC Free-Financing Universal Merchant AAT-MKLXOOZWQL7GO;Amazon PLCC Free-Financing Universal Merchant AAT-CB7UNXEXGIJTC;Amazon PLCC Free-Financing Universal Merchant #MP-gzasho-1593152694811;Amazon PLCC Free-Financing Universal Merchant AAT-WLBA4GZ52EAH4;Amazon PLCC Free-Financing Universal Merchant #MP-pmilan-1601980554292,FALSE,Easy Ship
124,171-2813040-8296320,4/30/2022,Shipped,Amazon,Amazon.in,Expedited,SET324,SET324-KR-NP-XXXL,Set,3XL,B09NQ51MPV,Shipped,1,INR,635,KOLAR,KARNATAKA,563101,IN,IN Core Free Shipping 2015/04/08 23-48-5-108,FALSE,
125,408-9845791-1393151,4/30/2022,Shipped,Amazon,Amazon.in,Expedited,SET324,SET324-KR-NP-XS,Set,XS,B09NQ4DD29,Shipped,1,INR,597,PATIALA,PUNJAB,147001,IN,IN Core Free Shipping 2015/04/08 23-48-5-108,FALSE,
126,402-4277204-2348328,4/30/2022,Shipped,Amazon,Amazon.in,Expedited,SET280,SET280-KR-PP-S,Set,S,B09CT26LGZ,Shipped,1,INR,790,REWA,MADHYA PRADESH,486001,IN,IN Core Free Shipping 2015/04/08 23-48-5-108,FALSE,
127,171-3049339-2085136,4/30/2022,Shipped,Amazon,Amazon.in,Expedited,JNE3618,JNE3618-KR-XXL,kurta,XXL,B091Q9J9QL,Shipped,1,INR,375,BONGAIGAON,ASSAM,783380,IN,,FALSE,
128,405-9928526-2470747,4/30/2022,Shipped,Amazon,Amazon.in,Expedited,SET304,SET304-KR-DPT-XS,Set,XS,B09K3LRR2T,Shipped,1,INR,1115,HYDERABAD,TELANGANA,500087,IN,,FALSE,
129,405-4908072-0260360,4/30/2022,Shipped - Delivered to Buyer,Merchant,Amazon.in,Standard,MEN5032,MEN5032-KR-XXXL,kurta,3XL,B08YZ2ZXT7,Shipped,1,INR,579,BENGALURU,KARNATAKA,560055,IN,Amazon PLCC Free-Financing Universal Merchant AAT-WNKTBO3K27EJC;Amazon PLCC Free-Financing Universal Merchant AAT-QX3UCCJESKPA2;Amazon PLCC Free-Financing Universal Merchant AAT-5QQ7BIYYQEDN2;Amazon PLCC Free-Financing Universal Merchant AAT-DSJ2QRXXWXVMQ;Amazon PLCC Free-Financing Universal Merchant AAT-CXJHMC2YJUK76;Amazon PLCC Free-Financing Universal Merchant AAT-SL3Y2YRMAUNFC;Amazon PLCC Free-Financing Universal Merchant AAT-CC4FAVTYR4X7C;Amazon PLCC Free-Financing Universal Merchant AAT-XXRCW6NZEPZI4;Amazon PLCC Free-Financing Universal Merchant AAT-WSJLDN3X7KEMO;Amazon PLCC Free-Financing Universal Merchant AAT-VL6FGQVGQVXUS;Amazon PLCC Free-Financing Universal Merchant AAT-EOKPWFWYW7Y6I;Amazon PLCC Free-Financing Universal Merchant AAT-ZYL5UPUNW6T62;Amazon PLCC Free-Financing Universal Merchant AAT-XVPICCHRWDCAI;Amazon PLCC Free-Financing Universal Merchant AAT-ETXQ3XXWMRXBG;Amazon PLCC Free-Financing Universal Merchant AAT-7X3XCTYG64VBE;Amazon PLCC Free-Financing Universal Merchant AAT-7CHGD3WTS3MHM;Amazon PLCC Free-Financing Universal Merchant AAT-26ZDKNME27X42;Amazon PLCC Free-Financing Universal Merchant AAT-4ZF5KN6E4LJK4;Amazon PLCC Free-Financing Universal Merchant AAT-7RCXIKUAX7DDY;Amazon PLCC Free-Financing Universal Merchant AAT-BRSZZ45H6MHAO;Amazon PLCC Free-Financing Universal Merchant AAT-MKLXOOZWQL7GO;Amazon PLCC Free-Financing Universal Merchant AAT-CB7UNXEXGIJTC;Amazon PLCC Free-Financing Universal Merchant #MP-gzasho-1593152694811;Amazon PLCC Free-Financing Universal Merchant AAT-WLBA4GZ52EAH4,FALSE,Easy Ship
130,406-3984186-5973150,4/30/2022,Shipped,Amazon,Amazon.in,Expedited,SET110,SET110-KR-PP-XXL,Set,XXL,B0822V61TT,Shipped,1,INR,788,Chengalpattu,TAMIL NADU,603002,IN,IN Core Free Shipping 2015/04/08 23-48-5-108,FALSE,
131,171-8635309-7508346,4/30/2022,Shipped,Amazon,Amazon.in,Expedited,SET324,SET324-KR-NP-M,Set,M,B09NQ4NM75,Shipped,1,INR,597,PERAMBALUR,TAMIL NADU,621212,IN,IN Core Free Shipping 2015/04/08 23-48-5-108,FALSE,
132,171-0293372-4913973,4/30/2022,Cancelled,Amazon,Amazon.in,Expedited,SET269,SET269-KR-NP-XXXL,Set,3XL,B0983FSRFS,Cancelled,0,,,KOLAR,KARNATAKA,563101,IN,,FALSE,
133,402-8288606-4313118,4/30/2022,Shipped,Amazon,Amazon.in,Expedited,JNE3794,JNE3794-KR-M,kurta,M,B09HMVWDN3,Shipped,1,INR,517,BILASPUR,HIMACHAL PRADESH,174001,IN,IN Core Free Shipping 2015/04/08 23-48-5-108,FALSE,
134,402-8746990-6412346,4/30/2022,Shipped,Amazon,Amazon.in,Expedited,JNE3291,JNE3291-KR-XXL,kurta,XXL,B07R41RZV7,Shipped,1,INR,442,CHENNAI,TAMIL NADU,600099,IN,,FALSE,
135,402-0294212-5431551,4/30/2022,Shipped,Amazon,Amazon.in,Expedited,JNE3440,JNE3440-KR-N-XXXL,kurta,3XL,B09HMTKV2L,Shipped,1,INR,399,VARANASI,UTTAR PRADESH,221010,IN,,FALSE,
136,406-1530134-2105912,4/30/2022,Shipped,Amazon,Amazon.in,Expedited,JNE2270,JNE2270-KR-487-A-XXL,kurta,XXL,B07H7DZXJ5,Shipped,1,INR,518,BENGALURU,KARNATAKA,560036,IN,,FALSE,
137,403-5222550-4437140,4/30/2022,Shipped,Amazon,Amazon.in,Expedited,JNE3261,JNE3261-KR-M,kurta,M,B07R5X3499,Shipped,1,INR,348,COIMBATORE,TAMIL NADU,641035,IN,IN Core Free Shipping 2015/04/08 23-48-5-108,FALSE,
138,408-1482435-5202714,4/30/2022,Shipped - Delivered to Buyer,Merchant,Amazon.in,Standard,SET110,SET110-KR-PP-M,Set,M,B0822TDMYH,Shipped,1,INR,788,CHIRMIRI,CHHATTISGARH,497449,IN,Amazon PLCC Free-Financing Universal Merchant AAT-WNKTBO3K27EJC;Amazon PLCC Free-Financing Universal Merchant AAT-QX3UCCJESKPA2;Amazon PLCC Free-Financing Universal Merchant AAT-5QQ7BIYYQEDN2;Amazon PLCC Free-Financing Universal Merchant AAT-DSJ2QRXXWXVMQ;Amazon PLCC Free-Financing Universal Merchant AAT-CXJHMC2YJUK76;Amazon PLCC Free-Financing Universal Merchant AAT-CC4FAVTYR4X7C;Amazon PLCC Free-Financing Universal Merchant AAT-XXRCW6NZEPZI4;Amazon PLCC Free-Financing Universal Merchant AAT-R7GXNZWISTRFA;Amazon PLCC Free-Financing Universal Merchant AAT-WSJLDN3X7KEMO;Amazon PLCC Free-Financing Universal Merchant AAT-VL6FGQVGQVXUS;Amazon PLCC Free-Financing Universal Merchant AAT-EOKPWFWYW7Y6I;Amazon PLCC Free-Financing Universal Merchant AAT-ZYL5UPUNW6T62;Amazon PLCC Free-Financing Universal Merchant AAT-ETXQ3XXWMRXBG;Amazon PLCC Free-Financing Universal Merchant AAT-7X3XCTYG64VBE;Amazon PLCC Free-Financing Universal Merchant AAT-7CHGD3WTS3MHM;Amazon PLCC Free-Financing Universal Merchant AAT-26ZDKNME27X42;Amazon PLCC Free-Financing Universal Merchant AAT-4ZF5KN6E4LJK4;Amazon PLCC Free-Financing Universal Merchant AAT-7RCXIKUAX7DDY;Amazon PLCC Free-Financing Universal Merchant AAT-BRSZZ45H6MHAO;Amazon PLCC Free-Financing Universal Merchant AAT-MKLXOOZWQL7GO;Amazon PLCC Free-Financing Universal Merchant AAT-CB7UNXEXGIJTC;Amazon PLCC Free-Financing Universal Merchant #MP-gzasho-1593152694811;Amazon PLCC Free-Financing Universal Merchant AAT-WLBA4GZ52EAH4,FALSE,Easy Ship
139,403-6442534-2769112,4/30/2022,Cancelled,Amazon,Amazon.in,Expedited,J0300,J0300-TP-XXXL,Top,3XL,B099S7RDLZ,Cancelled,0,,,AZAMGARH,UTTAR PRADESH,276302,IN,,FALSE,
140,408-3113070-0750756,4/30/2022,Shipped,Amazon,Amazon.in,Expedited,SET324,SET324-KR-NP-M,Set,M,B09NQ4NM75,Shipped,1,INR,597,KALYAN,MAHARASHTRA,421306,IN,,FALSE,
141,404-7796841-1880317,4/30/2022,Shipped,Amazon,Amazon.in,Expedited,JNE3810,JNE3810-KR-S,kurta,S,B09RKBYVXN,Shipped,1,INR,696,NEW DELHI,DELHI,110016,IN,,FALSE,
142,405-2142542-0941949,4/30/2022,Shipped,Amazon,Amazon.in,Expedited,JNE3461,JNE3461-KR-XL,kurta,XL,B08B3YPXKZ,Shipped,1,INR,363,HYDERABAD,TELANGANA,502032,IN,IN Core Free Shipping 2015/04/08 23-48-5-108,FALSE,
143,405-0286717-7761132,4/30/2022,Shipped,Amazon,Amazon.in,Standard,JNE3429,JNE3429-KR-XL,kurta,XL,B0893DJ4TN,Shipped,1,INR,299,HYDERABAD,TELANGANA,502032,IN,,FALSE,
144,406-9021273-9221106,4/30/2022,Shipped,Amazon,Amazon.in,Expedited,JNE3710,JNE3710-DR-S,Western Dress,S,B091SV9XW1,Shipped,1,INR,690,GUWAHATI,ASSAM,781026,IN,IN Core Free Shipping 2015/04/08 23-48-5-108,FALSE,
145,404-5381335-4577925,4/30/2022,Shipped,Amazon,Amazon.in,Expedited,J0113,J0113-TP-XS,Top,XS,B08TZNX8NY,Shipped,1,INR,574,MYSORE,KARNATAKA,570008,IN,IN Core Free Shipping 2015/04/08 23-48-5-108,FALSE,
146,171-0131752-2560336,4/30/2022,Shipped - Delivered to Buyer,Merchant,Amazon.in,Standard,SET355,SET355-KR-PP-M,Set,M,B09RKDPHFP,Shipped,1,INR,1399,BARABANKI,UTTAR PRADESH,225001,IN,Amazon PLCC Free-Financing Universal Merchant AAT-WNKTBO3K27EJC;Amazon PLCC Free-Financing Universal Merchant AAT-QX3UCCJESKPA2;Amazon PLCC Free-Financing Universal Merchant AAT-5QQ7BIYYQEDN2;Amazon PLCC Free-Financing Universal Merchant AAT-DSJ2QRXXWXVMQ;Amazon PLCC Free-Financing Universal Merchant AAT-CXJHMC2YJUK76;Amazon PLCC Free-Financing Universal Merchant AAT-SL3Y2YRMAUNFC;Amazon PLCC Free-Financing Universal Merchant AAT-CC4FAVTYR4X7C;Amazon PLCC Free-Financing Universal Merchant AAT-XXRCW6NZEPZI4;Amazon PLCC Free-Financing Universal Merchant AAT-EOKPWFWYW7Y6I;Amazon PLCC Free-Financing Universal Merchant AAT-ZYL5UPUNW6T62;Amazon PLCC Free-Financing Universal Merchant AAT-ETXQ3XXWMRXBG;Amazon PLCC Free-Financing Universal Merchant AAT-7X3XCTYG64VBE;Amazon PLCC Free-Financing Universal Merchant AAT-7CHGD3WTS3MHM;Amazon PLCC Free-Financing Universal Merchant AAT-26ZDKNME27X42;Amazon PLCC Free-Financing Universal Merchant AAT-4ZF5KN6E4LJK4;Amazon PLCC Free-Financing Universal Merchant AAT-7RCXIKUAX7DDY;Amazon PLCC Free-Financing Universal Merchant AAT-BRSZZ45H6MHAO;Amazon PLCC Free-Financing Universal Merchant AAT-MKLXOOZWQL7GO;Amazon PLCC Free-Financing Universal Merchant AAT-CB7UNXEXGIJTC;Amazon PLCC Free-Financing Universal Merchant #MP-gzasho-1593152694811;Amazon PLCC Free-Financing Universal Merchant AAT-WLBA4GZ52EAH4,FALSE,Easy Ship
147,407-4235449-1353916,4/30/2022,Shipped - Delivered to Buyer,Merchant,Amazon.in,Standard,J0009,J0009-SKD-S,Set,S,B0894X8979,Shipped,1,INR,999,AMILA,UTTAR PRADESH,275301,IN,Amazon PLCC Free-Financing Universal Merchant AAT-WNKTBO3K27EJC;Amazon PLCC Free-Financing Universal Merchant AAT-QX3UCCJESKPA2;Amazon PLCC Free-Financing Universal Merchant AAT-5QQ7BIYYQEDN2;Amazon PLCC Free-Financing Universal Merchant AAT-DSJ2QRXXWXVMQ;Amazon PLCC Free-Financing Universal Merchant AAT-CXJHMC2YJUK76;Amazon PLCC Free-Financing Universal Merchant AAT-CC4FAVTYR4X7C;Amazon PLCC Free-Financing Universal Merchant AAT-XXRCW6NZEPZI4;Amazon PLCC Free-Financing Universal Merchant AAT-EOKPWFWYW7Y6I;Amazon PLCC Free-Financing Universal Merchant AAT-ZYL5UPUNW6T62;Amazon PLCC Free-Financing Universal Merchant AAT-ETXQ3XXWMRXBG;Amazon PLCC Free-Financing Universal Merchant AAT-7X3XCTYG64VBE;Amazon PLCC Free-Financing Universal Merchant AAT-7CHGD3WTS3MHM;Amazon PLCC Free-Financing Universal Merchant AAT-26ZDKNME27X42;Amazon PLCC Free-Financing Universal Merchant AAT-4ZF5KN6E4LJK4;Amazon PLCC Free-Financing Universal Merchant AAT-7RCXIKUAX7DDY;Amazon PLCC Free-Financing Universal Merchant AAT-TNYBHEAO7HOHO;Amazon PLCC Free-Financing Universal Merchant AAT-BRSZZ45H6MHAO;Amazon PLCC Free-Financing Universal Merchant AAT-MKLXOOZWQL7GO;Amazon PLCC Free-Financing Universal Merchant AAT-CB7UNXEXGIJTC;Amazon PLCC Free-Financing Universal Merchant #MP-gzasho-1593152694811;Amazon PLCC Free-Financing Universal Merchant AAT-WLBA4GZ52EAH4;Amazon PLCC Free-Financing Universal Merchant AAT-QMFZ3M7T5NPDS;Amazon PLCC Free-Financing Universal Merchant #MP-pmilan-1601980554292,FALSE,Easy Ship
148,171-8061614-5688327,4/30/2022,Shipped,Amazon,Amazon.in,Expedited,J0248,J0248-KR-DPT-XL,Set,XL,B09RKFS78Y,Shipped,1,INR,999,VIJAYAWADA,ANDHRA PRADESH,520010,IN,IN Core Free Shipping 2015/04/08 23-48-5-108,FALSE,
149,407-8248783-4261958,4/30/2022,Shipped,Amazon,Amazon.in,Expedited,JNE3560,JNE3560-KR-XL,kurta,XL,B08PCSJ2M6,Shipped,1,INR,487,RAWAN AMBUJA CEMENT PLANT,CHHATTISGARH,493331,IN,IN Core Free Shipping 2015/04/08 23-48-5-108,FALSE,
150,404-6513062-3876305,4/30/2022,Shipped - Delivered to Buyer,Merchant,Amazon.in,Standard,JNE3373,JNE3373-KR-XXXL,kurta,3XL,B082W7MZVQ,Shipped,1,INR,376,TIRUCHIRAPPALLI,TAMIL NADU,620018,IN,Amazon PLCC Free-Financing Universal Merchant AAT-WNKTBO3K27EJC;Amazon PLCC Free-Financing Universal Merchant AAT-QX3UCCJESKPA2;Amazon PLCC Free-Financing Universal Merchant AAT-5QQ7BIYYQEDN2;Amazon PLCC Free-Financing Universal Merchant AAT-DSJ2QRXXWXVMQ;Amazon PLCC Free-Financing Universal Merchant AAT-CXJHMC2YJUK76;Amazon PLCC Free-Financing Universal Merchant AAT-CC4FAVTYR4X7C;Amazon PLCC Free-Financing Universal Merchant AAT-XXRCW6NZEPZI4;Amazon PLCC Free-Financing Universal Merchant AAT-EOKPWFWYW7Y6I;Amazon PLCC Free-Financing Universal Merchant AAT-ZYL5UPUNW6T62;Amazon PLCC Free-Financing Universal Merchant AAT-ETXQ3XXWMRXBG;Amazon PLCC Free-Financing Universal Merchant AAT-7X3XCTYG64VBE;Amazon PLCC Free-Financing Universal Merchant AAT-7CHGD3WTS3MHM;Amazon PLCC Free-Financing Universal Merchant AAT-26ZDKNME27X42;Amazon PLCC Free-Financing Universal Merchant AAT-4ZF5KN6E4LJK4;Amazon PLCC Free-Financing Universal Merchant AAT-7RCXIKUAX7DDY;Amazon PLCC Free-Financing Universal Merchant AAT-BRSZZ45H6MHAO;Amazon PLCC Free-Financing Universal Merchant AAT-MKLXOOZWQL7GO;Amazon PLCC Free-Financing Universal Merchant AAT-CB7UNXEXGIJTC;Amazon PLCC Free-Financing Universal Merchant #MP-gzasho-1593152694811;Amazon PLCC Free-Financing Universal Merchant AAT-WLBA4GZ52EAH4;Amazon PLCC Free-Financing Universal Merchant #MP-pmilan-1601980554292,FALSE,Easy Ship
151,406-7779874-9136347,4/30/2022,Shipped,Amazon,Amazon.in,Expedited,SET398,SET398-KR-PP-L,Set,L,B09RP8WLNY,Shipped,1,INR,1115,HERBERTPUR,UTTARAKHAND,248142,IN,IN Core Free Shipping 2015/04/08 23-48-5-108,FALSE,
152,406-9638549-1733961,4/30/2022,Shipped,Amazon,Amazon.in,Expedited,NW032,NW032-ST-CP-XXL,Set,XXL,B0922SFWK1,Shipped,1,INR,517,BENGALURU,KARNATAKA,560048,IN,,FALSE,
153,407-8801185-0134713,4/30/2022,Shipped,Amazon,Amazon.in,Expedited,SET361,SET361-KR-NP-S,Set,S,B09QJ4J6KJ,Shipped,1,INR,1126,bangalore,KARNATAKA,560001,IN,IN Core Free Shipping 2015/04/08 23-48-5-108,FALSE,
154,171-3625443-6505905,4/30/2022,Shipped,Amazon,Amazon.in,Expedited,JNE3797,JNE3797-KR-L,Western Dress,L,B09SDXFFQ1,Shipped,1,INR,725,KALAMASSERY,KERALA,682021,IN,IN Core Free Shipping 2015/04/08 23-48-5-108,FALSE,
155,402-8078642-8565124,4/30/2022,Cancelled,Amazon,Amazon.in,Expedited,JNE3887,JNE3887-KR-XL,kurta,XL,B09TZVXQ1J,Cancelled,0,,,Puri-2,ODISHA,752002,IN,,FALSE,
156,402-2820441-9623566,4/30/2022,Shipped,Amazon,Amazon.in,Expedited,JNE3870,JNE3870-DR-XXL,Western Dress,XXL,B09RK61TZX,Shipped,1,INR,721,TIKABALI,ODISHA,762010,IN,IN Core Free Shipping 2015/04/08 23-48-5-108,FALSE,
157,171-4312987-5366767,4/30/2022,Shipped,Amazon,Amazon.in,Expedited,SET345,SET345-KR-NP-XS,Set,XS,B09KXSVTDB,Shipped,1,INR,666,BIHARSHARIF,BIHAR,803115,IN,IN Core Free Shipping 2015/04/08 23-48-5-108,FALSE,
158,403-5189998-9343503,4/30/2022,Shipped,Amazon,Amazon.in,Expedited,NW013,NW013-ST-SR-L,Set,L,B0928XJX1F,Shipped,1,INR,496,HYDERABAD,TELANGANA,500075,IN,,FALSE,
159,407-9863928-5979501,4/30/2022,Shipped - Delivered to Buyer,Merchant,Amazon.in,Standard,JNE2014,JNE2014-KR-178-XL,kurta,XL,B077MM3LFJ,Shipped,1,INR,353,PARAVUR,KERALA,683513,IN,Amazon PLCC Free-Financing Universal Merchant AAT-WNKTBO3K27EJC;Amazon PLCC Free-Financing Universal Merchant AAT-QX3UCCJESKPA2;Amazon PLCC Free-Financing Universal Merchant AAT-5QQ7BIYYQEDN2;Amazon PLCC Free-Financing Universal Merchant AAT-DSJ2QRXXWXVMQ;Amazon PLCC Free-Financing Universal Merchant AAT-CXJHMC2YJUK76;Amazon PLCC Free-Financing Universal Merchant AAT-CC4FAVTYR4X7C;Amazon PLCC Free-Financing Universal Merchant AAT-XXRCW6NZEPZI4;Amazon PLCC Free-Financing Universal Merchant SS-1643890021772;Amazon PLCC Free-Financing Universal Merchant AAT-R7GXNZWISTRFA;Amazon PLCC Free-Financing Universal Merchant AAT-WSJLDN3X7KEMO;Amazon PLCC Free-Financing Universal Merchant AAT-VL6FGQVGQVXUS;Amazon PLCC Free-Financing Universal Merchant AAT-EOKPWFWYW7Y6I;Amazon PLCC Free-Financing Universal Merchant AAT-ZYL5UPUNW6T62;Amazon PLCC Free-Financing Universal Merchant AAT-ETXQ3XXWMRXBG;Amazon PLCC Free-Financing Universal Merchant AAT-7X3XCTYG64VBE;Amazon PLCC Free-Financing Universal Merchant AAT-7CHGD3WTS3MHM;Amazon PLCC Free-Financing Universal Merchant AAT-26ZDKNME27X42;Amazon PLCC Free-Financing Universal Merchant AAT-4ZF5KN6E4LJK4;Amazon PLCC Free-Financing Universal Merchant AAT-7RCXIKUAX7DDY;Amazon PLCC Free-Financing Universal Merchant AAT-BRSZZ45H6MHAO;Amazon PLCC Free-Financing Universal Merchant AAT-MKLXOOZWQL7GO;Amazon PLCC Free-Financing Universal Merchant AAT-CB7UNXEXGIJTC;Amazon PLCC Free-Financing Universal Merchant #MP-gzasho-1593152694811;Amazon PLCC Free-Financing Universal Merchant AAT-WLBA4GZ52EAH4,FALSE,Easy Ship
160,171-4644162-9093116,4/30/2022,Shipped - Delivered to Buyer,Merchant,Amazon.in,Standard,JNE3612,JNE3612-KR-S,kurta,S,B091Q7G4PC,Shipped,1,INR,399,BASTI,UTTAR PRADESH,272001,IN,Amazon PLCC Free-Financing Universal Merchant AAT-WNKTBO3K27EJC;Amazon PLCC Free-Financing Universal Merchant AAT-QX3UCCJESKPA2;Amazon PLCC Free-Financing Universal Merchant AAT-5QQ7BIYYQEDN2;Amazon PLCC Free-Financing Universal Merchant AAT-DSJ2QRXXWXVMQ;Amazon PLCC Free-Financing Universal Merchant AAT-CXJHMC2YJUK76;Amazon PLCC Free-Financing Universal Merchant AAT-CC4FAVTYR4X7C;Amazon PLCC Free-Financing Universal Merchant AAT-XXRCW6NZEPZI4;Amazon PLCC Free-Financing Universal Merchant AAT-EOKPWFWYW7Y6I;Amazon PLCC Free-Financing Universal Merchant AAT-ETXQ3XXWMRXBG;Amazon PLCC Free-Financing Universal Merchant AAT-7X3XCTYG64VBE;Amazon PLCC Free-Financing Universal Merchant AAT-7CHGD3WTS3MHM;Amazon PLCC Free-Financing Universal Merchant AAT-26ZDKNME27X42;Amazon PLCC Free-Financing Universal Merchant AAT-4ZF5KN6E4LJK4;Amazon PLCC Free-Financing Universal Merchant AAT-7RCXIKUAX7DDY;Amazon PLCC Free-Financing Universal Merchant AAT-BRSZZ45H6MHAO;Amazon PLCC Free-Financing Universal Merchant AAT-MKLXOOZWQL7GO;Amazon PLCC Free-Financing Universal Merchant AAT-CB7UNXEXGIJTC;Amazon PLCC Free-Financing Universal Merchant #MP-gzasho-1593152694811;Amazon PLCC Free-Financing Universal Merchant AAT-WLBA4GZ52EAH4,FALSE,Easy Ship
161,406-0974406-3179521,4/30/2022,Shipped,Amazon,Amazon.in,Expedited,PJNE2100,PJNE2100-KR-N-6XL,kurta,6XL,B09LD3PMBT,Shipped,1,INR,458,WALAJAPET,TAMIL NADU,632513,IN,,FALSE,
162,402-0048138-1845122,4/30/2022,Shipped,Amazon,Amazon.in,Expedited,SET398,SET398-KR-PP-XXXL,Set,3XL,B09RPJD74Z,Shipped,1,INR,1115,Dimapur,NAGALAND,797112,IN,IN Core Free Shipping 2015/04/08 23-48-5-108,FALSE,
163,407-6283946-7749133,4/30/2022,Shipped,Amazon,Amazon.in,Expedited,J0006,J0006-SET-M,Ethnic Dress,M,B0894WV6S6,Shipped,1,INR,845,Bengaluru,KARNATAKA,560029,IN,IN Core Free Shipping 2015/04/08 23-48-5-108,FALSE,
164,407-0542879-1795554,4/30/2022,Shipped - Delivered to Buyer,Merchant,Amazon.in,Standard,JNE3405,JNE3405-KR-S,kurta,S,B081WX4G4Q,Shipped,1,INR,399,Mahendragarh,HARYANA,123027,IN,Amazon PLCC Free-Financing Universal Merchant AAT-WNKTBO3K27EJC;Amazon PLCC Free-Financing Universal Merchant AAT-QX3UCCJESKPA2;Amazon PLCC Free-Financing Universal Merchant AAT-5QQ7BIYYQEDN2;Amazon PLCC Free-Financing Universal Merchant AAT-DSJ2QRXXWXVMQ;Amazon PLCC Free-Financing Universal Merchant AAT-CXJHMC2YJUK76;Amazon PLCC Free-Financing Universal Merchant AAT-CC4FAVTYR4X7C;Amazon PLCC Free-Financing Universal Merchant AAT-XXRCW6NZEPZI4;Amazon PLCC Free-Financing Universal Merchant AAT-R7GXNZWISTRFA;Amazon PLCC Free-Financing Universal Merchant AAT-WSJLDN3X7KEMO;Amazon PLCC Free-Financing Universal Merchant AAT-VL6FGQVGQVXUS;Amazon PLCC Free-Financing Universal Merchant AAT-EOKPWFWYW7Y6I;Amazon PLCC Free-Financing Universal Merchant AAT-ZYL5UPUNW6T62;Amazon PLCC Free-Financing Universal Merchant AAT-ETXQ3XXWMRXBG;Amazon PLCC Free-Financing Universal Merchant AAT-7X3XCTYG64VBE;Amazon PLCC Free-Financing Universal Merchant AAT-7CHGD3WTS3MHM;Amazon PLCC Free-Financing Universal Merchant AAT-26ZDKNME27X42;Amazon PLCC Free-Financing Universal Merchant AAT-4ZF5KN6E4LJK4;Amazon PLCC Free-Financing Universal Merchant AAT-7RCXIKUAX7DDY;Amazon PLCC Free-Financing Universal Merchant AAT-BRSZZ45H6MHAO;Amazon PLCC Free-Financing Universal Merchant AAT-MKLXOOZWQL7GO;Amazon PLCC Free-Financing Universal Merchant AAT-CB7UNXEXGIJTC;Amazon PLCC Free-Financing Universal Merchant #MP-gzasho-1593152694811;Amazon PLCC Free-Financing Universal Merchant AAT-WLBA4GZ52EAH4,FALSE,Easy Ship
165,406-0218328-1773963,4/30/2022,Cancelled,Amazon,Amazon.in,Expedited,PJNE2100,PJNE2100-KR-N-6XL,kurta,6XL,B09LD3PMBT,Cancelled,0,,,WALAJAPET,TAMIL NADU,632513,IN,IN Core Free Shipping 2015/04/08 23-48-5-108,FALSE,
166,407-3742007-3242711,4/30/2022,Shipped,Amazon,Amazon.in,Expedited,JNE3437,JNE3437-KR-S,kurta,S,B085HGB1GT,Shipped,1,INR,517,HYDERABAD,TELANGANA,500086,IN,,FALSE,
167,407-3742007-3242711,4/30/2022,Shipped,Amazon,Amazon.in,Expedited,JNE3465,JNE3465-KR-S,kurta,S,B08BF4GQ9V,Shipped,1,INR,517,HYDERABAD,TELANGANA,500086,IN,,FALSE,
168,405-3067317-3360344,4/30/2022,Shipped,Amazon,Amazon.in,Expedited,J0373,J0373-KR-XXXL,kurta,3XL,B09KXQ3NHZ,Shipped,1,INR,599,GREATER NOIDA,UTTAR PRADESH,201306,IN,,FALSE,
169,406-5648244-8317954,4/30/2022,Shipped,Amazon,Amazon.in,Expedited,J0344,J0344-TP-XXXL,Top,3XL,B098731927,Shipped,1,INR,487,New Delhi,DELHI,110019,IN,,FALSE,
170,171-3460653-0171519,4/30/2022,Shipped,Amazon,Amazon.in,Expedited,J0118,J0118-TP-XXL,Top,XXL,B08N4QTQHW,Shipped,1,INR,487,GURUGRAM,HARYANA,122002,IN,IN Core Free Shipping 2015/04/08 23-48-5-108,FALSE,
171,404-5337874-2284337,4/30/2022,Shipped,Amazon,Amazon.in,Expedited,SET200,SET200-KR-NP-A-XS,Set,XS,B08L92SN2W,Shipped,1,INR,568,BENGALURU,KARNATAKA,560040,IN,IN Core Free Shipping 2015/04/08 23-48-5-108,FALSE,
172,405-2660443-4165145,4/30/2022,Shipped - Delivered to Buyer,Merchant,Amazon.in,Standard,JNE3405,JNE3405-KR-M,kurta,M,B081WVMMCY,Shipped,1,INR,399,BENGALURU,KARNATAKA,560022,IN,Amazon PLCC Free-Financing Universal Merchant AAT-WNKTBO3K27EJC;Amazon PLCC Free-Financing Universal Merchant AAT-QX3UCCJESKPA2;Amazon PLCC Free-Financing Universal Merchant AAT-5QQ7BIYYQEDN2;Amazon PLCC Free-Financing Universal Merchant AAT-DSJ2QRXXWXVMQ;Amazon PLCC Free-Financing Universal Merchant AAT-CXJHMC2YJUK76;Amazon PLCC Free-Financing Universal Merchant AAT-CC4FAVTYR4X7C;Amazon PLCC Free-Financing Universal Merchant AAT-XXRCW6NZEPZI4;Amazon PLCC Free-Financing Universal Merchant AAT-R7GXNZWISTRFA;Amazon PLCC Free-Financing Universal Merchant AAT-WSJLDN3X7KEMO;Amazon PLCC Free-Financing Universal Merchant AAT-VL6FGQVGQVXUS;Amazon PLCC Free-Financing Universal Merchant AAT-EOKPWFWYW7Y6I;Amazon PLCC Free-Financing Universal Merchant AAT-ZYL5UPUNW6T62;Amazon PLCC Free-Financing Universal Merchant AAT-ETXQ3XXWMRXBG;Amazon PLCC Free-Financing Universal Merchant AAT-7X3XCTYG64VBE;Amazon PLCC Free-Financing Universal Merchant AAT-7CHGD3WTS3MHM;Amazon PLCC Free-Financing Universal Merchant AAT-26ZDKNME27X42;Amazon PLCC Free-Financing Universal Merchant AAT-4ZF5KN6E4LJK4;Amazon PLCC Free-Financing Universal Merchant AAT-7RCXIKUAX7DDY;Amazon PLCC Free-Financing Universal Merchant AAT-BRSZZ45H6MHAO;Amazon PLCC Free-Financing Universal Merchant AAT-MKLXOOZWQL7GO;Amazon PLCC Free-Financing Universal Merchant AAT-CB7UNXEXGIJTC;Amazon PLCC Free-Financing Universal Merchant #MP-gzasho-1593152694811;Amazon PLCC Free-Financing Universal Merchant AAT-WLBA4GZ52EAH4,FALSE,Easy Ship
173,402-3329522-2367566,4/30/2022,Shipped,Amazon,Amazon.in,Expedited,JNE1998,JNE1998-KR-311-XXL,kurta,XXL,B078NTPQHT,Shipped,1,INR,295,MUMBAI,MAHARASHTRA,400069,IN,IN Core Free Shipping 2015/04/08 23-48-5-108,FALSE,
174,406-3078054-1755513,4/30/2022,Shipped,Amazon,Amazon.in,Expedited,MEN5004,MEN5004-KR-XXXL,kurta,3XL,B08YZ2W99X,Shipped,1,INR,484,BIJNOR,UTTAR PRADESH,246722,IN,,FALSE,
175,171-4647176-6456305,4/30/2022,Shipped,Amazon,Amazon.in,Expedited,SET345,SET345-KR-NP-XXL,Set,XXL,B09KXSQ73F,Shipped,1,INR,626,MUMBAI,MAHARASHTRA,400078,IN,,FALSE,
176,408-5011528-8276347,4/30/2022,Shipped,Amazon,Amazon.in,Expedited,SET291,SET291-KR-PP-M,Set,M,B099NK55YG,Shipped,1,INR,563,ALLAHABAD,UTTAR PRADESH,211001,IN,IN Core Free Shipping 2015/04/08 23-48-5-108,FALSE,
177,407-4097885-3129958,4/30/2022,Shipped - Delivered to Buyer,Merchant,Amazon.in,Standard,JNE3654,JNE3654-TP-L,Top,L,B09B3GS5CM,Shipped,1,INR,387,VASAI VIRAR,MAHARASHTRA,401202,IN,Amazon PLCC Free-Financing Universal Merchant AAT-WNKTBO3K27EJC;Amazon PLCC Free-Financing Universal Merchant AAT-QX3UCCJESKPA2;Amazon PLCC Free-Financing Universal Merchant AAT-5QQ7BIYYQEDN2;Amazon PLCC Free-Financing Universal Merchant AAT-DSJ2QRXXWXVMQ;Amazon PLCC Free-Financing Universal Merchant AAT-CXJHMC2YJUK76;Amazon PLCC Free-Financing Universal Merchant AAT-CC4FAVTYR4X7C;Amazon PLCC Free-Financing Universal Merchant AAT-XXRCW6NZEPZI4;Amazon PLCC Free-Financing Universal Merchant AAT-R7GXNZWISTRFA;Amazon PLCC Free-Financing Universal Merchant AAT-EOKPWFWYW7Y6I;Amazon PLCC Free-Financing Universal Merchant AAT-ZYL5UPUNW6T62;Amazon PLCC Free-Financing Universal Merchant AAT-ETXQ3XXWMRXBG;Amazon PLCC Free-Financing Universal Merchant AAT-7X3XCTYG64VBE;Amazon PLCC Free-Financing Universal Merchant AAT-7CHGD3WTS3MHM;Amazon PLCC Free-Financing Universal Merchant AAT-26ZDKNME27X42;Amazon PLCC Free-Financing Universal Merchant AAT-4ZF5KN6E4LJK4;Amazon PLCC Free-Financing Universal Merchant AAT-7RCXIKUAX7DDY;Amazon PLCC Free-Financing Universal Merchant AAT-BRSZZ45H6MHAO;Amazon PLCC Free-Financing Universal Merchant AAT-MKLXOOZWQL7GO;Amazon PLCC Free-Financing Universal Merchant AAT-CB7UNXEXGIJTC;Amazon PLCC Free-Financing Universal Merchant #MP-gzasho-1593152694811;Amazon PLCC Free-Financing Universal Merchant AAT-WLBA4GZ52EAH4,FALSE,Easy Ship
178,171-1224053-5752314,4/30/2022,Cancelled,Merchant,Amazon.in,Standard,J0344,J0344-TP-L,Top,L,B0986XYFFP,,0,INR,463.81,BENGALURU,KARNATAKA,560087,IN,,FALSE,Easy Ship
179,406-2849582-6531553,4/30/2022,Shipped,Amazon,Amazon.in,Expedited,J0334,J0334-TP-L,Top,L,B0986XXHX7,Shipped,1,INR,512,BIJNOR,UTTAR PRADESH,246701,IN,IN Core Free Shipping 2015/04/08 23-48-5-108,FALSE,
180,407-5875767-6399551,4/30/2022,Shipped,Amazon,Amazon.in,Expedited,J0230,J0230-SKD-S,Set,S,B08XNJ19QH,Shipped,1,INR,1112,HYDERABAD,TELANGANA,500085,IN,,FALSE,
181,171-6336729-6763536,4/30/2022,Cancelled,Amazon,Amazon.in,Expedited,SET345,SET345-KR-NP-M,Set,M,B09KXV4BN8,Unshipped,1,INR,626,BENGALURU,KARNATAKA,560037,IN,,FALSE,
182,404-3907920-5281963,4/30/2022,Shipped,Amazon,Amazon.in,Expedited,JNE1233,JNE1233-BLUE-KR-031-XXL,kurta,XXL,B071VG5FH4,Shipped,1,INR,376,HYDERABAD,TELANGANA,500090,IN,IN Core Free Shipping 2015/04/08 23-48-5-108,FALSE,
183,408-7310428-6047538,4/30/2022,Shipped,Amazon,Amazon.in,Expedited,J0295,J0295-DR-M,Western Dress,M,B099NP42BF,Shipped,1,INR,859,BENGALURU,KARNATAKA,560075,IN,IN Core Free Shipping 2015/04/08 23-48-5-108,FALSE,
184,403-2608092-6065935,4/30/2022,Shipped,Amazon,Amazon.in,Expedited,SET324,SET324-KR-NP-L,Set,L,B09NQ44RNV,Shipped,1,INR,597,MANGALURU,KARNATAKA,575001,IN,IN Core Free Shipping 2015/04/08 23-48-5-108,FALSE,
185,404-9760385-9109154,4/30/2022,Shipped,Amazon,Amazon.in,Expedited,JNE3371,JNE3371-KR-XL,kurta,XL,B07WV4JV4D,Shipped,1,INR,329,HYDERABAD,TELANGANA,500034,IN,,FALSE,
186,405-0732969-3941948,4/30/2022,Shipped - Delivered to Buyer,Merchant,Amazon.in,Standard,J0147,J0147-SET-XL,Set,XL,B091Z8TV5Q,Shipped,1,INR,583,NEW TOWN,WEST BENGAL,700059,IN,Amazon PLCC Free-Financing Universal Merchant AAT-WNKTBO3K27EJC;Amazon PLCC Free-Financing Universal Merchant AAT-QX3UCCJESKPA2;Amazon PLCC Free-Financing Universal Merchant AAT-5QQ7BIYYQEDN2;Amazon PLCC Free-Financing Universal Merchant AAT-DSJ2QRXXWXVMQ;Amazon PLCC Free-Financing Universal Merchant AAT-CXJHMC2YJUK76;Amazon PLCC Free-Financing Universal Merchant AAT-CC4FAVTYR4X7C;Amazon PLCC Free-Financing Universal Merchant AAT-XXRCW6NZEPZI4;Amazon PLCC Free-Financing Universal Merchant AAT-EOKPWFWYW7Y6I;Amazon PLCC Free-Financing Universal Merchant AAT-ZYL5UPUNW6T62;Amazon PLCC Free-Financing Universal Merchant AAT-ETXQ3XXWMRXBG;Amazon PLCC Free-Financing Universal Merchant AAT-7X3XCTYG64VBE;Amazon PLCC Free-Financing Universal Merchant AAT-7CHGD3WTS3MHM;Amazon PLCC Free-Financing Universal Merchant AAT-26ZDKNME27X42;Amazon PLCC Free-Financing Universal Merchant AAT-4ZF5KN6E4LJK4;Amazon PLCC Free-Financing Universal Merchant AAT-7RCXIKUAX7DDY;Amazon PLCC Free-Financing Universal Merchant AAT-BRSZZ45H6MHAO;Amazon PLCC Free-Financing Universal Merchant AAT-MKLXOOZWQL7GO;Amazon PLCC Free-Financing Universal Merchant AAT-CB7UNXEXGIJTC;Amazon PLCC Free-Financing Universal Merchant #MP-gzasho-1593152694811;Amazon PLCC Free-Financing Universal Merchant AAT-WLBA4GZ52EAH4,FALSE,Easy Ship
187,402-2720308-2560327,4/30/2022,Shipped,Amazon,Amazon.in,Expedited,J0308,J0308-DR-L,Western Dress,L,B099NS9KRN,Shipped,1,INR,665,MUMBAI,MAHARASHTRA,400016,IN,,FALSE,
188,402-0589123-6183541,4/30/2022,Shipped,Amazon,Amazon.in,Expedited,NW030,NW030-TP-PJ-L,Set,L,B09G2T795K,Shipped,1,INR,582,MUMBAI,MAHARASHTRA,400016,IN,,FALSE,
189,408-3874942-9917143,4/30/2022,Shipped,Amazon,Amazon.in,Expedited,SET360,SET360-KR-NP-XL,Set,XL,B09QJLG4DF,Shipped,1,INR,1126,SAMBHAL,UTTAR PRADESH,244302,IN,IN Core Free Shipping 2015/04/08 23-48-5-108,FALSE,
190,402-1706149-0949104,4/30/2022,Shipped,Amazon,Amazon.in,Expedited,PJNE3373,PJNE3373-KR-N-6XL,kurta,6XL,B09LD3TCYP,Shipped,1,INR,534,NAGPUR,MAHARASHTRA,441002,IN,IN Core Free Shipping 2015/04/08 23-48-5-108,FALSE,
191,407-1672316-3245939,4/30/2022,Shipped,Amazon,Amazon.in,Expedited,JNE3449,JNE3449-KR-XXL,kurta,XXL,B08BF9DZ3F,Shipped,1,INR,319,ELAVANASURKOTTAI,TAMIL NADU,607202,IN,Duplicated A12RHGVGRWOT3S 1560498941486,FALSE,
192,405-1832646-7988329,4/30/2022,Shipped,Amazon,Amazon.in,Expedited,JNE3786,JNE3786-KR-S,kurta,S,B09M72VK88,Shipped,1,INR,368,SANGLI MIRAJ KUPWAD,MAHARASHTRA,416410,IN,,FALSE,
193,408-9692204-9817146,4/30/2022,Cancelled,Amazon,Amazon.in,Expedited,SET324,SET324-KR-NP-M,Set,M,B09NQ4NM75,Unshipped,1,INR,597,KALYAN,MAHARASHTRA,421306,IN,,FALSE,
194,402-9339129-6219537,4/30/2022,Cancelled,Amazon,Amazon.in,Expedited,J0003,J0003-SET-XXL,Set,XXL,B0894XKVH3,Unshipped,1,INR,654,MYSURU,KARNATAKA,570016,IN,,FALSE,
195,405-3036350-8089120,4/30/2022,Shipped,Amazon,Amazon.in,Expedited,J0314,J0314-KR-M,kurta,M,B08PV1NB1B,Shipped,1,INR,795,ANKLESHWR,Gujarat,393002,IN,IN Core Free Shipping 2015/04/08 23-48-5-108,FALSE,
196,404-6680046-0839536,4/30/2022,Shipped - Delivered to Buyer,Merchant,Amazon.in,Standard,J0341,J0341-DR-M,Western Dress,M,B099NQQ79L,Shipped,1,INR,744,Chennai,TAMIL NADU,600117,IN,Amazon PLCC Free-Financing Universal Merchant AAT-WNKTBO3K27EJC;Amazon PLCC Free-Financing Universal Merchant AAT-QX3UCCJESKPA2;Amazon PLCC Free-Financing Universal Merchant AAT-5QQ7BIYYQEDN2;Amazon PLCC Free-Financing Universal Merchant AAT-DSJ2QRXXWXVMQ;Amazon PLCC Free-Financing Universal Merchant AAT-CXJHMC2YJUK76;Amazon PLCC Free-Financing Universal Merchant AAT-SL3Y2YRMAUNFC;Amazon PLCC Free-Financing Universal Merchant AAT-CC4FAVTYR4X7C;Amazon PLCC Free-Financing Universal Merchant AAT-XXRCW6NZEPZI4;Amazon PLCC Free-Financing Universal Merchant AAT-R7GXNZWISTRFA;Amazon PLCC Free-Financing Universal Merchant AAT-EOKPWFWYW7Y6I;Amazon PLCC Free-Financing Universal Merchant AAT-ZYL5UPUNW6T62;Amazon PLCC Free-Financing Universal Merchant AAT-ETXQ3XXWMRXBG;Amazon PLCC Free-Financing Universal Merchant AAT-7X3XCTYG64VBE;Amazon PLCC Free-Financing Universal Merchant AAT-7CHGD3WTS3MHM;Amazon PLCC Free-Financing Universal Merchant AAT-26ZDKNME27X42;Amazon PLCC Free-Financing Universal Merchant AAT-4ZF5KN6E4LJK4;Amazon PLCC Free-Financing Universal Merchant AAT-7RCXIKUAX7DDY;Amazon PLCC Free-Financing Universal Merchant AAT-TNYBHEAO7HOHO;Amazon PLCC Free-Financing Universal Merchant AAT-BRSZZ45H6MHAO;Amazon PLCC Free-Financing Universal Merchant AAT-MKLXOOZWQL7GO;Amazon PLCC Free-Financing Universal Merchant AAT-CB7UNXEXGIJTC;Amazon PLCC Free-Financing Universal Merchant #MP-gzasho-1593152694811;Amazon PLCC Free-Financing Universal Merchant AAT-WLBA4GZ52EAH4;Amazon PLCC Free-Financing Universal Merchant AAT-QMFZ3M7T5NPDS;Amazon PLCC Free-Financing Universal Merchant #MP-pmilan-1601980554292,FALSE,Easy Ship
197,406-2966654-4672325,4/30/2022,Shipped,Amazon,Amazon.in,Expedited,PJNE3068,PJNE3068-KR-4XL,kurta,4XL,B09M75YGQF,Shipped,1,INR,692,Greater Noida West,UTTAR PRADESH,201009,IN,,FALSE,
198,403-4845285-4565113,4/30/2022,Shipped,Amazon,Amazon.in,Expedited,J0340,J0340-TP-M,Top,M,B0986XSXR1,Shipped,1,INR,563,JAMMU,JAMMU & KASHMIR,180007,IN,IN Core Free Shipping 2015/04/08 23-48-5-108,FALSE,
199,171-4496851-5319548,4/30/2022,Shipped,Amazon,Amazon.in,Expedited,JNE3687,JNE3687-TU-M,Top,M,B0986XRZ8X,Shipped,1,INR,545,BENGALURU,KARNATAKA,560085,IN,,FALSE,
200,408-3416118-1167564,4/30/2022,Shipped,Amazon,Amazon.in,Expedited,J0376,J0376-SKD-L,Set,L,B09QJ4PXZ3,Shipped,1,INR,999,ITANAGAR,ARUNACHAL PRADESH,791113,IN,IN Core Free Shipping 2015/04/08 23-48-5-108,FALSE,
201,406-1590113-9193914,4/30/2022,Shipped,Amazon,Amazon.in,Expedited,J0003,J0003-SET-M,Set,M,B0894XH3LN,Shipped,1,INR,654,KOLKATA,WEST BENGAL,700075,IN,IN Core Free Shipping 2015/04/08 23-48-5-108,FALSE,
202,404-0363929-8015528,4/30/2022,Shipped,Amazon,Amazon.in,Expedited,J0198,J0198-TP-S,Top,S,B0986XYHCY,Shipped,1,INR,588,KARANJA,MAHARASHTRA,444105,IN,IN Core Free Shipping 2015/04/08 23-48-5-108,FALSE,
203,407-7173744-5333154,4/30/2022,Shipped - Delivered to Buyer,Merchant,Amazon.in,Standard,JNE3453,JNE3453-KR-S,kurta,S,B085HMWJ4R,Shipped,1,INR,497,NEW DELHI,DELHI,110074,IN,Amazon PLCC Free-Financing Universal Merchant AAT-WNKTBO3K27EJC;Amazon PLCC Free-Financing Universal Merchant AAT-QX3UCCJESKPA2;Amazon PLCC Free-Financing Universal Merchant AAT-5QQ7BIYYQEDN2;Amazon PLCC Free-Financing Universal Merchant AAT-DSJ2QRXXWXVMQ;Amazon PLCC Free-Financing Universal Merchant AAT-CXJHMC2YJUK76;Amazon PLCC Free-Financing Universal Merchant AAT-SL3Y2YRMAUNFC;Amazon PLCC Free-Financing Universal Merchant AAT-CC4FAVTYR4X7C;Amazon PLCC Free-Financing Universal Merchant AAT-XXRCW6NZEPZI4;Amazon PLCC Free-Financing Universal Merchant AAT-EOKPWFWYW7Y6I;Amazon PLCC Free-Financing Universal Merchant AAT-ETXQ3XXWMRXBG;Amazon PLCC Free-Financing Universal Merchant AAT-7X3XCTYG64VBE;Amazon PLCC Free-Financing Universal Merchant AAT-7CHGD3WTS3MHM;Amazon PLCC Free-Financing Universal Merchant AAT-26ZDKNME27X42;Amazon PLCC Free-Financing Universal Merchant AAT-4ZF5KN6E4LJK4;Amazon PLCC Free-Financing Universal Merchant AAT-7RCXIKUAX7DDY;Amazon PLCC Free-Financing Universal Merchant AAT-BRSZZ45H6MHAO;Amazon PLCC Free-Financing Universal Merchant AAT-MKLXOOZWQL7GO;Amazon PLCC Free-Financing Universal Merchant AAT-CB7UNXEXGIJTC;Amazon PLCC Free-Financing Universal Merchant #MP-gzasho-1593152694811;Amazon PLCC Free-Financing Universal Merchant AAT-WLBA4GZ52EAH4,FALSE,Easy Ship
204,405-6880044-2861120,4/30/2022,Shipped,Amazon,Amazon.in,Expedited,JNE3795,JNE3795-KR-XXXL,kurta,3XL,B09HMXJVFS,Shipped,1,INR,517,NIMBAHERA,RAJASTHAN,312620,IN,IN Core Free Shipping 2015/04/08 23-48-5-108,FALSE,
205,403-4337144-0984323,4/30/2022,Cancelled,Amazon,Amazon.in,Expedited,J0340,J0340-TP-M,Top,M,B0986XSXR1,Cancelled,0,,,JAMMU,JAMMU & KASHMIR,180007,IN,,FALSE,
206,171-1851948-5476361,4/30/2022,Shipped,Amazon,Amazon.in,Expedited,SET398,SET398-KR-PP-M,Set,M,B09RPRS8JL,Shipped,1,INR,1115,Imphal East,MANIPUR,795010,IN,IN Core Free Shipping 2015/04/08 23-48-5-108,FALSE,
207,171-5810429-4493110,4/30/2022,Shipped,Amazon,Amazon.in,Standard,NW033,NW033-ST-CP-XXXL,Set,3XL,B099NPX9K3,Shipped,1,INR,582,BIDHAN NAGAR,WEST BENGAL,700064,IN,,FALSE,
208,171-1068229-1581965,4/30/2022,Shipped,Amazon,Amazon.in,Expedited,NW037,NW037-TP-SR-XXXL,Set,3XL,B099NQT8H8,Shipped,1,INR,449,BIDHAN NAGAR,WEST BENGAL,700064,IN,IN Core Free Shipping 2015/04/08 23-48-5-108,FALSE,
209,402-2105140-3584364,4/30/2022,Shipped,Amazon,Amazon.in,Expedited,JNE3618,JNE3618-KR-M,kurta,M,B091Q9Q34N,Shipped,1,INR,375,BENGALURU,KARNATAKA,560064,IN,,FALSE,
210,403-3561336-3563535,4/30/2022,Shipped,Amazon,Amazon.in,Expedited,SET290,SET290-KR-DPT-M,Set,M,B09B5922WD,Shipped,1,INR,771,AHMEDABAD,Gujarat,380015,IN,,FALSE,
211,402-9532672-5385917,4/30/2022,Shipped,Amazon,Amazon.in,Expedited,JNE3405,JNE3405-KR-L,kurta,L,B081WSCKPQ,Shipped,1,INR,399,TIRUCHIRAPPALLI,TAMIL NADU,620001,IN,,FALSE,
212,408-4547464-4180323,4/30/2022,Shipped - Delivered to Buyer,Merchant,Amazon.in,Standard,JNE3568,JNE3568-KR-XXL,kurta,XXL,B08KRYXSYH,Shipped,1,INR,0,BHUBANESWAR,ODISHA,752054,IN,Amazon PLCC Free-Financing Universal Merchant AAT-5QQ7BIYYQEDN2;Amazon PLCC Free-Financing Universal Merchant AAT-DSJ2QRXXWXVMQ;Amazon PLCC Free-Financing Universal Merchant AAT-XXRCW6NZEPZI4;Amazon PLCC Free-Financing Universal Merchant AAT-ETXQ3XXWMRXBG;Amazon PLCC Free-Financing Universal Merchant AAT-7X3XCTYG64VBE;Amazon PLCC Free-Financing Universal Merchant AAT-7CHGD3WTS3MHM;Amazon PLCC Free-Financing Universal Merchant AAT-26ZDKNME27X42;Amazon PLCC Free-Financing Universal Merchant AAT-4ZF5KN6E4LJK4;Amazon PLCC Free-Financing Universal Merchant AAT-7RCXIKUAX7DDY;Amazon PLCC Free-Financing Universal Merchant #MP-gzasho-1593152694811,FALSE,Easy Ship
213,402-2211107-5096323,4/30/2022,Shipped,Amazon,Amazon.in,Expedited,J0003,J0003-SET-XXXL,Set,3XL,B0894Y3VBB,Shipped,1,INR,654,ALIGARH,UTTAR PRADESH,202001,IN,IN Core Free Shipping 2015/04/08 23-48-5-108,FALSE,
214,403-9412025-7537140,4/30/2022,Shipped,Amazon,Amazon.in,Expedited,JNE2153,JNE2153-KR-278-A-S,kurta,S,B0794T8ZLN,Shipped,1,INR,424,KOCHI,KERALA,682006,IN,IN Core Free Shipping 2015/04/08 23-48-5-108,FALSE,
215,403-5456917-5571511,4/30/2022,Cancelled,Amazon,Amazon.in,Expedited,JNE3861,JNE3861-DR-XL,Western Dress,XL,B09SDZ14KR,Cancelled,0,,,GHAZIABAD,UTTAR PRADESH,201014,IN,,FALSE,
216,171-8452330-4756317,4/30/2022,Shipped,Amazon,Amazon.in,Expedited,JNE3645,JNE3645-TP-N-XS,Top,XS,B08ZJ2CB3B,Shipped,1,INR,432,PUNE,MAHARASHTRA,412207,IN,IN Core Free Shipping 2015/04/08 23-48-5-108,FALSE,
217,171-4350114-4299568,4/30/2022,Shipped - Delivered to Buyer,Merchant,Amazon.in,Standard,JNE3662,JNE3662-TP-XS,Top,XS,B0986ZVL6Y,Shipped,1,INR,399,PUNE,MAHARASHTRA,412207,IN,Amazon PLCC Free-Financing Universal Merchant AAT-WNKTBO3K27EJC;Amazon PLCC Free-Financing Universal Merchant AAT-QX3UCCJESKPA2;Amazon PLCC Free-Financing Universal Merchant AAT-5QQ7BIYYQEDN2;Amazon PLCC Free-Financing Universal Merchant AAT-DSJ2QRXXWXVMQ;Amazon PLCC Free-Financing Universal Merchant AAT-CXJHMC2YJUK76;Amazon PLCC Free-Financing Universal Merchant AAT-CC4FAVTYR4X7C;Amazon PLCC Free-Financing Universal Merchant AAT-XXRCW6NZEPZI4;Amazon PLCC Free-Financing Universal Merchant AAT-R7GXNZWISTRFA;Amazon PLCC Free-Financing Universal Merchant AAT-EOKPWFWYW7Y6I;Amazon PLCC Free-Financing Universal Merchant AAT-ZYL5UPUNW6T62;Amazon PLCC Free-Financing Universal Merchant AAT-ETXQ3XXWMRXBG;Amazon PLCC Free-Financing Universal Merchant AAT-7X3XCTYG64VBE;Amazon PLCC Free-Financing Universal Merchant AAT-7CHGD3WTS3MHM;Amazon PLCC Free-Financing Universal Merchant AAT-26ZDKNME27X42;Amazon PLCC Free-Financing Universal Merchant AAT-4ZF5KN6E4LJK4;Amazon PLCC Free-Financing Universal Merchant AAT-7RCXIKUAX7DDY;Amazon PLCC Free-Financing Universal Merchant AAT-BRSZZ45H6MHAO;Amazon PLCC Free-Financing Universal Merchant AAT-MKLXOOZWQL7GO;Amazon PLCC Free-Financing Universal Merchant AAT-CB7UNXEXGIJTC;Amazon PLCC Free-Financing Universal Merchant #MP-gzasho-1593152694811;Amazon PLCC Free-Financing Universal Merchant AAT-WLBA4GZ52EAH4,FALSE,Easy Ship
218,405-8692900-3888310,4/30/2022,Shipped,Amazon,Amazon.in,Expedited,JNE3440,JNE3440-KR-N-L,kurta,L,B081X7JHBC,Shipped,1,INR,399,Bangalore,KARNATAKA,560016,IN,IN Core Free Shipping 2015/04/08 23-48-5-108,FALSE,
219,402-6750101-3923558,4/30/2022,Shipped,Amazon,Amazon.in,Expedited,SET331,SET331-KR-NP-S,Set,S,B09NQ47F17,Shipped,1,INR,597,MALAPPURAM,KERALA,676517,IN,IN Core Free Shipping 2015/04/08 23-48-5-108,FALSE,
220,403-5725327-6264327,4/30/2022,Shipped,Amazon,Amazon.in,Expedited,J0301,J0301-TP-M,Top,M,B099S9DTR2,Shipped,1,INR,463,NOIDA,UTTAR PRADESH,201301,IN,IN Core Free Shipping 2015/04/08 23-48-5-108,FALSE,
221,403-5209693-1173944,4/30/2022,Shipped,Amazon,Amazon.in,Expedited,MEN5004,MEN5004-KR-XL,kurta,XL,B08YZ19332,Shipped,1,INR,484,GREATER NOIDA,UTTAR PRADESH,201308,IN,IN Core Free Shipping 2015/04/08 23-48-5-108,FALSE,
222,403-8255889-7526765,4/30/2022,Shipped,Amazon,Amazon.in,Expedited,J0352,J0352-KR-S,kurta,S,B098119Y7R,Shipped,1,INR,635,PATNA,BIHAR,800023,IN,IN Core Free Shipping 2015/04/08 23-48-5-108,FALSE,
223,407-3554912-7244363,4/30/2022,Shipped,Amazon,Amazon.in,Expedited,JNE3160,JNE3160-KR-G-XXL,kurta,XXL,B07K44CD3P,Shipped,1,INR,685,SIBSAGAR,ASSAM,785674,IN,IN Core Free Shipping 2015/04/08 23-48-5-108,FALSE,
224,407-4737202-9096304,4/30/2022,Shipped - Delivered to Buyer,Merchant,Amazon.in,Standard,JNE3798,JNE3798-KR-M,Western Dress,M,B09SDXTRS9,Shipped,1,INR,725,GAYA,BIHAR,823001,IN,Amazon PLCC Free-Financing Universal Merchant AAT-WNKTBO3K27EJC;Amazon PLCC Free-Financing Universal Merchant AAT-QX3UCCJESKPA2;Amazon PLCC Free-Financing Universal Merchant AAT-5QQ7BIYYQEDN2;Amazon PLCC Free-Financing Universal Merchant AAT-DSJ2QRXXWXVMQ;Amazon PLCC Free-Financing Universal Merchant AAT-CXJHMC2YJUK76;Amazon PLCC Free-Financing Universal Merchant AAT-CC4FAVTYR4X7C;Amazon PLCC Free-Financing Universal Merchant AAT-XXRCW6NZEPZI4;Amazon PLCC Free-Financing Universal Merchant AAT-EOKPWFWYW7Y6I;Amazon PLCC Free-Financing Universal Merchant AAT-ZYL5UPUNW6T62;Amazon PLCC Free-Financing Universal Merchant AAT-ETXQ3XXWMRXBG;Amazon PLCC Free-Financing Universal Merchant AAT-7X3XCTYG64VBE;Amazon PLCC Free-Financing Universal Merchant AAT-7CHGD3WTS3MHM;Amazon PLCC Free-Financing Universal Merchant AAT-26ZDKNME27X42;Amazon PLCC Free-Financing Universal Merchant AAT-4ZF5KN6E4LJK4;Amazon PLCC Free-Financing Universal Merchant AAT-7RCXIKUAX7DDY;Amazon PLCC Free-Financing Universal Merchant AAT-BRSZZ45H6MHAO;Amazon PLCC Free-Financing Universal Merchant AAT-MKLXOOZWQL7GO;Amazon PLCC Free-Financing Universal Merchant AAT-CB7UNXEXGIJTC;Amazon PLCC Free-Financing Universal Merchant #MP-gzasho-1593152694811;Amazon PLCC Free-Financing Universal Merchant AAT-WLBA4GZ52EAH4,FALSE,Easy Ship
225,171-2842936-5423534,4/30/2022,Shipped,Amazon,Amazon.in,Expedited,JNE3690,JNE3690-TU-XL,Top,XL,B094FKN153,Shipped,1,INR,487,BENGALURU,KARNATAKA,560083,IN,,FALSE,
226,407-4936046-5852304,4/30/2022,Cancelled,Merchant,Amazon.in,Standard,SET355,SET355-KR-PP-XXL,Set,XXL,B09RKD8HQJ,,0,INR,1249.11,GURUGRAM,HARYANA,122001,IN,,FALSE,Easy Ship
227,407-4936046-5852304,4/30/2022,Cancelled,Merchant,Amazon.in,Standard,SET317,SET317-KR-PP-XXL,Set,XXL,B09RKD5B2W,,0,INR,1058.93,GURUGRAM,HARYANA,122001,IN,,FALSE,Easy Ship
228,402-9580874-3525948,4/30/2022,Shipped,Amazon,Amazon.in,Expedited,SET375,SET375-KR-NP-XL,Set,XL,B09RKFLLF1,Shipped,1,INR,696,KOLLAM,KERALA,691522,IN,IN Core Free Shipping 2015/04/08 23-48-5-108,FALSE,
229,404-7426070-1355530,4/30/2022,Shipped,Amazon,Amazon.in,Expedited,JNE3371,JNE3371-KR-M,kurta,M,B07WP5HRMB,Shipped,1,INR,329,HYDERABAD,TELANGANA,500034,IN,,FALSE,
230,406-4878137-1126707,4/30/2022,Shipped,Amazon,Amazon.in,Expedited,JNE3465,JNE3465-KR-S,kurta,S,B08BF4GQ9V,Shipped,1,INR,517,PUNE,MAHARASHTRA,411052,IN,IN Core Free Shipping 2015/04/08 23-48-5-108,FALSE,
231,171-3505516-3505949,4/30/2022,Shipped,Amazon,Amazon.in,Expedited,SET116,SET116-KR-NP-XL,Set,XL,B082Z3MRPB,Shipped,1,INR,591,PUNE,MAHARASHTRA,411046,IN,IN Core Free Shipping 2015/04/08 23-48-5-108,FALSE,
232,406-6199849-7523514,4/30/2022,Shipped,Amazon,Amazon.in,Expedited,JNE3781,JNE3781-KR-XXXL,kurta,3XL,B09K3WFS32,Shipped,1,INR,406,PERALASSERI,KERALA,670622,IN,,FALSE,
233,406-6180074-2350757,4/30/2022,Shipped,Amazon,Amazon.in,Expedited,SET147,SET147-KR-NP-XL,Set,XL,B089B1J57W,Shipped,1,INR,684,BENGALURU,KARNATAKA,560102,IN,IN Core Free Shipping 2015/04/08 23-48-5-108,FALSE,
234,406-6180074-2350757,4/30/2022,Shipped,Amazon,Amazon.in,Expedited,SET397,SET397-KR-NP-XL,Set,XL,B09RKDB8SB,Shipped,1,INR,1115,BENGALURU,KARNATAKA,560102,IN,IN Core Free Shipping 2015/04/08 23-48-5-108,FALSE,
235,406-2403215-8361103,4/30/2022,Shipped - Delivered to Buyer,Merchant,Amazon.in,Standard,SET300,SET300-KR-NP-L,Set,L,B09KXTBZ3N,Shipped,1,INR,999,BENGALURU,KARNATAKA,560102,IN,Amazon PLCC Free-Financing Universal Merchant AAT-WNKTBO3K27EJC;Amazon PLCC Free-Financing Universal Merchant AAT-QX3UCCJESKPA2;Amazon PLCC Free-Financing Universal Merchant AAT-5QQ7BIYYQEDN2;Amazon PLCC Free-Financing Universal Merchant AAT-DSJ2QRXXWXVMQ;Amazon PLCC Free-Financing Universal Merchant AAT-CXJHMC2YJUK76;Amazon PLCC Free-Financing Universal Merchant AAT-CC4FAVTYR4X7C;Amazon PLCC Free-Financing Universal Merchant AAT-XXRCW6NZEPZI4;Amazon PLCC Free-Financing Universal Merchant AAT-WSJLDN3X7KEMO;Amazon PLCC Free-Financing Universal Merchant AAT-VL6FGQVGQVXUS;Amazon PLCC Free-Financing Universal Merchant AAT-EOKPWFWYW7Y6I;Amazon PLCC Free-Financing Universal Merchant AAT-ZYL5UPUNW6T62;Amazon PLCC Free-Financing Universal Merchant AAT-ETXQ3XXWMRXBG;Amazon PLCC Free-Financing Universal Merchant AAT-7X3XCTYG64VBE;Amazon PLCC Free-Financing Universal Merchant AAT-7CHGD3WTS3MHM;Amazon PLCC Free-Financing Universal Merchant AAT-26ZDKNME27X42;Amazon PLCC Free-Financing Universal Merchant AAT-4ZF5KN6E4LJK4;Amazon PLCC Free-Financing Universal Merchant AAT-7RCXIKUAX7DDY;Amazon PLCC Free-Financing Universal Merchant AAT-BRSZZ45H6MHAO;Amazon PLCC Free-Financing Universal Merchant AAT-MKLXOOZWQL7GO;Amazon PLCC Free-Financing Universal Merchant AAT-CB7UNXEXGIJTC;Amazon PLCC Free-Financing Universal Merchant #MP-gzasho-1593152694811;Amazon PLCC Free-Financing Universal Merchant AAT-WLBA4GZ52EAH4,FALSE,Easy Ship
236,404-6578109-5618751,4/30/2022,Shipped - Delivered to Buyer,Merchant,Amazon.in,Standard,JNE3384,JNE3384-KR-M,kurta,M,B084KYYXR3,Shipped,1,INR,295,BENGALURU,KARNATAKA,560100,IN,Amazon PLCC Free-Financing Universal Merchant AAT-WNKTBO3K27EJC;Amazon PLCC Free-Financing Universal Merchant AAT-QX3UCCJESKPA2;Amazon PLCC Free-Financing Universal Merchant AAT-5QQ7BIYYQEDN2;Amazon PLCC Free-Financing Universal Merchant AAT-DSJ2QRXXWXVMQ;Amazon PLCC Free-Financing Universal Merchant AAT-CXJHMC2YJUK76;Amazon PLCC Free-Financing Universal Merchant AAT-CC4FAVTYR4X7C;Amazon PLCC Free-Financing Universal Merchant AAT-XXRCW6NZEPZI4;Amazon PLCC Free-Financing Universal Merchant AAT-EOKPWFWYW7Y6I;Amazon PLCC Free-Financing Universal Merchant AAT-ZYL5UPUNW6T62;Amazon PLCC Free-Financing Universal Merchant AAT-ETXQ3XXWMRXBG;Amazon PLCC Free-Financing Universal Merchant AAT-7X3XCTYG64VBE;Amazon PLCC Free-Financing Universal Merchant AAT-7CHGD3WTS3MHM;Amazon PLCC Free-Financing Universal Merchant AAT-26ZDKNME27X42;Amazon PLCC Free-Financing Universal Merchant AAT-4ZF5KN6E4LJK4;Amazon PLCC Free-Financing Universal Merchant AAT-7RCXIKUAX7DDY;Amazon PLCC Free-Financing Universal Merchant AAT-BRSZZ45H6MHAO;Amazon PLCC Free-Financing Universal Merchant AAT-MKLXOOZWQL7GO;Amazon PLCC Free-Financing Universal Merchant AAT-CB7UNXEXGIJTC;Amazon PLCC Free-Financing Universal Merchant #MP-gzasho-1593152694811;Amazon PLCC Free-Financing Universal Merchant AAT-WLBA4GZ52EAH4,FALSE,Easy Ship
237,407-2307966-4961113,4/30/2022,Shipped,Amazon,Amazon.in,Expedited,JNE3291,JNE3291-KR-XL,kurta,XL,B07R4XJNW3,Shipped,1,INR,442,UDUPI,KARNATAKA,576104,IN,,FALSE,
238,404-5539778-0029904,4/30/2022,Shipped,Amazon,Amazon.in,Expedited,SET291,SET291-KR-PP-L,Set,L,B099NJKJ54,Shipped,1,INR,563,MARIANI,ASSAM,785634,IN,IN Core Free Shipping 2015/04/08 23-48-5-108,FALSE,
239,171-6222676-0740318,4/30/2022,Shipped,Amazon,Amazon.in,Expedited,JNE3399,JNE3399-KR-L,kurta,L,B082W8354V,Shipped,1,INR,435,NEW DELHI,DELHI,110075,IN,IN Core Free Shipping 2015/04/08 23-48-5-108,FALSE,
240,403-2166075-2254703,4/30/2022,Shipped,Amazon,Amazon.in,Expedited,SET291,SET291-KR-PP-M,Set,M,B099NK55YG,Shipped,1,INR,563,MANGALURU,KARNATAKA,575006,IN,IN Core Free Shipping 2015/04/08 23-48-5-108,FALSE,
241,407-5766340-7411567,4/30/2022,Shipped,Amazon,Amazon.in,Expedited,JNE3440,JNE3440-KR-N-XS,kurta,XS,B09HMY3YLT,Shipped,1,INR,399,AHMEDABAD,Gujarat,380022,IN,IN Core Free Shipping 2015/04/08 23-48-5-108,TRUE,
242,404-0634392-1837110,4/30/2022,Cancelled,Amazon,Amazon.in,Expedited,J0198,J0198-TP-S,Top,S,B0986XYHCY,Cancelled,0,,,KARANJA,MAHARASHTRA,444105,IN,,FALSE,
243,408-2759943-9849959,4/30/2022,Shipped,Amazon,Amazon.in,Expedited,SET363,SET363-KR-NP-XXL,Set,XXL,B09TH61GMF,Shipped,1,INR,1338,KOLKATA,WEST BENGAL,700051,IN,IN Core Free Shipping 2015/04/08 23-48-5-108,FALSE,
244,403-5977671-8855508,4/30/2022,Shipped - Returned to Seller,Merchant,Amazon.in,Standard,SET304,SET304-KR-DPT-XS,Set,XS,B09K3LRR2T,Shipped,1,INR,1115,COOCH BEHAR,WEST BENGAL,736101,IN,Amazon PLCC Free-Financing Universal Merchant AAT-WNKTBO3K27EJC;Amazon PLCC Free-Financing Universal Merchant AAT-QX3UCCJESKPA2;Amazon PLCC Free-Financing Universal Merchant AAT-5QQ7BIYYQEDN2;Amazon PLCC Free-Financing Universal Merchant AAT-DSJ2QRXXWXVMQ;Amazon PLCC Free-Financing Universal Merchant AAT-CXJHMC2YJUK76;Amazon PLCC Free-Financing Universal Merchant AAT-SL3Y2YRMAUNFC;Amazon PLCC Free-Financing Universal Merchant AAT-CC4FAVTYR4X7C;Amazon PLCC Free-Financing Universal Merchant AAT-XXRCW6NZEPZI4;Amazon PLCC Free-Financing Universal Merchant AAT-EOKPWFWYW7Y6I;Amazon PLCC Free-Financing Universal Merchant AAT-ZYL5UPUNW6T62;Amazon PLCC Free-Financing Universal Merchant AAT-ETXQ3XXWMRXBG;Amazon PLCC Free-Financing Universal Merchant AAT-7X3XCTYG64VBE;Amazon PLCC Free-Financing Universal Merchant AAT-7CHGD3WTS3MHM;Amazon PLCC Free-Financing Universal Merchant AAT-26ZDKNME27X42;Amazon PLCC Free-Financing Universal Merchant AAT-4ZF5KN6E4LJK4;Amazon PLCC Free-Financing Universal Merchant AAT-7RCXIKUAX7DDY;Amazon PLCC Free-Financing Universal Merchant AAT-BRSZZ45H6MHAO;Amazon PLCC Free-Financing Universal Merchant AAT-MKLXOOZWQL7GO;Amazon PLCC Free-Financing Universal Merchant AAT-CB7UNXEXGIJTC;Amazon PLCC Free-Financing Universal Merchant #MP-gzasho-1593152694811;Amazon PLCC Free-Financing Universal Merchant AAT-WLBA4GZ52EAH4,FALSE,Easy Ship
245,408-9321153-0591557,4/30/2022,Shipped,Amazon,Amazon.in,Expedited,JNE3405,JNE3405-KR-XL,kurta,XL,B081WT6GG7,Shipped,1,INR,399,BENGALURU,KARNATAKA,560029,IN,,FALSE,
246,404-0696150-3898703,4/30/2022,Shipped - Delivered to Buyer,Merchant,Amazon.in,Standard,J0348,J0348-SET-S,Set,S,B09HNSNWRH,Shipped,1,INR,499,PUNE,MAHARASHTRA,411037,IN,Amazon PLCC Free-Financing Universal Merchant AAT-WNKTBO3K27EJC;Amazon PLCC Free-Financing Universal Merchant AAT-QX3UCCJESKPA2;Amazon PLCC Free-Financing Universal Merchant AAT-5QQ7BIYYQEDN2;Amazon PLCC Free-Financing Universal Merchant AAT-DSJ2QRXXWXVMQ;Amazon PLCC Free-Financing Universal Merchant AAT-CXJHMC2YJUK76;Amazon PLCC Free-Financing Universal Merchant AAT-SL3Y2YRMAUNFC;Amazon PLCC Free-Financing Universal Merchant AAT-CC4FAVTYR4X7C;Amazon PLCC Free-Financing Universal Merchant AAT-XXRCW6NZEPZI4;Amazon PLCC Free-Financing Universal Merchant AAT-EOKPWFWYW7Y6I;Amazon PLCC Free-Financing Universal Merchant AAT-ETXQ3XXWMRXBG;Amazon PLCC Free-Financing Universal Merchant AAT-7X3XCTYG64VBE;Amazon PLCC Free-Financing Universal Merchant AAT-7CHGD3WTS3MHM;Amazon PLCC Free-Financing Universal Merchant AAT-26ZDKNME27X42;Amazon PLCC Free-Financing Universal Merchant AAT-4ZF5KN6E4LJK4;Amazon PLCC Free-Financing Universal Merchant AAT-7RCXIKUAX7DDY;Amazon PLCC Free-Financing Universal Merchant AAT-BRSZZ45H6MHAO;Amazon PLCC Free-Financing Universal Merchant AAT-MKLXOOZWQL7GO;Amazon PLCC Free-Financing Universal Merchant AAT-CB7UNXEXGIJTC;Amazon PLCC Free-Financing Universal Merchant #MP-gzasho-1593152694811;Amazon PLCC Free-Financing Universal Merchant AAT-WLBA4GZ52EAH4,FALSE,Easy Ship
247,406-7586136-6520337,4/30/2022,Shipped - Delivered to Buyer,Merchant,Amazon.in,Standard,J0399,J0399-DR-M,Western Dress,M,B09SDYL6L2,Shipped,1,INR,791,DEHRADUN,UTTARAKHAND,248009,IN,Amazon PLCC Free-Financing Universal Merchant AAT-WNKTBO3K27EJC;Amazon PLCC Free-Financing Universal Merchant AAT-QX3UCCJESKPA2;Amazon PLCC Free-Financing Universal Merchant AAT-5QQ7BIYYQEDN2;Amazon PLCC Free-Financing Universal Merchant AAT-DSJ2QRXXWXVMQ;Amazon PLCC Free-Financing Universal Merchant AAT-CXJHMC2YJUK76;Amazon PLCC Free-Financing Universal Merchant AAT-CC4FAVTYR4X7C;Amazon PLCC Free-Financing Universal Merchant AAT-XXRCW6NZEPZI4;Amazon PLCC Free-Financing Universal Merchant AAT-EOKPWFWYW7Y6I;Amazon PLCC Free-Financing Universal Merchant AAT-ZYL5UPUNW6T62;Amazon PLCC Free-Financing Universal Merchant AAT-ETXQ3XXWMRXBG;Amazon PLCC Free-Financing Universal Merchant AAT-7X3XCTYG64VBE;Amazon PLCC Free-Financing Universal Merchant AAT-7CHGD3WTS3MHM;Amazon PLCC Free-Financing Universal Merchant AAT-26ZDKNME27X42;Amazon PLCC Free-Financing Universal Merchant AAT-4ZF5KN6E4LJK4;Amazon PLCC Free-Financing Universal Merchant AAT-7RCXIKUAX7DDY;Amazon PLCC Free-Financing Universal Merchant AAT-TNYBHEAO7HOHO;Amazon PLCC Free-Financing Universal Merchant AAT-BRSZZ45H6MHAO;Amazon PLCC Free-Financing Universal Merchant AAT-MKLXOOZWQL7GO;Amazon PLCC Free-Financing Universal Merchant AAT-CB7UNXEXGIJTC;Amazon PLCC Free-Financing Universal Merchant #MP-gzasho-1593152694811;Amazon PLCC Free-Financing Universal Merchant AAT-WLBA4GZ52EAH4;Amazon PLCC Free-Financing Universal Merchant AAT-QMFZ3M7T5NPDS;Amazon PLCC Free-Financing Universal Merchant #MP-pmilan-1601980554292,FALSE,Easy Ship
248,407-6146457-8788352,4/30/2022,Shipped,Amazon,Amazon.in,Expedited,JNE3797,JNE3797-KR-M,Western Dress,M,B09SDY8DCT,Shipped,1,INR,725,GAYA,BIHAR,823001,IN,IN Core Free Shipping 2015/04/08 23-48-5-108,FALSE,
249,404-8514200-3544346,4/30/2022,Cancelled,Amazon,Amazon.in,Expedited,JNE3440,JNE3440-KR-N-M,kurta,M,B081WY1SP3,Cancelled,0,,,BENGALURU,KARNATAKA,560036,IN,,FALSE,
250,404-7452877-2137949,4/30/2022,Cancelled,Merchant,Amazon.in,Standard,JNE3802,JNE3802-KR-M,kurta,M,B09K3W2LHF,,0,,,BENGALURU,KARNATAKA,560036,IN,,FALSE,Easy Ship
251,402-2703790-2816329,4/30/2022,Cancelled,Merchant,Amazon.in,Standard,J0285,J0285-SKD-M,Set,M,B08QGNW2H8,,0,INR,1278.57,JHARIA KHAS,JHARKHAND,828111,IN,,FALSE,Easy Ship
252,407-1515930-8661921,4/30/2022,Shipped,Amazon,Amazon.in,Expedited,SET322,SET322-KR-SHA-XL,Set,XL,B09RKHL9H2,Shipped,1,INR,1099,KOLKATA,WEST BENGAL,700070,IN,IN Core Free Shipping 2015/04/08 23-48-5-108,FALSE,
253,405-9144614-1601126,4/30/2022,Shipped - Delivered to Buyer,Merchant,Amazon.in,Standard,MEN5021,MEN5021-KR-XL,kurta,XL,B08YYVLZVH,Shipped,1,INR,533,Secunderabad,TELANGANA,500010,IN,Amazon PLCC Free-Financing Universal Merchant AAT-WNKTBO3K27EJC;Amazon PLCC Free-Financing Universal Merchant AAT-QX3UCCJESKPA2;Amazon PLCC Free-Financing Universal Merchant AAT-5QQ7BIYYQEDN2;Amazon PLCC Free-Financing Universal Merchant AAT-DSJ2QRXXWXVMQ;Amazon PLCC Free-Financing Universal Merchant AAT-CXJHMC2YJUK76;Amazon PLCC Free-Financing Universal Merchant AAT-CC4FAVTYR4X7C;Amazon PLCC Free-Financing Universal Merchant AAT-XXRCW6NZEPZI4;Amazon PLCC Free-Financing Universal Merchant AAT-R7GXNZWISTRFA;Amazon PLCC Free-Financing Universal Merchant AAT-EOKPWFWYW7Y6I;Amazon PLCC Free-Financing Universal Merchant AAT-ZYL5UPUNW6T62;Amazon PLCC Free-Financing Universal Merchant AAT-ETXQ3XXWMRXBG;Amazon PLCC Free-Financing Universal Merchant AAT-7X3XCTYG64VBE;Amazon PLCC Free-Financing Universal Merchant AAT-7CHGD3WTS3MHM;Amazon PLCC Free-Financing Universal Merchant AAT-26ZDKNME27X42;Amazon PLCC Free-Financing Universal Merchant AAT-4ZF5KN6E4LJK4;Amazon PLCC Free-Financing Universal Merchant AAT-7RCXIKUAX7DDY;Amazon PLCC Free-Financing Universal Merchant AAT-TNYBHEAO7HOHO;Amazon PLCC Free-Financing Universal Merchant AAT-BRSZZ45H6MHAO;Amazon PLCC Free-Financing Universal Merchant AAT-MKLXOOZWQL7GO;Amazon PLCC Free-Financing Universal Merchant AAT-CB7UNXEXGIJTC;Amazon PLCC Free-Financing Universal Merchant #MP-gzasho-1593152694811;Amazon PLCC Free-Financing Universal Merchant AAT-WLBA4GZ52EAH4;Amazon PLCC Free-Financing Universal Merchant AAT-QMFZ3M7T5NPDS;Amazon PLCC Free-Financing Universal Merchant #MP-pmilan-1601980554292,FALSE,Easy Ship
254,407-0994909-4122733,4/30/2022,Shipped,Amazon,Amazon.in,Expedited,PJ0096,PJ0096-KR-N-5XL,kurta,5XL,B09LD3ZZ2N,Shipped,1,INR,696,UDAIPUR,RAJASTHAN,313001,IN,IN Core Free Shipping 2015/04/08 23-48-5-108,FALSE,
255,402-7042386-5486768,4/30/2022,Shipped,Amazon,Amazon.in,Expedited,JNE3461,JNE3461-KR-M,kurta,M,B08B3VSTFG,Shipped,1,INR,363,COIMBATORE,TAMIL NADU,641030,IN,IN Core Free Shipping 2015/04/08 23-48-5-108,FALSE,
256,403-7652993-1507525,4/30/2022,Shipped,Amazon,Amazon.in,Expedited,SET383,SET383-KR-NP-L,Set,L,B09K3PDMBM,Shipped,1,INR,631,BHUBANESWAR,ODISHA,751006,IN,IN Core Free Shipping 2015/04/08 23-48-5-108,FALSE,
257,407-3847456-6656309,4/30/2022,Shipped,Amazon,Amazon.in,Expedited,J0002,J0002-SKD-XXXL,Set,3XL,B0894YJC25,Shipped,1,INR,1115,BHAGALPUR,BIHAR,812003,IN,IN Core Free Shipping 2015/04/08 23-48-5-108,FALSE,
258,407-3847456-6656309,4/30/2022,Shipped,Amazon,Amazon.in,Expedited,SET344,SET344-KR-NP-XXXL,Set,3XL,B09QJ3WT3H,Shipped,1,INR,968,BHAGALPUR,BIHAR,812003,IN,IN Core Free Shipping 2015/04/08 23-48-5-108,FALSE,
259,171-7623384-8040337,4/30/2022,Shipped,Amazon,Amazon.in,Expedited,JNE3465,JNE3465-KR-XXL,kurta,XXL,B08BFT4ZKX,Shipped,1,INR,486,NAGPUR,MAHARASHTRA,440036,IN,IN Core Free Shipping 2015/04/08 23-48-5-108,FALSE,
260,171-7623384-8040337,4/30/2022,Shipped,Amazon,Amazon.in,Expedited,SET324,SET324-KR-NP-XXL,Set,XXL,B09NQ3MPRM,Shipped,1,INR,597,NAGPUR,MAHARASHTRA,440036,IN,IN Core Free Shipping 2015/04/08 23-48-5-108,FALSE,
261,171-4607096-6413920,4/30/2022,Shipped - Delivered to Buyer,Merchant,Amazon.in,Standard,SET184,SET184-KR-PP-XXXL,Set,3XL,B08W98B8ZN,Shipped,1,INR,563,NAGPUR,MAHARASHTRA,440036,IN,Amazon PLCC Free-Financing Universal Merchant AAT-WNKTBO3K27EJC;Amazon PLCC Free-Financing Universal Merchant AAT-QX3UCCJESKPA2;Amazon PLCC Free-Financing Universal Merchant AAT-5QQ7BIYYQEDN2;Amazon PLCC Free-Financing Universal Merchant AAT-DSJ2QRXXWXVMQ;Amazon PLCC Free-Financing Universal Merchant AAT-CXJHMC2YJUK76;Amazon PLCC Free-Financing Universal Merchant AAT-CC4FAVTYR4X7C;Amazon PLCC Free-Financing Universal Merchant AAT-XXRCW6NZEPZI4;Amazon PLCC Free-Financing Universal Merchant AAT-WSJLDN3X7KEMO;Amazon PLCC Free-Financing Universal Merchant AAT-VL6FGQVGQVXUS;Amazon PLCC Free-Financing Universal Merchant AAT-EOKPWFWYW7Y6I;Amazon PLCC Free-Financing Universal Merchant AAT-ZYL5UPUNW6T62;Amazon PLCC Free-Financing Universal Merchant AAT-ETXQ3XXWMRXBG;Amazon PLCC Free-Financing Universal Merchant AAT-7X3XCTYG64VBE;Amazon PLCC Free-Financing Universal Merchant AAT-7CHGD3WTS3MHM;Amazon PLCC Free-Financing Universal Merchant AAT-26ZDKNME27X42;Amazon PLCC Free-Financing Universal Merchant AAT-4ZF5KN6E4LJK4;Amazon PLCC Free-Financing Universal Merchant AAT-7RCXIKUAX7DDY;Amazon PLCC Free-Financing Universal Merchant AAT-BRSZZ45H6MHAO;Amazon PLCC Free-Financing Universal Merchant AAT-MKLXOOZWQL7GO;Amazon PLCC Free-Financing Universal Merchant AAT-CB7UNXEXGIJTC;Amazon PLCC Free-Financing Universal Merchant #MP-gzasho-1593152694811;Amazon PLCC Free-Financing Universal Merchant AAT-WLBA4GZ52EAH4,FALSE,Easy Ship
262,404-6783988-2006729,4/30/2022,Shipped,Amazon,Amazon.in,Expedited,SET324,SET324-KR-NP-L,Set,L,B09NQ44RNV,Shipped,1,INR,597,CHENNAI,TAMIL NADU,600096,IN,IN Core Free Shipping 2015/04/08 23-48-5-108,FALSE,
263,404-6975277-1927553,4/30/2022,Shipped - Delivered to Buyer,Merchant,Amazon.in,Standard,JNE3697,JNE3697-KR-XXL,kurta,XXL,B098133PV5,Shipped,1,INR,458,BERHAMPORE,WEST BENGAL,742103,IN,Amazon PLCC Free-Financing Universal Merchant AAT-WNKTBO3K27EJC;Amazon PLCC Free-Financing Universal Merchant AAT-QX3UCCJESKPA2;Amazon PLCC Free-Financing Universal Merchant AAT-5QQ7BIYYQEDN2;Amazon PLCC Free-Financing Universal Merchant AAT-DSJ2QRXXWXVMQ;Amazon PLCC Free-Financing Universal Merchant AAT-CXJHMC2YJUK76;Amazon PLCC Free-Financing Universal Merchant AAT-SL3Y2YRMAUNFC;Amazon PLCC Free-Financing Universal Merchant AAT-CC4FAVTYR4X7C;Amazon PLCC Free-Financing Universal Merchant AAT-XXRCW6NZEPZI4;Amazon PLCC Free-Financing Universal Merchant AAT-EOKPWFWYW7Y6I;Amazon PLCC Free-Financing Universal Merchant AAT-ZYL5UPUNW6T62;Amazon PLCC Free-Financing Universal Merchant AAT-ETXQ3XXWMRXBG;Amazon PLCC Free-Financing Universal Merchant AAT-7X3XCTYG64VBE;Amazon PLCC Free-Financing Universal Merchant AAT-7CHGD3WTS3MHM;Amazon PLCC Free-Financing Universal Merchant AAT-26ZDKNME27X42;Amazon PLCC Free-Financing Universal Merchant AAT-4ZF5KN6E4LJK4;Amazon PLCC Free-Financing Universal Merchant AAT-7RCXIKUAX7DDY;Amazon PLCC Free-Financing Universal Merchant AAT-TNYBHEAO7HOHO;Amazon PLCC Free-Financing Universal Merchant AAT-BRSZZ45H6MHAO;Amazon PLCC Free-Financing Universal Merchant AAT-MKLXOOZWQL7GO;Amazon PLCC Free-Financing Universal Merchant AAT-CB7UNXEXGIJTC;Amazon PLCC Free-Financing Universal Merchant #MP-gzasho-1593152694811;Amazon PLCC Free-Financing Universal Merchant AAT-WLBA4GZ52EAH4;Amazon PLCC Free-Financing Universal Merchant AAT-QMFZ3M7T5NPDS;Amazon PLCC Free-Financing Universal Merchant #MP-pmilan-1601980554292,FALSE,Easy Ship
264,402-5586272-3646748,4/30/2022,Shipped,Amazon,Amazon.in,Expedited,J0008,J0008-SKD-S,Set,S,B0894XGJ83,Shipped,1,INR,1065,Dehradun,UTTARAKHAND,248001,IN,,FALSE,
265,171-6655820-6440356,4/30/2022,Shipped,Amazon,Amazon.in,Expedited,J0008,J0008-SKD-XXL,Set,XXL,B0894WT71H,Shipped,2,INR,2130,MUMBAI,MAHARASHTRA,400101,IN,IN Core Free Shipping 2015/04/08 23-48-5-108,FALSE,
266,171-1584788-8864335,4/30/2022,Shipped - Delivered to Buyer,Merchant,Amazon.in,Standard,J0013,J0013-SKD-XXL,Set,XXL,B08CMRGFFJ,Shipped,1,INR,1099,MUMBAI,MAHARASHTRA,400101,IN,Amazon PLCC Free-Financing Universal Merchant AAT-WNKTBO3K27EJC;Amazon PLCC Free-Financing Universal Merchant AAT-QX3UCCJESKPA2;Amazon PLCC Free-Financing Universal Merchant AAT-5QQ7BIYYQEDN2;Amazon PLCC Free-Financing Universal Merchant AAT-DSJ2QRXXWXVMQ;Amazon PLCC Free-Financing Universal Merchant AAT-CXJHMC2YJUK76;Amazon PLCC Free-Financing Universal Merchant AAT-CC4FAVTYR4X7C;Amazon PLCC Free-Financing Universal Merchant AAT-XXRCW6NZEPZI4;Amazon PLCC Free-Financing Universal Merchant AAT-EOKPWFWYW7Y6I;Amazon PLCC Free-Financing Universal Merchant AAT-ZYL5UPUNW6T62;Amazon PLCC Free-Financing Universal Merchant AAT-ETXQ3XXWMRXBG;Amazon PLCC Free-Financing Universal Merchant AAT-7X3XCTYG64VBE;Amazon PLCC Free-Financing Universal Merchant AAT-7CHGD3WTS3MHM;Amazon PLCC Free-Financing Universal Merchant AAT-26ZDKNME27X42;Amazon PLCC Free-Financing Universal Merchant AAT-4ZF5KN6E4LJK4;Amazon PLCC Free-Financing Universal Merchant AAT-7RCXIKUAX7DDY;Amazon PLCC Free-Financing Universal Merchant AAT-BRSZZ45H6MHAO;Amazon PLCC Free-Financing Universal Merchant AAT-MKLXOOZWQL7GO;Amazon PLCC Free-Financing Universal Merchant AAT-CB7UNXEXGIJTC;Amazon PLCC Free-Financing Universal Merchant #MP-gzasho-1593152694811;Amazon PLCC Free-Financing Universal Merchant AAT-WLBA4GZ52EAH4;Amazon PLCC Free-Financing Universal Merchant #MP-pmilan-1601980554292,FALSE,Easy Ship
267,402-0150402-0900371,4/30/2022,Shipped,Amazon,Amazon.in,Expedited,J0208,J0208-DR-S,Western Dress,S,B0967PHLMJ,Shipped,1,INR,721,SEONI,MADHYA PRADESH,480661,IN,IN Core Free Shipping 2015/04/08 23-48-5-108,FALSE,
268,408-6791822-5493964,4/30/2022,Shipped,Amazon,Amazon.in,Expedited,SET344,SET344-KR-NP-XL,Set,XL,B09QJ57BL6,Shipped,1,INR,968,Agra,UTTAR PRADESH,282002,IN,IN Core Free Shipping 2015/04/08 23-48-5-108,FALSE,
269,405-0483874-0889137,4/30/2022,Shipped,Amazon,Amazon.in,Expedited,NW001,NW001-TP-PJ-XXL,Set,XXL,B0922V99HN,Shipped,1,INR,563,LUCKNOW,UTTAR PRADESH,226029,IN,IN Core Free Shipping 2015/04/08 23-48-5-108,FALSE,
270,407-5600921-2143569,4/30/2022,Cancelled,Merchant,Amazon.in,Standard,SET304,SET304-KR-DPT-S,Set,S,B09K3JVNR1,,0,INR,995.54,BENGALURU,KARNATAKA,560067,IN,,FALSE,Easy Ship
271,404-1607808-0769930,4/30/2022,Cancelled,Amazon,Amazon.in,Expedited,SET265,SET265-KR-NP-XL,Set,XL,B0983DQLBQ,Cancelled,0,,,PATNA,BIHAR,800001,IN,,FALSE,
272,407-5124083-2725136,4/30/2022,Shipped,Amazon,Amazon.in,Expedited,SET004,SET004-KR-SP-A-S,Set,S,B07K5BDG1D,Shipped,1,INR,682,GHAZIABAD,UTTAR PRADESH,201012,IN,IN Core Free Shipping 2015/04/08 23-48-5-108,FALSE,
273,407-4766116-5412325,4/30/2022,Shipped,Amazon,Amazon.in,Expedited,JNE3405,JNE3405-KR-XL,kurta,XL,B081WT6GG7,Shipped,1,INR,399,Nermand,HIMACHAL PRADESH,172023,IN,,FALSE,
274,402-6885004-6990731,4/30/2022,Shipped,Amazon,Amazon.in,Expedited,SET345,SET345-KR-NP-M,Set,M,B09KXV4BN8,Shipped,1,INR,626,CHENNAI,TAMIL NADU,600010,IN,IN Core Free Shipping 2015/04/08 23-48-5-108,FALSE,
275,402-2207276-9869933,4/30/2022,Shipped,Amazon,Amazon.in,Expedited,J0012,J0012-SKD-M,Set,M,B0894XYMWS,Shipped,1,INR,1140,KAMAREDDY,TELANGANA,503111,IN,IN Core Free Shipping 2015/04/08 23-48-5-108,FALSE,
276,407-9494293-9423561,4/30/2022,Shipped,Amazon,Amazon.in,Expedited,JNE3465,JNE3465-KR-M,kurta,M,B08BFV1DVW,Shipped,1,INR,486,SRINAGAR,JAMMU & KASHMIR,190015,IN,IN Core Free Shipping 2015/04/08 23-48-5-108,FALSE,
277,171-6867266-8495534,4/30/2022,Shipped,Amazon,Amazon.in,Expedited,SET374,SET374-KR-NP-XS,Set,XS,B09NDKGZ6V,Shipped,1,INR,597,BENGALURU,KARNATAKA,560042,IN,IN Core Free Shipping 2015/04/08 23-48-5-108,FALSE,
278,408-3475592-6193128,4/30/2022,Shipped,Amazon,Amazon.in,Expedited,JNE3567,JNE3567-KR-XL,kurta,XL,B08KRTXC2Y,Shipped,1,INR,399,MUDDEBIHAL,KARNATAKA,586212,IN,Duplicated A12RHGVGRWOT3S 1560498941486,FALSE,
279,171-1987024-2709164,4/30/2022,Shipped,Amazon,Amazon.in,Expedited,J0041,J0041-SET-M,Set,M,B089G2L483,Shipped,1,INR,660,SANTHAMAGULURU MANDAL,ANDHRA PRADESH,523302,IN,IN Core Free Shipping 2015/04/08 23-48-5-108,FALSE,
280,406-1522425-5387565,4/30/2022,Shipped,Amazon,Amazon.in,Expedited,JNE3611,JNE3611-KR-XL,kurta,XL,B08XVPKBKG,Shipped,1,INR,459,HYDERABAD,TELANGANA,500058,IN,IN Core Free Shipping 2015/04/08 23-48-5-108,FALSE,
281,171-3270734-5045130,4/30/2022,Shipped,Amazon,Amazon.in,Expedited,SET384,SET384-KR-NP-XS,Set,XS,B09K3DFHT2,Shipped,1,INR,631,NEW DELHI,DELHI,110045,IN,IN Core Free Shipping 2015/04/08 23-48-5-108,FALSE,
282,408-4101226-7217932,4/30/2022,Shipped - Delivered to Buyer,Merchant,Amazon.in,Standard,JNE3802,JNE3802-KR-M,kurta,M,B09K3W2LHF,Shipped,1,INR,459,LUCKNOW,UTTAR PRADESH,226010,IN,Amazon PLCC Free-Financing Universal Merchant AAT-WNKTBO3K27EJC;Amazon PLCC Free-Financing Universal Merchant AAT-QX3UCCJESKPA2;Amazon PLCC Free-Financing Universal Merchant AAT-5QQ7BIYYQEDN2;Amazon PLCC Free-Financing Universal Merchant AAT-DSJ2QRXXWXVMQ;Amazon PLCC Free-Financing Universal Merchant AAT-CXJHMC2YJUK76;Amazon PLCC Free-Financing Universal Merchant AAT-SL3Y2YRMAUNFC;Amazon PLCC Free-Financing Universal Merchant AAT-CC4FAVTYR4X7C;Amazon PLCC Free-Financing Universal Merchant AAT-XXRCW6NZEPZI4;Amazon PLCC Free-Financing Universal Merchant AAT-EOKPWFWYW7Y6I;Amazon PLCC Free-Financing Universal Merchant AAT-ETXQ3XXWMRXBG;Amazon PLCC Free-Financing Universal Merchant AAT-7X3XCTYG64VBE;Amazon PLCC Free-Financing Universal Merchant AAT-7CHGD3WTS3MHM;Amazon PLCC Free-Financing Universal Merchant AAT-26ZDKNME27X42;Amazon PLCC Free-Financing Universal Merchant AAT-4ZF5KN6E4LJK4;Amazon PLCC Free-Financing Universal Merchant AAT-7RCXIKUAX7DDY;Amazon PLCC Free-Financing Universal Merchant AAT-BRSZZ45H6MHAO;Amazon PLCC Free-Financing Universal Merchant AAT-MKLXOOZWQL7GO;Amazon PLCC Free-Financing Universal Merchant AAT-CB7UNXEXGIJTC;Amazon PLCC Free-Financing Universal Merchant #MP-gzasho-1593152694811;Amazon PLCC Free-Financing Universal Merchant AAT-WLBA4GZ52EAH4,FALSE,Easy Ship
283,171-5719664-5449151,4/30/2022,Cancelled,Amazon,Amazon.in,Expedited,SET374,SET374-KR-NP-XS,Set,XS,B09NDKGZ6V,Unshipped,1,INR,597,BENGALURU,KARNATAKA,560042,IN,,FALSE,
284,403-9400764-4029123,4/30/2022,Shipped,Amazon,Amazon.in,Standard,SET347,SET347-KR-NP-S,Set,S,B09RKDJ9SQ,Shipped,1,INR,852,BENGALURU,KARNATAKA,560102,IN,,FALSE,
285,406-8413944-2634744,4/30/2022,Shipped,Amazon,Amazon.in,Expedited,JNE2014,JNE2014-KR-178-XL,kurta,XL,B077MM3LFJ,Shipped,1,INR,353,Hyderabad,TELANGANA,500032,IN,IN Core Free Shipping 2015/04/08 23-48-5-108,FALSE,
286,406-8271099-5133911,4/30/2022,Shipped,Amazon,Amazon.in,Expedited,JNE3635,JNE3635-KR-L,kurta,L,B08XVYN7G6,Shipped,1,INR,345,BENGALURU,KARNATAKA,562125,IN,IN Core Free Shipping 2015/04/08 23-48-5-108,FALSE,
287,406-8271099-5133911,4/30/2022,Shipped,Amazon,Amazon.in,Expedited,JNE3721,JNE3721-KR-L,kurta,L,B099FBM4FZ,Shipped,1,INR,329,BENGALURU,KARNATAKA,562125,IN,IN Core Free Shipping 2015/04/08 23-48-5-108,FALSE,
288,405-3441326-1516368,4/30/2022,Shipped,Amazon,Amazon.in,Expedited,J0118,J0118-TP-XXXL,Top,3XL,B08N43MK22,Shipped,1,INR,518,KOLKATA 700034,WEST BENGAL,700034,IN,IN Core Free Shipping 2015/04/08 23-48-5-108,FALSE,
289,408-8009772-6580317,4/30/2022,Shipped,Amazon,Amazon.in,Expedited,JNE3654,JNE3654-TP-XS,Top,XS,B0986ZFY2S,Shipped,1,INR,387,kolkata,WEST BENGAL,700045,IN,IN Core Free Shipping 2015/04/08 23-48-5-108,FALSE,
290,402-4774686-7773937,4/30/2022,Shipped - Delivered to Buyer,Merchant,Amazon.in,Standard,JNE3652,JNE3652-TP-N-XL,Top,XL,B08ZHXGSW3,Shipped,1,INR,339,HYDERABAD,TELANGANA,500001,IN,Amazon PLCC Free-Financing Universal Merchant AAT-WNKTBO3K27EJC;Amazon PLCC Free-Financing Universal Merchant AAT-QX3UCCJESKPA2;Amazon PLCC Free-Financing Universal Merchant AAT-5QQ7BIYYQEDN2;Amazon PLCC Free-Financing Universal Merchant AAT-DSJ2QRXXWXVMQ;Amazon PLCC Free-Financing Universal Merchant AAT-CXJHMC2YJUK76;Amazon PLCC Free-Financing Universal Merchant AAT-CC4FAVTYR4X7C;Amazon PLCC Free-Financing Universal Merchant AAT-XXRCW6NZEPZI4;Amazon PLCC Free-Financing Universal Merchant AAT-CXNSLNBROFDW4;Amazon PLCC Free-Financing Universal Merchant AAT-WSJLDN3X7KEMO;Amazon PLCC Free-Financing Universal Merchant AAT-VL6FGQVGQVXUS;Amazon PLCC Free-Financing Universal Merchant AAT-EOKPWFWYW7Y6I;Amazon PLCC Free-Financing Universal Merchant AAT-ZYL5UPUNW6T62;Amazon PLCC Free-Financing Universal Merchant AAT-ETXQ3XXWMRXBG;Amazon PLCC Free-Financing Universal Merchant AAT-7X3XCTYG64VBE;Amazon PLCC Free-Financing Universal Merchant AAT-7CHGD3WTS3MHM;Amazon PLCC Free-Financing Universal Merchant AAT-26ZDKNME27X42;Amazon PLCC Free-Financing Universal Merchant AAT-4ZF5KN6E4LJK4;Amazon PLCC Free-Financing Universal Merchant AAT-7RCXIKUAX7DDY;Amazon PLCC Free-Financing Universal Merchant AAT-BRSZZ45H6MHAO;Amazon PLCC Free-Financing Universal Merchant AAT-MKLXOOZWQL7GO;Amazon PLCC Free-Financing Universal Merchant AAT-CB7UNXEXGIJTC;Amazon PLCC Free-Financing Universal Merchant #MP-gzasho-1593152694811;Amazon PLCC Free-Financing Universal Merchant AAT-WLBA4GZ52EAH4,FALSE,Easy Ship
291,402-2860689-5652319,4/30/2022,Shipped,Amazon,Amazon.in,Expedited,J0339,J0339-DR-L,Western Dress,L,B098315N2Z,Shipped,1,INR,744,SEONI,MADHYA PRADESH,480661,IN,IN Core Free Shipping 2015/04/08 23-48-5-108,FALSE,
292,406-6386989-1689108,4/30/2022,Shipped - Delivered to Buyer,Merchant,Amazon.in,Standard,SET303,SET303-KR-NP-XL,Set,XL,B09K3F7D9H,Shipped,1,INR,888,BARUIPUR,WEST BENGAL,700145,IN,Amazon PLCC Free-Financing Universal Merchant AAT-WNKTBO3K27EJC;Amazon PLCC Free-Financing Universal Merchant AAT-QX3UCCJESKPA2;Amazon PLCC Free-Financing Universal Merchant AAT-5QQ7BIYYQEDN2;Amazon PLCC Free-Financing Universal Merchant AAT-DSJ2QRXXWXVMQ;Amazon PLCC Free-Financing Universal Merchant AAT-CXJHMC2YJUK76;Amazon PLCC Free-Financing Universal Merchant AAT-CC4FAVTYR4X7C;Amazon PLCC Free-Financing Universal Merchant AAT-XXRCW6NZEPZI4;Amazon PLCC Free-Financing Universal Merchant AAT-EOKPWFWYW7Y6I;Amazon PLCC Free-Financing Universal Merchant AAT-ZYL5UPUNW6T62;Amazon PLCC Free-Financing Universal Merchant AAT-ETXQ3XXWMRXBG;Amazon PLCC Free-Financing Universal Merchant AAT-7X3XCTYG64VBE;Amazon PLCC Free-Financing Universal Merchant AAT-7CHGD3WTS3MHM;Amazon PLCC Free-Financing Universal Merchant AAT-26ZDKNME27X42;Amazon PLCC Free-Financing Universal Merchant AAT-4ZF5KN6E4LJK4;Amazon PLCC Free-Financing Universal Merchant AAT-7RCXIKUAX7DDY;Amazon PLCC Free-Financing Universal Merchant AAT-BRSZZ45H6MHAO;Amazon PLCC Free-Financing Universal Merchant AAT-MKLXOOZWQL7GO;Amazon PLCC Free-Financing Universal Merchant AAT-CB7UNXEXGIJTC;Amazon PLCC Free-Financing Universal Merchant #MP-gzasho-1593152694811;Amazon PLCC Free-Financing Universal Merchant AAT-WLBA4GZ52EAH4,FALSE,Easy Ship
293,408-9720884-9553122,4/30/2022,Shipped,Amazon,Amazon.in,Expedited,JNE3396,JNE3396-KR-XXXL,kurta,3XL,B083ZZ8869,Shipped,1,INR,487,KENDRAPARA,ODISHA,754211,IN,IN Core Free Shipping 2015/04/08 23-48-5-108,FALSE,
294,408-6428766-2839536,4/30/2022,Shipped - Delivered to Buyer,Merchant,Amazon.in,Standard,JNE3256,JNE3256-KR-XXXL,kurta,3XL,B07RSWN1C4,Shipped,1,INR,487,KENDRAPARA,ODISHA,754211,IN,Amazon PLCC Free-Financing Universal Merchant AAT-WNKTBO3K27EJC;Amazon PLCC Free-Financing Universal Merchant AAT-QX3UCCJESKPA2;Amazon PLCC Free-Financing Universal Merchant AAT-5QQ7BIYYQEDN2;Amazon PLCC Free-Financing Universal Merchant AAT-DSJ2QRXXWXVMQ;Amazon PLCC Free-Financing Universal Merchant AAT-CXJHMC2YJUK76;Amazon PLCC Free-Financing Universal Merchant AAT-CC4FAVTYR4X7C;Amazon PLCC Free-Financing Universal Merchant AAT-XXRCW6NZEPZI4;Amazon PLCC Free-Financing Universal Merchant AAT-CXNSLNBROFDW4;Amazon PLCC Free-Financing Universal Merchant AAT-WSJLDN3X7KEMO;Amazon PLCC Free-Financing Universal Merchant AAT-VL6FGQVGQVXUS;Amazon PLCC Free-Financing Universal Merchant AAT-EOKPWFWYW7Y6I;Amazon PLCC Free-Financing Universal Merchant AAT-ZYL5UPUNW6T62;Amazon PLCC Free-Financing Universal Merchant AAT-XVPICCHRWDCAI;Amazon PLCC Free-Financing Universal Merchant AAT-ETXQ3XXWMRXBG;Amazon PLCC Free-Financing Universal Merchant AAT-7X3XCTYG64VBE;Amazon PLCC Free-Financing Universal Merchant AAT-7CHGD3WTS3MHM;Amazon PLCC Free-Financing Universal Merchant AAT-26ZDKNME27X42;Amazon PLCC Free-Financing Universal Merchant AAT-4ZF5KN6E4LJK4;Amazon PLCC Free-Financing Universal Merchant AAT-7RCXIKUAX7DDY;Amazon PLCC Free-Financing Universal Merchant AAT-BRSZZ45H6MHAO;Amazon PLCC Free-Financing Universal Merchant AAT-MKLXOOZWQL7GO;Amazon PLCC Free-Financing Universal Merchant AAT-CB7UNXEXGIJTC;Amazon PLCC Free-Financing Universal Merchant #MP-gzasho-1593152694811;Amazon PLCC Free-Financing Universal Merchant AAT-WLBA4GZ52EAH4,FALSE,Easy Ship
295,408-8641795-6914711,4/30/2022,Shipped,Amazon,Amazon.in,Expedited,J0340,J0340-TP-XS,Top,XS,B0987184SL,Shipped,1,INR,563,GURUGRAM,HARYANA,122001,IN,IN Core Free Shipping 2015/04/08 23-48-5-108,FALSE,
296,402-9475978-1434754,4/30/2022,Shipped,Amazon,Amazon.in,Expedited,J0335,J0335-DR-S,Western Dress,S,B09831NCG7,Shipped,1,INR,859,VIJAYAWADA,ANDHRA PRADESH,521225,IN,IN Core Free Shipping 2015/04/08 23-48-5-108,FALSE,
297,407-5776821-9327552,4/30/2022,Shipped,Amazon,Amazon.in,Expedited,J0008,J0008-SKD-L,Set,L,B0894YB3B1,Shipped,1,INR,1133,MUMBAI,MAHARASHTRA,400072,IN,,FALSE,
298,171-6845071-0336346,4/30/2022,Shipped,Amazon,Amazon.in,Expedited,SET268,SET268-KR-NP-XS,Set,XS,B08XQBXFPP,Shipped,1,INR,788,NASHIK,MAHARASHTRA,422003,IN,,FALSE,
299,404-7491342-1035558,4/30/2022,Shipped,Amazon,Amazon.in,Expedited,J0280,J0280-SKD-S,Set,S,B08QGM7FCC,Shipped,1,INR,1463,THANE,MAHARASHTRA,401107,IN,,FALSE,
300,171-6783343-9758701,4/30/2022,Shipped,Amazon,Amazon.in,Expedited,JNE3405,JNE3405-KR-L,kurta,L,B081WSCKPQ,Shipped,1,INR,399,HOSHIARPUR,PUNJAB,146001,IN,IN Core Free Shipping 2015/04/08 23-48-5-108,FALSE,
301,402-0043314-1059527,4/30/2022,Cancelled,Amazon,Amazon.in,Expedited,J0339,J0339-DR-M,Western Dress,M,B09831YHGV,Unshipped,1,INR,744,SEONI,MADHYA PRADESH,480661,IN,,FALSE,
302,406-6586654-6641140,4/30/2022,Shipped - Delivered to Buyer,Merchant,Amazon.in,Standard,JNE3564,JNE3564-KR-XXXL,kurta,3XL,B09B2FNCBT,Shipped,1,INR,487,BENGALURU,KARNATAKA,560010,IN,Amazon PLCC Free-Financing Universal Merchant AAT-WNKTBO3K27EJC;Amazon PLCC Free-Financing Universal Merchant AAT-QX3UCCJESKPA2;Amazon PLCC Free-Financing Universal Merchant AAT-5QQ7BIYYQEDN2;Amazon PLCC Free-Financing Universal Merchant AAT-DSJ2QRXXWXVMQ;Amazon PLCC Free-Financing Universal Merchant AAT-CXJHMC2YJUK76;Amazon PLCC Free-Financing Universal Merchant AAT-CC4FAVTYR4X7C;Amazon PLCC Free-Financing Universal Merchant AAT-XXRCW6NZEPZI4;Amazon PLCC Free-Financing Universal Merchant AAT-R7GXNZWISTRFA;Amazon PLCC Free-Financing Universal Merchant AAT-WSJLDN3X7KEMO;Amazon PLCC Free-Financing Universal Merchant AAT-VL6FGQVGQVXUS;Amazon PLCC Free-Financing Universal Merchant AAT-EOKPWFWYW7Y6I;Amazon PLCC Free-Financing Universal Merchant AAT-ZYL5UPUNW6T62;Amazon PLCC Free-Financing Universal Merchant AAT-XVPICCHRWDCAI;Amazon PLCC Free-Financing Universal Merchant AAT-ETXQ3XXWMRXBG;Amazon PLCC Free-Financing Universal Merchant AAT-7X3XCTYG64VBE;Amazon PLCC Free-Financing Universal Merchant AAT-7CHGD3WTS3MHM;Amazon PLCC Free-Financing Universal Merchant AAT-26ZDKNME27X42;Amazon PLCC Free-Financing Universal Merchant AAT-4ZF5KN6E4LJK4;Amazon PLCC Free-Financing Universal Merchant AAT-7RCXIKUAX7DDY;Amazon PLCC Free-Financing Universal Merchant AAT-BRSZZ45H6MHAO;Amazon PLCC Free-Financing Universal Merchant AAT-MKLXOOZWQL7GO;Amazon PLCC Free-Financing Universal Merchant AAT-CB7UNXEXGIJTC;Amazon PLCC Free-Financing Universal Merchant #MP-gzasho-1593152694811;Amazon PLCC Free-Financing Universal Merchant AAT-WLBA4GZ52EAH4,FALSE,Easy Ship
303,405-6120626-0941135,4/30/2022,Shipped,Amazon,Amazon.in,Expedited,SET182,SET182-KR-DH-L,Set,L,B085HRLT87,Shipped,1,INR,657,Bengaluru,KARNATAKA,560017,IN,IN Core Free Shipping 2015/04/08 23-48-5-108,FALSE,
304,408-9255314-3102740,4/30/2022,Shipped,Amazon,Amazon.in,Expedited,SET128,SET128-KR-DH-M,Set,M,B07WZFT117,Shipped,1,INR,1133,BARSHI,MAHARASHTRA,413401,IN,IN Core Free Shipping 2015/04/08 23-48-5-108,FALSE,
305,408-3436456-9893130,4/30/2022,Shipped,Amazon,Amazon.in,Expedited,JNE3567,JNE3567-KR-XXL,kurta,XXL,B08KRYCC8J,Shipped,1,INR,399,MUMBAI,MAHARASHTRA,400080,IN,,FALSE,
306,408-3870331-6287517,4/30/2022,Shipped,Amazon,Amazon.in,Expedited,JNE3568,JNE3568-KR-L,kurta,L,B08KS2BPL8,Shipped,1,INR,399,Dehradun,UTTARAKHAND,248001,IN,IN Core Free Shipping 2015/04/08 23-48-5-108,FALSE,
307,408-3870331-6287517,4/30/2022,Shipped,Amazon,Amazon.in,Expedited,JNE3405,JNE3405-KR-L,kurta,L,B081WSCKPQ,Shipped,1,INR,399,Dehradun,UTTARAKHAND,248001,IN,IN Core Free Shipping 2015/04/08 23-48-5-108,FALSE,
308,407-2882576-2777135,4/30/2022,Shipped - Delivered to Buyer,Merchant,Amazon.in,Standard,J0011,J0011-LCD-M,Set,M,B08B3YNJG5,Shipped,1,INR,1233,HYDERABAD,TELANGANA,500089,IN,Amazon PLCC Free-Financing Universal Merchant AAT-WNKTBO3K27EJC;Amazon PLCC Free-Financing Universal Merchant AAT-QX3UCCJESKPA2;Amazon PLCC Free-Financing Universal Merchant AAT-5QQ7BIYYQEDN2;Amazon PLCC Free-Financing Universal Merchant AAT-DSJ2QRXXWXVMQ;Amazon PLCC Free-Financing Universal Merchant AAT-CXJHMC2YJUK76;Amazon PLCC Free-Financing Universal Merchant AAT-SL3Y2YRMAUNFC;Amazon PLCC Free-Financing Universal Merchant AAT-CC4FAVTYR4X7C;Amazon PLCC Free-Financing Universal Merchant AAT-XXRCW6NZEPZI4;Amazon PLCC Free-Financing Universal Merchant AAT-WSJLDN3X7KEMO;Amazon PLCC Free-Financing Universal Merchant AAT-VL6FGQVGQVXUS;Amazon PLCC Free-Financing Universal Merchant AAT-EOKPWFWYW7Y6I;Amazon PLCC Free-Financing Universal Merchant AAT-ZYL5UPUNW6T62;Amazon PLCC Free-Financing Universal Merchant AAT-ETXQ3XXWMRXBG;Amazon PLCC Free-Financing Universal Merchant AAT-7X3XCTYG64VBE;Amazon PLCC Free-Financing Universal Merchant AAT-7CHGD3WTS3MHM;Amazon PLCC Free-Financing Universal Merchant AAT-26ZDKNME27X42;Amazon PLCC Free-Financing Universal Merchant AAT-4ZF5KN6E4LJK4;Amazon PLCC Free-Financing Universal Merchant AAT-7RCXIKUAX7DDY;Amazon PLCC Free-Financing Universal Merchant AAT-BRSZZ45H6MHAO;Amazon PLCC Free-Financing Universal Merchant AAT-MKLXOOZWQL7GO;Amazon PLCC Free-Financing Universal Merchant AAT-CB7UNXEXGIJTC;Amazon PLCC Free-Financing Universal Merchant #MP-gzasho-1593152694811;Amazon PLCC Free-Financing Universal Merchant AAT-WLBA4GZ52EAH4,FALSE,Easy Ship
309,403-2256919-4846738,4/30/2022,Shipped - Delivered to Buyer,Merchant,Amazon.in,Standard,JNE3881,JNE3881-DR-XXXL,Western Dress,3XL,B09VC3ST6H,Shipped,1,INR,825,BENGALURU,KARNATAKA,560068,IN,Amazon PLCC Free-Financing Universal Merchant AAT-WNKTBO3K27EJC;Amazon PLCC Free-Financing Universal Merchant AAT-QX3UCCJESKPA2;Amazon PLCC Free-Financing Universal Merchant AAT-5QQ7BIYYQEDN2;Amazon PLCC Free-Financing Universal Merchant AAT-DSJ2QRXXWXVMQ;Amazon PLCC Free-Financing Universal Merchant AAT-CXJHMC2YJUK76;Amazon PLCC Free-Financing Universal Merchant AAT-SL3Y2YRMAUNFC;Amazon PLCC Free-Financing Universal Merchant AAT-CC4FAVTYR4X7C;Amazon PLCC Free-Financing Universal Merchant AAT-XXRCW6NZEPZI4;Amazon PLCC Free-Financing Universal Merchant AAT-EOKPWFWYW7Y6I;Amazon PLCC Free-Financing Universal Merchant AAT-ZYL5UPUNW6T62;Amazon PLCC Free-Financing Universal Merchant AAT-ETXQ3XXWMRXBG;Amazon PLCC Free-Financing Universal Merchant AAT-7X3XCTYG64VBE;Amazon PLCC Free-Financing Universal Merchant AAT-7CHGD3WTS3MHM;Amazon PLCC Free-Financing Universal Merchant AAT-26ZDKNME27X42;Amazon PLCC Free-Financing Universal Merchant AAT-4ZF5KN6E4LJK4;Amazon PLCC Free-Financing Universal Merchant AAT-7RCXIKUAX7DDY;Amazon PLCC Free-Financing Universal Merchant AAT-TNYBHEAO7HOHO;Amazon PLCC Free-Financing Universal Merchant AAT-BRSZZ45H6MHAO;Amazon PLCC Free-Financing Universal Merchant AAT-MKLXOOZWQL7GO;Amazon PLCC Free-Financing Universal Merchant AAT-CB7UNXEXGIJTC;Amazon PLCC Free-Financing Universal Merchant #MP-gzasho-1593152694811;Amazon PLCC Free-Financing Universal Merchant AAT-WLBA4GZ52EAH4;Amazon PLCC Free-Financing Universal Merchant AAT-QMFZ3M7T5NPDS;Amazon PLCC Free-Financing Universal Merchant #MP-pmilan-1601980554292,FALSE,Easy Ship
310,403-2920089-2403567,4/30/2022,Shipped,Amazon,Amazon.in,Expedited,JNE3639,JNE3639-TP-N-XXL,Top,XXL,B08ZH7RVGJ,Shipped,1,INR,487,CHENNAI,TAMIL NADU,600036,IN,,FALSE,
311,406-7792526-4685142,4/30/2022,Shipped,Amazon,Amazon.in,Expedited,SET291,SET291-KR-PP-XXL,Set,XXL,B099NJQ8JQ,Shipped,1,INR,563,HYDERABAD,TELANGANA,500028,IN,IN Core Free Shipping 2015/04/08 23-48-5-108,FALSE,
312,406-7680255-6117120,4/30/2022,Shipped,Amazon,Amazon.in,Expedited,JNE3613,JNE3613-KR-XXL,kurta,XXL,B08XWBRM8L,Shipped,1,INR,399,HYDERABAD,TELANGANA,500028,IN,,FALSE,
313,402-4646784-8411501,4/30/2022,Shipped - Delivered to Buyer,Merchant,Amazon.in,Standard,JNE3368,JNE3368-KR-XXXL,kurta,3XL,B0828PD16L,Shipped,1,INR,471,CHANDI MANDIR,HARYANA,134107,IN,Amazon PLCC Free-Financing Universal Merchant AAT-WNKTBO3K27EJC;Amazon PLCC Free-Financing Universal Merchant AAT-QX3UCCJESKPA2;Amazon PLCC Free-Financing Universal Merchant AAT-5QQ7BIYYQEDN2;Amazon PLCC Free-Financing Universal Merchant AAT-DSJ2QRXXWXVMQ;Amazon PLCC Free-Financing Universal Merchant AAT-CXJHMC2YJUK76;Amazon PLCC Free-Financing Universal Merchant AAT-CC4FAVTYR4X7C;Amazon PLCC Free-Financing Universal Merchant AAT-XXRCW6NZEPZI4;Amazon PLCC Free-Financing Universal Merchant AAT-EOKPWFWYW7Y6I;Amazon PLCC Free-Financing Universal Merchant AAT-ETXQ3XXWMRXBG;Amazon PLCC Free-Financing Universal Merchant AAT-7X3XCTYG64VBE;Amazon PLCC Free-Financing Universal Merchant AAT-7CHGD3WTS3MHM;Amazon PLCC Free-Financing Universal Merchant AAT-26ZDKNME27X42;Amazon PLCC Free-Financing Universal Merchant AAT-4ZF5KN6E4LJK4;Amazon PLCC Free-Financing Universal Merchant AAT-7RCXIKUAX7DDY;Amazon PLCC Free-Financing Universal Merchant AAT-BRSZZ45H6MHAO;Amazon PLCC Free-Financing Universal Merchant AAT-MKLXOOZWQL7GO;Amazon PLCC Free-Financing Universal Merchant AAT-CB7UNXEXGIJTC;Amazon PLCC Free-Financing Universal Merchant #MP-gzasho-1593152694811;Amazon PLCC Free-Financing Universal Merchant AAT-WLBA4GZ52EAH4,FALSE,Easy Ship
314,405-2788163-4515521,4/30/2022,Shipped - Delivered to Buyer,Merchant,Amazon.in,Standard,JNE3522,JNE3522-KR-XXL,kurta,XXL,B08W9K3MXR,Shipped,1,INR,342,ujjain,MADHYA PRADESH,456010,IN,Amazon PLCC Free-Financing Universal Merchant AAT-WNKTBO3K27EJC;Amazon PLCC Free-Financing Universal Merchant AAT-QX3UCCJESKPA2;Amazon PLCC Free-Financing Universal Merchant AAT-5QQ7BIYYQEDN2;Amazon PLCC Free-Financing Universal Merchant AAT-DSJ2QRXXWXVMQ;Amazon PLCC Free-Financing Universal Merchant AAT-CXJHMC2YJUK76;Amazon PLCC Free-Financing Universal Merchant AAT-CC4FAVTYR4X7C;Amazon PLCC Free-Financing Universal Merchant AAT-XXRCW6NZEPZI4;Amazon PLCC Free-Financing Universal Merchant AAT-EOKPWFWYW7Y6I;Amazon PLCC Free-Financing Universal Merchant AAT-ZYL5UPUNW6T62;Amazon PLCC Free-Financing Universal Merchant AAT-ETXQ3XXWMRXBG;Amazon PLCC Free-Financing Universal Merchant AAT-7X3XCTYG64VBE;Amazon PLCC Free-Financing Universal Merchant AAT-7CHGD3WTS3MHM;Amazon PLCC Free-Financing Universal Merchant AAT-26ZDKNME27X42;Amazon PLCC Free-Financing Universal Merchant AAT-4ZF5KN6E4LJK4;Amazon PLCC Free-Financing Universal Merchant AAT-7RCXIKUAX7DDY;Amazon PLCC Free-Financing Universal Merchant AAT-TNYBHEAO7HOHO;Amazon PLCC Free-Financing Universal Merchant AAT-BRSZZ45H6MHAO;Amazon PLCC Free-Financing Universal Merchant AAT-MKLXOOZWQL7GO;Amazon PLCC Free-Financing Universal Merchant AAT-CB7UNXEXGIJTC;Amazon PLCC Free-Financing Universal Merchant #MP-gzasho-1593152694811;Amazon PLCC Free-Financing Universal Merchant AAT-WLBA4GZ52EAH4;Amazon PLCC Free-Financing Universal Merchant AAT-QMFZ3M7T5NPDS;Amazon PLCC Free-Financing Universal Merchant #MP-pmilan-1601980554292,FALSE,Easy Ship
315,405-1757140-2025918,4/30/2022,Shipped,Amazon,Amazon.in,Expedited,JNE3741,JNE3741-KR-XXL,kurta,XXL,B099FBTWW1,Shipped,1,INR,432,ujjain,MADHYA PRADESH,456010,IN,IN Core Free Shipping 2015/04/08 23-48-5-108,FALSE,
316,403-9105351-8453114,4/30/2022,Shipped,Amazon,Amazon.in,Expedited,JNE3405,JNE3405-KR-L,kurta,L,B081WSCKPQ,Shipped,1,INR,399,Haldwani,UTTARAKHAND,263139,IN,IN Core Free Shipping 2015/04/08 23-48-5-108,FALSE,
317,402-0503400-6235514,4/30/2022,Shipped,Amazon,Amazon.in,Expedited,SET293,SET293-KR-NP-S,Set,S,B09K3G4TS6,Shipped,1,INR,736,CHENNAI,TAMIL NADU,600125,IN,IN Core Free Shipping 2015/04/08 23-48-5-108,FALSE,
318,408-3201739-2676310,4/30/2022,Shipped,Amazon,Amazon.in,Expedited,SET388,SET388-KR-NP-L,Set,L,B09QJLFDRK,Shipped,1,INR,1260,MUMBAI,MAHARASHTRA,400049,IN,IN Core Free Shipping 2015/04/08 23-48-5-108,FALSE,
319,171-8027093-8553945,4/30/2022,Shipped,Amazon,Amazon.in,Expedited,JNE3405,JNE3405-KR-L,kurta,L,B081WSCKPQ,Shipped,1,INR,399,Uttarkashi,UTTARAKHAND,249193,IN,IN Core Free Shipping 2015/04/08 23-48-5-108,FALSE,
320,403-3331597-7637100,4/30/2022,Shipped,Amazon,Amazon.in,Expedited,J0008,J0008-SKD-XS,Set,XS,B0894WWGK9,Shipped,1,INR,1133,BHUBANESWAR,ODISHA,751006,IN,IN Core Free Shipping 2015/04/08 23-48-5-108,FALSE,
321,403-4424319-6635501,4/30/2022,Shipped,Amazon,Amazon.in,Expedited,SET197,SET197-KR-NP-L,Set,L,B08B3YPD63,Shipped,1,INR,759,Old Goa,Goa,403107,IN,IN Core Free Shipping 2015/04/08 23-48-5-108,FALSE,
322,403-0906375-2269150,4/30/2022,Cancelled,Amazon,Amazon.in,Expedited,MEN5029,MEN5029-KR-M,kurta,M,B08YZ1SZDH,Unshipped,1,INR,475,MAHESHWAR,MADHYA PRADESH,451224,IN,,FALSE,
323,406-7261451-5682727,4/30/2022,Shipped,Amazon,Amazon.in,Expedited,J0341,J0341-DR-XS,Western Dress,XS,B099NS55L1,Shipped,1,INR,744,BENGALURU,KARNATAKA,560037,IN,IN Core Free Shipping 2015/04/08 23-48-5-108,FALSE,
324,407-5096970-7475550,4/30/2022,Cancelled,Merchant,Amazon.in,Standard,J0010,J0010-LCD-L,Set,L,B08BJSDK5J,,0,INR,1902.86,HARDOI,UTTAR PRADESH,241001,IN,,FALSE,Easy Ship
325,402-6566640-5417947,4/30/2022,Shipped,Amazon,Amazon.in,Expedited,JNE3800,JNE3800-KR-M,Western Dress,M,B09SDXQ3X9,Shipped,1,INR,771,HYDERABAD,TELANGANA,500073,IN,IN Core Free Shipping 2015/04/08 23-48-5-108,FALSE,
326,402-5302912-6805151,4/30/2022,Shipped - Delivered to Buyer,Merchant,Amazon.in,Standard,JNE3798,JNE3798-KR-M,Western Dress,M,B09SDXTRS9,Shipped,1,INR,725,HYDERABAD,TELANGANA,500073,IN,Amazon PLCC Free-Financing Universal Merchant AAT-WNKTBO3K27EJC;Amazon PLCC Free-Financing Universal Merchant AAT-QX3UCCJESKPA2;Amazon PLCC Free-Financing Universal Merchant AAT-5QQ7BIYYQEDN2;Amazon PLCC Free-Financing Universal Merchant AAT-DSJ2QRXXWXVMQ;Amazon PLCC Free-Financing Universal Merchant AAT-CXJHMC2YJUK76;Amazon PLCC Free-Financing Universal Merchant AAT-SL3Y2YRMAUNFC;Amazon PLCC Free-Financing Universal Merchant AAT-CC4FAVTYR4X7C;Amazon PLCC Free-Financing Universal Merchant AAT-XXRCW6NZEPZI4;Amazon PLCC Free-Financing Universal Merchant AAT-EOKPWFWYW7Y6I;Amazon PLCC Free-Financing Universal Merchant AAT-ZYL5UPUNW6T62;Amazon PLCC Free-Financing Universal Merchant AAT-ETXQ3XXWMRXBG;Amazon PLCC Free-Financing Universal Merchant AAT-7X3XCTYG64VBE;Amazon PLCC Free-Financing Universal Merchant AAT-7CHGD3WTS3MHM;Amazon PLCC Free-Financing Universal Merchant AAT-26ZDKNME27X42;Amazon PLCC Free-Financing Universal Merchant AAT-4ZF5KN6E4LJK4;Amazon PLCC Free-Financing Universal Merchant AAT-7RCXIKUAX7DDY;Amazon PLCC Free-Financing Universal Merchant AAT-BRSZZ45H6MHAO;Amazon PLCC Free-Financing Universal Merchant AAT-MKLXOOZWQL7GO;Amazon PLCC Free-Financing Universal Merchant AAT-CB7UNXEXGIJTC;Amazon PLCC Free-Financing Universal Merchant #MP-gzasho-1593152694811;Amazon PLCC Free-Financing Universal Merchant AAT-WLBA4GZ52EAH4,FALSE,Easy Ship
327,407-9707366-3029944,4/30/2022,Cancelled,Merchant,Amazon.in,Standard,JNE3453,JNE3453-KR-S,kurta,S,B085HMWJ4R,,0,INR,473.33,NEW DELHI,DELHI,110074,IN,,FALSE,Easy Ship
328,402-1365379-0131533,4/30/2022,Cancelled,Amazon,Amazon.in,Expedited,J0012,J0012-SKD-M,Set,M,B0894XYMWS,Cancelled,0,,,KAMAREDDY,TELANGANA,503111,IN,,FALSE,
329,408-5540360-9479519,4/30/2022,Shipped - Delivered to Buyer,Merchant,Amazon.in,Standard,SET183,SET183-KR-DH-M,Set,M,B08B3Z2YY3,Shipped,1,INR,759,SHILLONG,MEGHALAYA,793008,IN,Amazon PLCC Free-Financing Universal Merchant AAT-WNKTBO3K27EJC;Amazon PLCC Free-Financing Universal Merchant AAT-QX3UCCJESKPA2;Amazon PLCC Free-Financing Universal Merchant AAT-5QQ7BIYYQEDN2;Amazon PLCC Free-Financing Universal Merchant AAT-DSJ2QRXXWXVMQ;Amazon PLCC Free-Financing Universal Merchant AAT-CXJHMC2YJUK76;Amazon PLCC Free-Financing Universal Merchant AAT-CC4FAVTYR4X7C;Amazon PLCC Free-Financing Universal Merchant SS-1640596961008;Amazon PLCC Free-Financing Universal Merchant AAT-XXRCW6NZEPZI4;Amazon PLCC Free-Financing Universal Merchant AAT-WSJLDN3X7KEMO;Amazon PLCC Free-Financing Universal Merchant AAT-VL6FGQVGQVXUS;Amazon PLCC Free-Financing Universal Merchant AAT-EOKPWFWYW7Y6I;Amazon PLCC Free-Financing Universal Merchant AAT-ZYL5UPUNW6T62;Amazon PLCC Free-Financing Universal Merchant AAT-ETXQ3XXWMRXBG;Amazon PLCC Free-Financing Universal Merchant AAT-7X3XCTYG64VBE;Amazon PLCC Free-Financing Universal Merchant AAT-7CHGD3WTS3MHM;Amazon PLCC Free-Financing Universal Merchant AAT-26ZDKNME27X42;Amazon PLCC Free-Financing Universal Merchant AAT-4ZF5KN6E4LJK4;Amazon PLCC Free-Financing Universal Merchant AAT-7RCXIKUAX7DDY;Amazon PLCC Free-Financing Universal Merchant AAT-BRSZZ45H6MHAO;Amazon PLCC Free-Financing Universal Merchant AAT-MKLXOOZWQL7GO;Amazon PLCC Free-Financing Universal Merchant AAT-CB7UNXEXGIJTC;Amazon PLCC Free-Financing Universal Merchant #MP-gzasho-1593152694811;Amazon PLCC Free-Financing Universal Merchant AAT-WLBA4GZ52EAH4,FALSE,Easy Ship
330,403-2079921-1244300,4/30/2022,Cancelled,Amazon,Amazon.in,Expedited,MEN5029,MEN5029-KR-M,kurta,M,B08YZ1SZDH,Unshipped,1,INR,475,DHAMNOD DHAR DISTRICT,MADHYA PRADESH,454552,IN,,FALSE,
331,402-8019936-6115500,4/30/2022,Cancelled,Amazon,Amazon.in,Expedited,J0003,J0003-SET-XXL,Set,XXL,B0894XKVH3,Unshipped,1,INR,654,MYSURU,KARNATAKA,570016,IN,,FALSE,
332,406-6711228-7576354,4/30/2022,Cancelled,Amazon,Amazon.in,Expedited,J0341,J0341-DR-XXL,Western Dress,XXL,B099NR3NXY,Unshipped,1,INR,791,BENGALURU,KARNATAKA,560037,IN,,FALSE,
333,171-1425554-3718756,4/30/2022,Shipped,Amazon,Amazon.in,Expedited,J0341,J0341-DR-XXXL,Western Dress,3XL,B099NSQP4Z,Shipped,1,INR,744,BENGALURU,KARNATAKA,560070,IN,IN Core Free Shipping 2015/04/08 23-48-5-108,FALSE,
334,407-9906412-0889129,4/30/2022,Shipped,Amazon,Amazon.in,Expedited,JNE3373,JNE3373-KR-XXXL,kurta,3XL,B082W7MZVQ,Shipped,1,INR,376,CHAKDAHA,WEST BENGAL,741222,IN,IN Core Free Shipping 2015/04/08 23-48-5-108,FALSE,
335,408-8991303-6559523,4/30/2022,Shipped,Amazon,Amazon.in,Expedited,JNE3405,JNE3405-KR-XL,kurta,XL,B081WT6GG7,Shipped,1,INR,399,CHENNAI,TAMIL NADU,600082,IN,,FALSE,
336,408-6046797-8945127,4/30/2022,Shipped,Amazon,Amazon.in,Expedited,SET291,SET291-KR-PP-XL,Set,XL,B099NJV9X7,Shipped,1,INR,599,KOLKATA,WEST BENGAL,700044,IN,IN Core Free Shipping 2015/04/08 23-48-5-108,FALSE,
337,171-2134173-5385136,4/30/2022,Shipped,Amazon,Amazon.in,Expedited,J0331,J0331-KR-XXXL,kurta,3XL,B09PD63F81,Shipped,1,INR,782,CHIKKAMAGALURU,KARNATAKA,577101,IN,IN Core Free Shipping 2015/04/08 23-48-5-108,FALSE,
338,171-2134173-5385136,4/30/2022,Shipped,Amazon,Amazon.in,Expedited,JNE3752,JNE3752-KR-XXXL,kurta,3XL,B09K3Z6TT3,Shipped,1,INR,362,CHIKKAMAGALURU,KARNATAKA,577101,IN,IN Core Free Shipping 2015/04/08 23-48-5-108,FALSE,
339,402-2155477-9353103,4/30/2022,Shipped,Amazon,Amazon.in,Expedited,SET369,SET369-KR-NP-XXL,Set,XXL,B09QJM97Z8,Shipped,1,INR,1173,BHUBANESWAR,ODISHA,751003,IN,IN Core Free Shipping 2015/04/08 23-48-5-108,FALSE,
340,407-8580022-5578715,4/30/2022,Shipped - Delivered to Buyer,Merchant,Amazon.in,Standard,J0341,J0341-DR-M,Western Dress,M,B099NQQ79L,Shipped,1,INR,744,GURUGRAM,HARYANA,122018,IN,Amazon PLCC Free-Financing Universal Merchant AAT-WNKTBO3K27EJC;Amazon PLCC Free-Financing Universal Merchant AAT-QX3UCCJESKPA2;Amazon PLCC Free-Financing Universal Merchant AAT-5QQ7BIYYQEDN2;Amazon PLCC Free-Financing Universal Merchant AAT-DSJ2QRXXWXVMQ;Amazon PLCC Free-Financing Universal Merchant AAT-CXJHMC2YJUK76;Amazon PLCC Free-Financing Universal Merchant AAT-SL3Y2YRMAUNFC;Amazon PLCC Free-Financing Universal Merchant AAT-CC4FAVTYR4X7C;Amazon PLCC Free-Financing Universal Merchant AAT-XXRCW6NZEPZI4;Amazon PLCC Free-Financing Universal Merchant AAT-EOKPWFWYW7Y6I;Amazon PLCC Free-Financing Universal Merchant AAT-ZYL5UPUNW6T62;Amazon PLCC Free-Financing Universal Merchant AAT-VY2G7AISPNM5O;Amazon PLCC Free-Financing Universal Merchant AAT-W5I5VO555W3V6;Amazon PLCC Free-Financing Universal Merchant AAT-RSTHMTL7LSZQI;Amazon PLCC Free-Financing Universal Merchant AAT-ETXQ3XXWMRXBG;Amazon PLCC Free-Financing Universal Merchant AAT-7X3XCTYG64VBE;Amazon PLCC Free-Financing Universal Merchant AAT-7CHGD3WTS3MHM;Amazon PLCC Free-Financing Universal Merchant AAT-26ZDKNME27X42;Amazon PLCC Free-Financing Universal Merchant AAT-4ZF5KN6E4LJK4;Amazon PLCC Free-Financing Universal Merchant AAT-7RCXIKUAX7DDY;Amazon PLCC Free-Financing Universal Merchant AAT-BRSZZ45H6MHAO;Amazon PLCC Free-Financing Universal Merchant AAT-MKLXOOZWQL7GO;Amazon PLCC Free-Financing Universal Merchant AAT-CB7UNXEXGIJTC;Amazon PLCC Free-Financing Universal Merchant #MP-gzasho-1593152694811;Amazon PLCC Free-Financing Universal Merchant AAT-WLBA4GZ52EAH4;Amazon PLCC Free-Financing Universal Merchant #MP-pmilan-1601980554292,FALSE,Easy Ship
341,402-1572540-8678700,4/30/2022,Shipped,Amazon,Amazon.in,Expedited,JNE3797,JNE3797-KR-M,Western Dress,M,B09SDY8DCT,Shipped,1,INR,725,KOLKATA,WEST BENGAL,700050,IN,IN Core Free Shipping 2015/04/08 23-48-5-108,FALSE,
342,171-1887627-9813158,4/30/2022,Shipped,Amazon,Amazon.in,Expedited,JNE3373,JNE3373-KR-XS,kurta,XS,B082W872VQ,Shipped,1,INR,376,VISAKHAPATNAM,ANDHRA PRADESH,530016,IN,IN Core Free Shipping 2015/04/08 23-48-5-108,FALSE,
343,408-7712483-3825907,4/30/2022,Shipped - Delivered to Buyer,Merchant,Amazon.in,Standard,JNE3805,JNE3805-KR-L,kurta,L,B09K3ZKHMW,Shipped,1,INR,459,ALLAHABAD,UTTAR PRADESH,211004,IN,Amazon PLCC Free-Financing Universal Merchant AAT-WNKTBO3K27EJC;Amazon PLCC Free-Financing Universal Merchant AAT-QX3UCCJESKPA2;Amazon PLCC Free-Financing Universal Merchant AAT-5QQ7BIYYQEDN2;Amazon PLCC Free-Financing Universal Merchant AAT-DSJ2QRXXWXVMQ;Amazon PLCC Free-Financing Universal Merchant AAT-CXJHMC2YJUK76;Amazon PLCC Free-Financing Universal Merchant AAT-SL3Y2YRMAUNFC;Amazon PLCC Free-Financing Universal Merchant AAT-CC4FAVTYR4X7C;Amazon PLCC Free-Financing Universal Merchant AAT-XXRCW6NZEPZI4;Amazon PLCC Free-Financing Universal Merchant AAT-WSJLDN3X7KEMO;Amazon PLCC Free-Financing Universal Merchant AAT-VL6FGQVGQVXUS;Amazon PLCC Free-Financing Universal Merchant AAT-EOKPWFWYW7Y6I;Amazon PLCC Free-Financing Universal Merchant AAT-ZYL5UPUNW6T62;Amazon PLCC Free-Financing Universal Merchant AAT-XVPICCHRWDCAI;Amazon PLCC Free-Financing Universal Merchant AAT-ETXQ3XXWMRXBG;Amazon PLCC Free-Financing Universal Merchant AAT-7X3XCTYG64VBE;Amazon PLCC Free-Financing Universal Merchant AAT-7CHGD3WTS3MHM;Amazon PLCC Free-Financing Universal Merchant AAT-26ZDKNME27X42;Amazon PLCC Free-Financing Universal Merchant AAT-4ZF5KN6E4LJK4;Amazon PLCC Free-Financing Universal Merchant AAT-7RCXIKUAX7DDY;Amazon PLCC Free-Financing Universal Merchant AAT-BRSZZ45H6MHAO;Amazon PLCC Free-Financing Universal Merchant AAT-MKLXOOZWQL7GO;Amazon PLCC Free-Financing Universal Merchant AAT-CB7UNXEXGIJTC;Amazon PLCC Free-Financing Universal Merchant #MP-gzasho-1593152694811;Amazon PLCC Free-Financing Universal Merchant AAT-WLBA4GZ52EAH4,FALSE,Easy Ship
344,402-3621298-2630741,4/30/2022,Cancelled,Amazon,Amazon.in,Expedited,J0003,J0003-SET-XXL,Set,XXL,B0894XKVH3,Unshipped,1,INR,654,MYSURU,KARNATAKA,570016,IN,,FALSE,
345,404-8745561-3169903,4/30/2022,Shipped,Amazon,Amazon.in,Expedited,JNE3537,JNE3537-KR-M,kurta,M,B08JGXZHY9,Shipped,1,INR,379,LUCKNOW,UTTAR PRADESH,226022,IN,IN Core Free Shipping 2015/04/08 23-48-5-108,FALSE,
346,404-1508602-9433941,4/30/2022,Shipped,Amazon,Amazon.in,Expedited,J0003,J0003-SET-XL,Set,XL,B0894YFQ5R,Shipped,1,INR,696,KOLKATA,WEST BENGAL,700089,IN,IN Core Free Shipping 2015/04/08 23-48-5-108,FALSE,
347,171-9371949-6030721,4/30/2022,Shipped,Amazon,Amazon.in,Expedited,SET324,SET324-KR-NP-M,Set,M,B09NQ4NM75,Shipped,1,INR,597,MALDA,WEST BENGAL,732101,IN,IN Core Free Shipping 2015/04/08 23-48-5-108,FALSE,
348,171-2705563-6985105,4/30/2022,Shipped,Amazon,Amazon.in,Expedited,SET293,SET293-KR-NP-M,Set,M,B09K3LJWBB,Shipped,1,INR,692,DIMAPUR,NAGALAND,797112,IN,IN Core Free Shipping 2015/04/08 23-48-5-108,FALSE,
349,171-3537751-4007556,4/30/2022,Shipped,Amazon,Amazon.in,Expedited,SET436,SET436-KR-NP-XXXL,Set,3XL,B09YNY91G5,Shipped,1,INR,1999,Nellore,ANDHRA PRADESH,524314,IN,IN Core Free Shipping 2015/04/08 23-48-5-108,FALSE,
350,408-5990312-3581165,4/30/2022,Shipped,Amazon,Amazon.in,Expedited,SET264,SET264-KR-NP-XXL,Set,XXL,B08YNK9K8F,Shipped,1,INR,824,PUDUCHERRY,PUDUCHERRY,605008,IN,IN Core Free Shipping 2015/04/08 23-48-5-108,FALSE,
351,403-6062596-1220349,4/30/2022,Shipped,Amazon,Amazon.in,Expedited,JNE3567,JNE3567-KR-XS,kurta,XS,B08KRXDR4Y,Shipped,1,INR,399,CUNCOLIM,GOA,403703,IN,Duplicated A12RHGVGRWOT3S 1560498941486,FALSE,
352,171-8220241-5105927,4/30/2022,Shipped,Amazon,Amazon.in,Expedited,J0329,J0329-KR-XXXL,kurta,3XL,B09KXRLH3S,Shipped,1,INR,737,CHIKKAMAGALURU,KARNATAKA,577101,IN,IN Core Free Shipping 2015/04/08 23-48-5-108,FALSE,
353,408-9405529-3743511,4/30/2022,Shipped,Amazon,Amazon.in,Expedited,JNE3568,JNE3568-KR-XL,kurta,XL,B08KS2BCHS,Shipped,1,INR,399,Hyderabad,TELANGANA,500068,IN,IN Core Free Shipping 2015/04/08 23-48-5-108,FALSE,
354,402-3595365-1666728,4/30/2022,Cancelled,Amazon,Amazon.in,Expedited,SET341,SET341-KR-NP-L,Set,L,B09NPXCZZG,Unshipped,1,INR,899,NOIDA,UTTAR PRADESH,201301,IN,,FALSE,
355,407-3271219-3762757,4/30/2022,Shipped,Amazon,Amazon.in,Expedited,JNE3543,JNE3543-KR-M,kurta,M,B08HHJQ3F4,Shipped,1,INR,368,PUNE,MAHARASHTRA,411028,IN,IN Core Free Shipping 2015/04/08 23-48-5-108,FALSE,
356,402-3660716-8589107,4/30/2022,Shipped - Delivered to Buyer,Merchant,Amazon.in,Standard,JNE3368,JNE3368-KR-XXXL,kurta,3XL,B0828PD16L,Shipped,1,INR,471,trivandrum,KERALA,695003,IN,Amazon PLCC Free-Financing Universal Merchant AAT-WNKTBO3K27EJC;Amazon PLCC Free-Financing Universal Merchant AAT-QX3UCCJESKPA2;Amazon PLCC Free-Financing Universal Merchant AAT-5QQ7BIYYQEDN2;Amazon PLCC Free-Financing Universal Merchant AAT-DSJ2QRXXWXVMQ;Amazon PLCC Free-Financing Universal Merchant AAT-CXJHMC2YJUK76;Amazon PLCC Free-Financing Universal Merchant AAT-CC4FAVTYR4X7C;Amazon PLCC Free-Financing Universal Merchant AAT-XXRCW6NZEPZI4;Amazon PLCC Free-Financing Universal Merchant AAT-CXNSLNBROFDW4;Amazon PLCC Free-Financing Universal Merchant AAT-WSJLDN3X7KEMO;Amazon PLCC Free-Financing Universal Merchant AAT-VL6FGQVGQVXUS;Amazon PLCC Free-Financing Universal Merchant AAT-EOKPWFWYW7Y6I;Amazon PLCC Free-Financing Universal Merchant AAT-ZYL5UPUNW6T62;Amazon PLCC Free-Financing Universal Merchant AAT-XVPICCHRWDCAI;Amazon PLCC Free-Financing Universal Merchant AAT-ETXQ3XXWMRXBG;Amazon PLCC Free-Financing Universal Merchant AAT-7X3XCTYG64VBE;Amazon PLCC Free-Financing Universal Merchant AAT-7CHGD3WTS3MHM;Amazon PLCC Free-Financing Universal Merchant AAT-26ZDKNME27X42;Amazon PLCC Free-Financing Universal Merchant AAT-4ZF5KN6E4LJK4;Amazon PLCC Free-Financing Universal Merchant AAT-7RCXIKUAX7DDY;Amazon PLCC Free-Financing Universal Merchant AAT-BRSZZ45H6MHAO;Amazon PLCC Free-Financing Universal Merchant AAT-MKLXOOZWQL7GO;Amazon PLCC Free-Financing Universal Merchant AAT-CB7UNXEXGIJTC;Amazon PLCC Free-Financing Universal Merchant #MP-gzasho-1593152694811;Amazon PLCC Free-Financing Universal Merchant AAT-WLBA4GZ52EAH4,FALSE,Easy Ship
357,171-3953233-6135505,4/30/2022,Shipped,Amazon,Amazon.in,Expedited,JNE3405,JNE3405-KR-L,kurta,L,B081WSCKPQ,Shipped,1,INR,399,KANPUR,UTTAR PRADESH,208027,IN,Duplicated A12RHGVGRWOT3S 1560498941486,FALSE,
358,402-5525660-2118707,4/30/2022,Shipped,Amazon,Amazon.in,Expedited,JNE3365,JNE3365-KR-1052-A-S,kurta,S,B07WS14TZY,Shipped,1,INR,376,CHINNALAPATTI,TAMIL NADU,624301,IN,,FALSE,
359,406-9941718-1734719,4/30/2022,Shipped - Delivered to Buyer,Merchant,Amazon.in,Standard,JNE3759,JNE3759-KR-XL,kurta,XL,B099FB2C9L,Shipped,1,INR,544,BENGALURU,KARNATAKA,560072,IN,Amazon PLCC Free-Financing Universal Merchant AAT-WNKTBO3K27EJC;Amazon PLCC Free-Financing Universal Merchant AAT-QX3UCCJESKPA2;Amazon PLCC Free-Financing Universal Merchant AAT-5QQ7BIYYQEDN2;Amazon PLCC Free-Financing Universal Merchant AAT-DSJ2QRXXWXVMQ;Amazon PLCC Free-Financing Universal Merchant AAT-CXJHMC2YJUK76;Amazon PLCC Free-Financing Universal Merchant AAT-SL3Y2YRMAUNFC;Amazon PLCC Free-Financing Universal Merchant AAT-CC4FAVTYR4X7C;Amazon PLCC Free-Financing Universal Merchant AAT-XXRCW6NZEPZI4;Amazon PLCC Free-Financing Universal Merchant AAT-EOKPWFWYW7Y6I;Amazon PLCC Free-Financing Universal Merchant AAT-ZYL5UPUNW6T62;Amazon PLCC Free-Financing Universal Merchant AAT-ETXQ3XXWMRXBG;Amazon PLCC Free-Financing Universal Merchant AAT-7X3XCTYG64VBE;Amazon PLCC Free-Financing Universal Merchant AAT-7CHGD3WTS3MHM;Amazon PLCC Free-Financing Universal Merchant AAT-26ZDKNME27X42;Amazon PLCC Free-Financing Universal Merchant AAT-4ZF5KN6E4LJK4;Amazon PLCC Free-Financing Universal Merchant AAT-7RCXIKUAX7DDY;Amazon PLCC Free-Financing Universal Merchant AAT-TNYBHEAO7HOHO;Amazon PLCC Free-Financing Universal Merchant AAT-BRSZZ45H6MHAO;Amazon PLCC Free-Financing Universal Merchant AAT-MKLXOOZWQL7GO;Amazon PLCC Free-Financing Universal Merchant AAT-CB7UNXEXGIJTC;Amazon PLCC Free-Financing Universal Merchant #MP-gzasho-1593152694811;Amazon PLCC Free-Financing Universal Merchant AAT-WLBA4GZ52EAH4;Amazon PLCC Free-Financing Universal Merchant AAT-QMFZ3M7T5NPDS;Amazon PLCC Free-Financing Universal Merchant #MP-pmilan-1601980554292,FALSE,Easy Ship
360,171-1297873-2176339,4/30/2022,Shipped,Amazon,Amazon.in,Expedited,MEN5001,MEN5001-KR-L,kurta,L,B08YYRNM5M,Shipped,1,INR,499,HYDERABAD,TELANGANA,500073,IN,IN Core Free Shipping 2015/04/08 23-48-5-108,FALSE,
361,407-6401192-4057954,4/30/2022,Shipped,Amazon,Amazon.in,Expedited,J0098,J0098-TP-XS,Top,XS,B092CZW41L,Shipped,1,INR,426,BENGALURU,KARNATAKA,560100,IN,,FALSE,
362,406-3397500-8084361,4/30/2022,Shipped,Amazon,Amazon.in,Expedited,JNE3567,JNE3567-KR-XL,kurta,XL,B08KRTXC2Y,Shipped,1,INR,399,BENGALURU,KARNATAKA,560072,IN,,FALSE,
363,171-9620288-8918704,4/30/2022,Cancelled,Amazon,Amazon.in,Expedited,SET226,SET226-KR-PP-L,Set,L,B08MYTQ4F9,Cancelled,0,,,BAGESHWAR,UTTARAKHAND,263642,IN,IN Core Free Shipping 2015/04/08 23-48-5-108,FALSE,
364,402-8089760-1132331,4/30/2022,Shipped,Amazon,Amazon.in,Expedited,SET380,SET380-KR-NP-XXXL,Set,3XL,B09QJ3F6T9,Shipped,1,INR,995,NEW DELHI,DELHI,110059,IN,,FALSE,
365,403-7042175-3905937,4/30/2022,Shipped,Amazon,Amazon.in,Expedited,MEN5009,MEN5009-KR-M,kurta,M,B08YYX8VKT,Shipped,1,INR,499,BARRACKPORE,WEST BENGAL,700122,IN,IN Core Free Shipping 2015/04/08 23-48-5-108,FALSE,
366,403-7042175-3905937,4/30/2022,Shipped,Amazon,Amazon.in,Expedited,MEN5011,MEN5011-KR-M,kurta,M,B08YZ1Z5XS,Shipped,1,INR,499,BARRACKPORE,WEST BENGAL,700122,IN,IN Core Free Shipping 2015/04/08 23-48-5-108,FALSE,
367,407-4629176-4141949,4/30/2022,Shipped,Amazon,Amazon.in,Expedited,SET324,SET324-KR-NP-M,Set,M,B09NQ4NM75,Shipped,1,INR,597,Dombivali  east,MAHARASHTRA,421201,IN,IN Core Free Shipping 2015/04/08 23-48-5-108,FALSE,
368,171-7306449-0588335,4/30/2022,Shipped,Amazon,Amazon.in,Expedited,MEN5032,MEN5032-KR-S,kurta,S,B08YYXJJ4V,Shipped,1,INR,562,NEW DELHI,DELHI,110017,IN,IN Core Free Shipping 2015/04/08 23-48-5-108,FALSE,
369,407-1396965-6726703,4/30/2022,Shipped,Amazon,Amazon.in,Expedited,PJ0096,PJ0096-KR-N-5XL,kurta,5XL,B09LD3ZZ2N,Shipped,1,INR,696,PATNA,BIHAR,801105,IN,IN Core Free Shipping 2015/04/08 23-48-5-108,FALSE,
370,407-0624641-6557144,4/30/2022,Shipped,Amazon,Amazon.in,Expedited,SET268,SET268-KR-NP-L,Set,L,B08XQ8MCKP,Shipped,1,INR,788,Hyderabad,TELANGANA,500070,IN,,FALSE,
371,405-8444009-8723509,4/30/2022,Shipped,Amazon,Amazon.in,Expedited,JNE3567,JNE3567-KR-M,kurta,M,B08KRXV1QR,Shipped,1,INR,399,New delhi,DELHI,110085,IN,,FALSE,
372,406-5729580-2175565,4/30/2022,Shipped,Amazon,Amazon.in,Expedited,SET359,SET359-KR-NP-XXL,Set,XXL,B09RKFC8CP,Shipped,1,INR,1099,NEW TOWN,WEST BENGAL,700135,IN,IN Core Free Shipping 2015/04/08 23-48-5-108,FALSE,
373,404-2255967-5457950,4/30/2022,Shipped,Amazon,Amazon.in,Expedited,J0199,J0199-SET-XXXL,Set,3XL,B08QGMQRLF,Shipped,1,INR,476,HYDERABAD,TELANGANA,502319,IN,,FALSE,
374,408-5020509-5674715,4/30/2022,Shipped - Returned to Seller,Merchant,Amazon.in,Standard,JNE3798,JNE3798-KR-M,Western Dress,M,B09SDXTRS9,Shipped,1,INR,0,NEW DELHI,DELHI,110096,IN,Amazon PLCC Free-Financing Universal Merchant AAT-5QQ7BIYYQEDN2;Amazon PLCC Free-Financing Universal Merchant AAT-DSJ2QRXXWXVMQ;Amazon PLCC Free-Financing Universal Merchant AAT-XXRCW6NZEPZI4;Amazon PLCC Free-Financing Universal Merchant AAT-ETXQ3XXWMRXBG;Amazon PLCC Free-Financing Universal Merchant AAT-7X3XCTYG64VBE;Amazon PLCC Free-Financing Universal Merchant AAT-7CHGD3WTS3MHM;Amazon PLCC Free-Financing Universal Merchant AAT-26ZDKNME27X42;Amazon PLCC Free-Financing Universal Merchant AAT-4ZF5KN6E4LJK4;Amazon PLCC Free-Financing Universal Merchant AAT-7RCXIKUAX7DDY;Amazon PLCC Free-Financing Universal Merchant #MP-gzasho-1593152694811,FALSE,Easy Ship
375,407-7642883-3094732,4/30/2022,Shipped - Delivered to Buyer,Merchant,Amazon.in,Standard,J0401,J0401-DR-L,Western Dress,L,B09SDXN14H,Shipped,1,INR,885,SIBSAGAR,ASSAM,785667,IN,Amazon PLCC Free-Financing Universal Merchant AAT-WNKTBO3K27EJC;Amazon PLCC Free-Financing Universal Merchant AAT-QX3UCCJESKPA2;Amazon PLCC Free-Financing Universal Merchant AAT-5QQ7BIYYQEDN2;Amazon PLCC Free-Financing Universal Merchant AAT-DSJ2QRXXWXVMQ;Amazon PLCC Free-Financing Universal Merchant AAT-CXJHMC2YJUK76;Amazon PLCC Free-Financing Universal Merchant AAT-CC4FAVTYR4X7C;Amazon PLCC Free-Financing Universal Merchant AAT-XXRCW6NZEPZI4;Amazon PLCC Free-Financing Universal Merchant AAT-EOKPWFWYW7Y6I;Amazon PLCC Free-Financing Universal Merchant AAT-ZYL5UPUNW6T62;Amazon PLCC Free-Financing Universal Merchant AAT-ETXQ3XXWMRXBG;Amazon PLCC Free-Financing Universal Merchant AAT-7X3XCTYG64VBE;Amazon PLCC Free-Financing Universal Merchant AAT-7CHGD3WTS3MHM;Amazon PLCC Free-Financing Universal Merchant AAT-26ZDKNME27X42;Amazon PLCC Free-Financing Universal Merchant AAT-4ZF5KN6E4LJK4;Amazon PLCC Free-Financing Universal Merchant AAT-7RCXIKUAX7DDY;Amazon PLCC Free-Financing Universal Merchant AAT-BRSZZ45H6MHAO;Amazon PLCC Free-Financing Universal Merchant AAT-MKLXOOZWQL7GO;Amazon PLCC Free-Financing Universal Merchant AAT-CB7UNXEXGIJTC;Amazon PLCC Free-Financing Universal Merchant #MP-gzasho-1593152694811;Amazon PLCC Free-Financing Universal Merchant AAT-WLBA4GZ52EAH4,FALSE,Easy Ship
376,404-7608918-0571517,4/30/2022,Shipped,Amazon,Amazon.in,Expedited,J0003,J0003-SET-XS,Set,XS,B0894WW15B,Shipped,1,INR,654,JAMMU,JAMMU & KASHMIR,180015,IN,IN Core Free Shipping 2015/04/08 23-48-5-108,FALSE,
377,171-6589781-2209965,4/30/2022,Shipped,Amazon,Amazon.in,Expedited,J0308,J0308-DR-XL,Western Dress,XL,B099NS3FWG,Shipped,1,INR,625,Pune,MAHARASHTRA,411019,IN,IN Core Free Shipping 2015/04/08 23-48-5-108,FALSE,
378,405-9442254-2207515,4/30/2022,Shipped - Delivered to Buyer,Merchant,Amazon.in,Standard,PJNE3368,PJNE3368-KR-6XL,kurta,6XL,B09PY99SVJ,Shipped,1,INR,505,Pathanapuram,KERALA,689695,IN,Amazon PLCC Free-Financing Universal Merchant AAT-WNKTBO3K27EJC;Amazon PLCC Free-Financing Universal Merchant AAT-QX3UCCJESKPA2;Amazon PLCC Free-Financing Universal Merchant AAT-5QQ7BIYYQEDN2;Amazon PLCC Free-Financing Universal Merchant AAT-DSJ2QRXXWXVMQ;Amazon PLCC Free-Financing Universal Merchant AAT-CXJHMC2YJUK76;Amazon PLCC Free-Financing Universal Merchant AAT-SL3Y2YRMAUNFC;Amazon PLCC Free-Financing Universal Merchant AAT-CC4FAVTYR4X7C;Amazon PLCC Free-Financing Universal Merchant AAT-XXRCW6NZEPZI4;Amazon PLCC Free-Financing Universal Merchant AAT-WSJLDN3X7KEMO;Amazon PLCC Free-Financing Universal Merchant AAT-VL6FGQVGQVXUS;Amazon PLCC Free-Financing Universal Merchant AAT-EOKPWFWYW7Y6I;Amazon PLCC Free-Financing Universal Merchant AAT-ZYL5UPUNW6T62;Amazon PLCC Free-Financing Universal Merchant AAT-XVPICCHRWDCAI;Amazon PLCC Free-Financing Universal Merchant AAT-ETXQ3XXWMRXBG;Amazon PLCC Free-Financing Universal Merchant AAT-7X3XCTYG64VBE;Amazon PLCC Free-Financing Universal Merchant AAT-7CHGD3WTS3MHM;Amazon PLCC Free-Financing Universal Merchant AAT-26ZDKNME27X42;Amazon PLCC Free-Financing Universal Merchant AAT-4ZF5KN6E4LJK4;Amazon PLCC Free-Financing Universal Merchant AAT-7RCXIKUAX7DDY;Amazon PLCC Free-Financing Universal Merchant AAT-BRSZZ45H6MHAO;Amazon PLCC Free-Financing Universal Merchant AAT-MKLXOOZWQL7GO;Amazon PLCC Free-Financing Universal Merchant AAT-CB7UNXEXGIJTC;Amazon PLCC Free-Financing Universal Merchant #MP-gzasho-1593152694811;Amazon PLCC Free-Financing Universal Merchant AAT-WLBA4GZ52EAH4,FALSE,Easy Ship
379,405-3071731-6600369,4/30/2022,Shipped,Amazon,Amazon.in,Expedited,PJNE3252,PJNE3252-KR-N-6XL,kurta,6XL,B09LD24932,Shipped,1,INR,563,Pathanapuram,KERALA,689695,IN,IN Core Free Shipping 2015/04/08 23-48-5-108,FALSE,
380,404-6026001-1717923,4/30/2022,Cancelled,Merchant,Amazon.in,Standard,JNE3752,JNE3752-KR-M,kurta,M,B09K3WC7DN,,0,INR,344.76,JAUNPUR,UTTAR PRADESH,222001,IN,,FALSE,Easy Ship
381,404-4026534-0431517,4/30/2022,Cancelled,Amazon,Amazon.in,Expedited,SET217,SET217-KR-PP-XXXL,Set,3XL,B089B2WLM2,Cancelled,0,,,SOLAPUR,MAHARASHTRA,413001,IN,IN Core Free Shipping 2015/04/08 23-48-5-108,FALSE,
382,406-4970885-3273941,4/30/2022,Shipped - Delivered to Buyer,Merchant,Amazon.in,Standard,JNE3799,JNE3799-KR-XL,kurta,XL,B09SDYHWLX,Shipped,1,INR,666,PUNE,MAHARASHTRA,411047,IN,Amazon PLCC Free-Financing Universal Merchant AAT-WNKTBO3K27EJC;Amazon PLCC Free-Financing Universal Merchant AAT-QX3UCCJESKPA2;Amazon PLCC Free-Financing Universal Merchant AAT-5QQ7BIYYQEDN2;Amazon PLCC Free-Financing Universal Merchant AAT-DSJ2QRXXWXVMQ;Amazon PLCC Free-Financing Universal Merchant AAT-CXJHMC2YJUK76;Amazon PLCC Free-Financing Universal Merchant AAT-SL3Y2YRMAUNFC;Amazon PLCC Free-Financing Universal Merchant AAT-CC4FAVTYR4X7C;Amazon PLCC Free-Financing Universal Merchant AAT-XXRCW6NZEPZI4;Amazon PLCC Free-Financing Universal Merchant AAT-EOKPWFWYW7Y6I;Amazon PLCC Free-Financing Universal Merchant AAT-ZYL5UPUNW6T62;Amazon PLCC Free-Financing Universal Merchant AAT-ETXQ3XXWMRXBG;Amazon PLCC Free-Financing Universal Merchant AAT-7X3XCTYG64VBE;Amazon PLCC Free-Financing Universal Merchant AAT-7CHGD3WTS3MHM;Amazon PLCC Free-Financing Universal Merchant AAT-26ZDKNME27X42;Amazon PLCC Free-Financing Universal Merchant AAT-4ZF5KN6E4LJK4;Amazon PLCC Free-Financing Universal Merchant AAT-7RCXIKUAX7DDY;Amazon PLCC Free-Financing Universal Merchant AAT-TNYBHEAO7HOHO;Amazon PLCC Free-Financing Universal Merchant AAT-BRSZZ45H6MHAO;Amazon PLCC Free-Financing Universal Merchant AAT-MKLXOOZWQL7GO;Amazon PLCC Free-Financing Universal Merchant AAT-CB7UNXEXGIJTC;Amazon PLCC Free-Financing Universal Merchant #MP-gzasho-1593152694811;Amazon PLCC Free-Financing Universal Merchant AAT-WLBA4GZ52EAH4;Amazon PLCC Free-Financing Universal Merchant AAT-QMFZ3M7T5NPDS;Amazon PLCC Free-Financing Universal Merchant #MP-pmilan-1601980554292,FALSE,Easy Ship
383,406-2942566-8263534,4/30/2022,Shipped - Delivered to Buyer,Merchant,Amazon.in,Standard,JNE3405,JNE3405-KR-S,kurta,S,B081WX4G4Q,Shipped,1,INR,399,MAHBUBNAGAR,TELANGANA,509001,IN,Amazon PLCC Free-Financing Universal Merchant AAT-WNKTBO3K27EJC;Amazon PLCC Free-Financing Universal Merchant AAT-QX3UCCJESKPA2;Amazon PLCC Free-Financing Universal Merchant AAT-5QQ7BIYYQEDN2;Amazon PLCC Free-Financing Universal Merchant AAT-DSJ2QRXXWXVMQ;Amazon PLCC Free-Financing Universal Merchant AAT-CXJHMC2YJUK76;Amazon PLCC Free-Financing Universal Merchant AAT-CC4FAVTYR4X7C;Amazon PLCC Free-Financing Universal Merchant AAT-XXRCW6NZEPZI4;Amazon PLCC Free-Financing Universal Merchant AAT-EOKPWFWYW7Y6I;Amazon PLCC Free-Financing Universal Merchant AAT-ETXQ3XXWMRXBG;Amazon PLCC Free-Financing Universal Merchant AAT-7X3XCTYG64VBE;Amazon PLCC Free-Financing Universal Merchant AAT-7CHGD3WTS3MHM;Amazon PLCC Free-Financing Universal Merchant AAT-26ZDKNME27X42;Amazon PLCC Free-Financing Universal Merchant AAT-4ZF5KN6E4LJK4;Amazon PLCC Free-Financing Universal Merchant AAT-7RCXIKUAX7DDY;Amazon PLCC Free-Financing Universal Merchant AAT-BRSZZ45H6MHAO;Amazon PLCC Free-Financing Universal Merchant AAT-MKLXOOZWQL7GO;Amazon PLCC Free-Financing Universal Merchant AAT-CB7UNXEXGIJTC;Amazon PLCC Free-Financing Universal Merchant #MP-gzasho-1593152694811;Amazon PLCC Free-Financing Universal Merchant AAT-WLBA4GZ52EAH4,FALSE,Easy Ship
384,406-7501816-7391539,4/30/2022,Shipped - Delivered to Buyer,Merchant,Amazon.in,Standard,JNE3294,JNE3294-KR-S,kurta,S,B07R5W78SS,Shipped,1,INR,432,Nk sweets Vikasnagar,UTTARAKHAND,248198,IN,Amazon PLCC Free-Financing Universal Merchant AAT-WNKTBO3K27EJC;Amazon PLCC Free-Financing Universal Merchant AAT-QX3UCCJESKPA2;Amazon PLCC Free-Financing Universal Merchant AAT-5QQ7BIYYQEDN2;Amazon PLCC Free-Financing Universal Merchant AAT-DSJ2QRXXWXVMQ;Amazon PLCC Free-Financing Universal Merchant AAT-CXJHMC2YJUK76;Amazon PLCC Free-Financing Universal Merchant AAT-CC4FAVTYR4X7C;Amazon PLCC Free-Financing Universal Merchant AAT-XXRCW6NZEPZI4;Amazon PLCC Free-Financing Universal Merchant AAT-R7GXNZWISTRFA;Amazon PLCC Free-Financing Universal Merchant AAT-EOKPWFWYW7Y6I;Amazon PLCC Free-Financing Universal Merchant AAT-ETXQ3XXWMRXBG;Amazon PLCC Free-Financing Universal Merchant AAT-7X3XCTYG64VBE;Amazon PLCC Free-Financing Universal Merchant AAT-7CHGD3WTS3MHM;Amazon PLCC Free-Financing Universal Merchant AAT-26ZDKNME27X42;Amazon PLCC Free-Financing Universal Merchant AAT-4ZF5KN6E4LJK4;Amazon PLCC Free-Financing Universal Merchant AAT-7RCXIKUAX7DDY;Amazon PLCC Free-Financing Universal Merchant AAT-BRSZZ45H6MHAO;Amazon PLCC Free-Financing Universal Merchant AAT-MKLXOOZWQL7GO;Amazon PLCC Free-Financing Universal Merchant AAT-CB7UNXEXGIJTC;Amazon PLCC Free-Financing Universal Merchant #MP-gzasho-1593152694811;Amazon PLCC Free-Financing Universal Merchant AAT-WLBA4GZ52EAH4,FALSE,Easy Ship
385,408-3137526-3167563,4/30/2022,Shipped,Amazon,Amazon.in,Standard,JNE3405,JNE3405-KR-L,kurta,L,B081WSCKPQ,Shipped,1,INR,0,DARJEELING,WEST BENGAL,734101,IN,,FALSE,
386,408-5211576-2061139,4/30/2022,Shipped,Amazon,Amazon.in,Expedited,SET356,SET356-KR-NP-XXXL,Set,3XL,B09QJ49VXB,Shipped,1,INR,1099,RANCHI,JHARKHAND,834001,IN,IN Core Free Shipping 2015/04/08 23-48-5-108,FALSE,
387,406-9632792-8869139,4/30/2022,Shipped,Amazon,Amazon.in,Expedited,JNE2014,JNE2014-KR-178-XXXL,kurta,3XL,B07G2CSMX9,Shipped,1,INR,353,BENGALURU,KARNATAKA,560019,IN,,FALSE,
388,408-7971979-8745937,4/30/2022,Shipped - Delivered to Buyer,Merchant,Amazon.in,Standard,J0401,J0401-DR-XS,Western Dress,XS,B09SDXYWYN,Shipped,1,INR,0,LUDHIANA,PUNJAB,141001,IN,Amazon PLCC Free-Financing Universal Merchant AAT-5QQ7BIYYQEDN2;Amazon PLCC Free-Financing Universal Merchant AAT-DSJ2QRXXWXVMQ;Amazon PLCC Free-Financing Universal Merchant AAT-XXRCW6NZEPZI4;Amazon PLCC Free-Financing Universal Merchant AAT-ETXQ3XXWMRXBG;Amazon PLCC Free-Financing Universal Merchant AAT-7X3XCTYG64VBE;Amazon PLCC Free-Financing Universal Merchant AAT-7CHGD3WTS3MHM;Amazon PLCC Free-Financing Universal Merchant AAT-26ZDKNME27X42;Amazon PLCC Free-Financing Universal Merchant AAT-4ZF5KN6E4LJK4;Amazon PLCC Free-Financing Universal Merchant AAT-7RCXIKUAX7DDY;Amazon PLCC Free-Financing Universal Merchant #MP-gzasho-1593152694811,FALSE,Easy Ship
389,405-5166820-2566738,4/30/2022,Shipped,Amazon,Amazon.in,Expedited,SET291,SET291-KR-PP-M,Set,M,B099NK55YG,Shipped,1,INR,563,BENGALURU,KARNATAKA,560076,IN,IN Core Free Shipping 2015/04/08 23-48-5-108,FALSE,
390,405-8932002-4271522,4/30/2022,Shipped,Amazon,Amazon.in,Expedited,SET110,SET110-KR-PP-XXL,Set,XXL,B0822V61TT,Shipped,1,INR,788,HYDERABAD,TELANGANA,500043,IN,IN Core Free Shipping 2015/04/08 23-48-5-108,FALSE,
391,404-1855398-2642751,4/30/2022,Shipped,Amazon,Amazon.in,Expedited,J0003,J0003-SET-M,Set,M,B0894XH3LN,Shipped,1,INR,654,MUZAFFARPUR,BIHAR,842002,IN,IN Core Free Shipping 2015/04/08 23-48-5-108,FALSE,
392,408-0912805-7526753,4/30/2022,Shipped,Amazon,Amazon.in,Expedited,SET365,SET365-KR-NP-L,Set,L,B09QJM9NDP,Shipped,1,INR,0,MUMBAI,MAHARASHTRA,400101,IN,,FALSE,
393,402-2403704-9667560,4/30/2022,Shipped,Amazon,Amazon.in,Expedited,JNE3405,JNE3405-KR-XXXL,kurta,3XL,B081WZ4T3V,Shipped,1,INR,399,SECUNDERABAD,TELANGANA,500011,IN,,FALSE,
394,405-2569549-3466719,4/30/2022,Shipped,Amazon,Amazon.in,Expedited,J0003,J0003-SET-L,Set,L,B0894Y4PNG,Shipped,1,INR,696,Sonbhadra,UTTAR PRADESH,231216,IN,IN Core Free Shipping 2015/04/08 23-48-5-108,FALSE,
395,405-2822825-3877133,4/30/2022,Shipped,Amazon,Amazon.in,Expedited,J0230,J0230-SKD-XXL,Set,XXL,B08XNGQCGM,Shipped,1,INR,1112,LUCKNOW,UTTAR PRADESH,226010,IN,IN Core Free Shipping 2015/04/08 23-48-5-108,FALSE,
396,171-5222377-4501935,4/30/2022,Shipped,Amazon,Amazon.in,Expedited,JNE3465,JNE3465-KR-XXXL,kurta,3XL,B08BFVXK6N,Shipped,1,INR,517,KAKINADA,ANDHRA PRADESH,533003,IN,,FALSE,
397,171-2644368-7969167,4/30/2022,Shipped,Amazon,Amazon.in,Expedited,SET265,SET265-KR-NP-M,Set,M,B0983DBK44,Shipped,1,INR,888,KAKINADA,ANDHRA PRADESH,533003,IN,IN Core Free Shipping 2015/04/08 23-48-5-108,FALSE,
398,171-2644368-7969167,4/30/2022,Shipped,Amazon,Amazon.in,Expedited,J0280,J0280-SKD-S,Set,S,B08QGM7FCC,Shipped,1,INR,1463,KAKINADA,ANDHRA PRADESH,533003,IN,IN Core Free Shipping 2015/04/08 23-48-5-108,FALSE,
399,171-2644368-7969167,4/30/2022,Shipped,Amazon,Amazon.in,Expedited,JNE3405,JNE3405-KR-XXXL,kurta,3XL,B081WZ4T3V,Shipped,1,INR,399,KAKINADA,ANDHRA PRADESH,533003,IN,IN Core Free Shipping 2015/04/08 23-48-5-108,FALSE,
400,171-2644368-7969167,4/30/2022,Shipped,Amazon,Amazon.in,Expedited,JNE3288,JNE3288-KR-M,kurta,M,B07R4ZNMX6,Shipped,1,INR,442,KAKINADA,ANDHRA PRADESH,533003,IN,IN Core Free Shipping 2015/04/08 23-48-5-108,FALSE,
401,171-2644368-7969167,4/30/2022,Shipped,Amazon,Amazon.in,Expedited,SET316,SET316-KR-DPT-M,Set,M,B09KXTXLMZ,Shipped,1,INR,1149,KAKINADA,ANDHRA PRADESH,533003,IN,IN Core Free Shipping 2015/04/08 23-48-5-108,FALSE,
402,171-2644368-7969167,4/30/2022,Shipped,Amazon,Amazon.in,Expedited,J0006,J0006-SET-M,Ethnic Dress,M,B0894WV6S6,Shipped,1,INR,845,KAKINADA,ANDHRA PRADESH,533003,IN,IN Core Free Shipping 2015/04/08 23-48-5-108,FALSE,
403,171-1758807-7455529,4/30/2022,Shipped,Amazon,Amazon.in,Expedited,SET268,SET268-KR-NP-S,Set,S,B08XQ98B2Q,Shipped,1,INR,788,HALDIA,WEST BENGAL,721635,IN,IN Core Free Shipping 2015/04/08 23-48-5-108,FALSE,
404,404-5848202-7366725,4/30/2022,Cancelled,Merchant,Amazon.in,Standard,JNE3800,JNE3800-KR-XXL,Western Dress,XXL,B09SDYNZQ5,,0,INR,734.29,HYDERABAD,TELANGANA,500056,IN,,FALSE,Easy Ship
405,408-8224264-0017161,4/30/2022,Shipped,Amazon,Amazon.in,Expedited,SET268,SET268-KR-NP-S,Set,S,B08XQ98B2Q,Shipped,1,INR,788,NEW DELHI,DELHI,110016,IN,,FALSE,
406,408-6529937-6381928,4/30/2022,Shipped,Amazon,Amazon.in,Expedited,J0003,J0003-SET-M,Set,M,B0894XH3LN,Shipped,1,INR,654,Tivim,GOA,403502,IN,IN Core Free Shipping 2015/04/08 23-48-5-108,FALSE,
407,407-2028379-9672355,4/30/2022,Shipped,Amazon,Amazon.in,Expedited,JNE2270,JNE2270-KR-487-A-L,kurta,L,B07H7FBV3Z,Shipped,1,INR,518,CHENNAI,TAMIL NADU,600024,IN,IN Core Free Shipping 2015/04/08 23-48-5-108,FALSE,
408,402-9221687-4573915,4/30/2022,Shipped,Amazon,Amazon.in,Expedited,SET345,SET345-KR-NP-XXL,Set,XXL,B09KXSQ73F,Shipped,1,INR,626,HYDERABAD,TELANGANA,500053,IN,IN Core Free Shipping 2015/04/08 23-48-5-108,FALSE,
409,405-2668017-2013957,4/30/2022,Shipped,Amazon,Amazon.in,Expedited,PJNE3373,PJNE3373-KR-N-6XL,kurta,6XL,B09LD3TCYP,Shipped,1,INR,534,Agra,UTTAR PRADESH,282001,IN,IN Core Free Shipping 2015/04/08 23-48-5-108,FALSE,
410,408-3337319-8990747,4/30/2022,Shipped,Amazon,Amazon.in,Expedited,MEN5024,MEN5024-KR-M,kurta,M,B08YYTTNY5,Shipped,1,INR,475,MANDVI KACHCHH DISTRICT,Gujarat,370465,IN,IN Core Free Shipping 2015/04/08 23-48-5-108,FALSE,
411,407-1256885-2004349,4/30/2022,Shipped,Amazon,Amazon.in,Expedited,MEN5023,MEN5023-KR-XL,kurta,XL,B08YZ22Q6R,Shipped,1,INR,549,SAMBALPUR,ODISHA,768004,IN,IN Core Free Shipping 2015/04/08 23-48-5-108,FALSE,
412,404-3723311-1030756,4/30/2022,Shipped,Amazon,Amazon.in,Expedited,JNE2270,JNE2270-KR-487-A-L,kurta,L,B07H7FBV3Z,Shipped,1,INR,518,KANNIYAKUMARI,TAMIL NADU,629701,IN,IN Core Free Shipping 2015/04/08 23-48-5-108,FALSE,
413,171-5542306-9306709,4/30/2022,Cancelled,Amazon,Amazon.in,Expedited,J0308,J0308-DR-XL,Western Dress,XL,B099NS3FWG,Cancelled,0,,,"Chinchwad ,Pune",MAHARASHTRA,411019,IN,,FALSE,
414,406-3702147-1800341,4/30/2022,Shipped - Delivered to Buyer,Merchant,Amazon.in,Standard,JNE3797,JNE3797-KR-XS,Western Dress,XS,B09SDY9SQ6,Shipped,1,INR,725,HYDERABAD,TELANGANA,500094,IN,Amazon PLCC Free-Financing Universal Merchant AAT-WNKTBO3K27EJC;Amazon PLCC Free-Financing Universal Merchant AAT-QX3UCCJESKPA2;Amazon PLCC Free-Financing Universal Merchant AAT-5QQ7BIYYQEDN2;Amazon PLCC Free-Financing Universal Merchant AAT-DSJ2QRXXWXVMQ;Amazon PLCC Free-Financing Universal Merchant AAT-CXJHMC2YJUK76;Amazon PLCC Free-Financing Universal Merchant AAT-SL3Y2YRMAUNFC;Amazon PLCC Free-Financing Universal Merchant AAT-CC4FAVTYR4X7C;Amazon PLCC Free-Financing Universal Merchant AAT-XXRCW6NZEPZI4;Amazon PLCC Free-Financing Universal Merchant AAT-WSJLDN3X7KEMO;Amazon PLCC Free-Financing Universal Merchant AAT-VL6FGQVGQVXUS;Amazon PLCC Free-Financing Universal Merchant AAT-EOKPWFWYW7Y6I;Amazon PLCC Free-Financing Universal Merchant AAT-ZYL5UPUNW6T62;Amazon PLCC Free-Financing Universal Merchant AAT-ETXQ3XXWMRXBG;Amazon PLCC Free-Financing Universal Merchant AAT-7X3XCTYG64VBE;Amazon PLCC Free-Financing Universal Merchant AAT-7CHGD3WTS3MHM;Amazon PLCC Free-Financing Universal Merchant AAT-26ZDKNME27X42;Amazon PLCC Free-Financing Universal Merchant AAT-4ZF5KN6E4LJK4;Amazon PLCC Free-Financing Universal Merchant AAT-7RCXIKUAX7DDY;Amazon PLCC Free-Financing Universal Merchant AAT-BRSZZ45H6MHAO;Amazon PLCC Free-Financing Universal Merchant AAT-MKLXOOZWQL7GO;Amazon PLCC Free-Financing Universal Merchant AAT-CB7UNXEXGIJTC;Amazon PLCC Free-Financing Universal Merchant #MP-gzasho-1593152694811;Amazon PLCC Free-Financing Universal Merchant AAT-WLBA4GZ52EAH4,FALSE,Easy Ship
415,404-5867260-9073129,4/30/2022,Cancelled,Merchant,Amazon.in,Standard,JNE3515,JNE3515-KR-XL,kurta,XL,B09812MNZC,,0,INR,437.14,CHENNAI,TAMIL NADU,600091,IN,,FALSE,Easy Ship
416,404-0532727-2082745,4/30/2022,Shipped,Amazon,Amazon.in,Expedited,J0225,J0225-SKD-XXL,Set,XXL,B09RKDP7D5,Shipped,1,INR,1499,Hyderabad,TELANGANA,500008,IN,,FALSE,
417,403-8966287-7773106,4/30/2022,Shipped,Amazon,Amazon.in,Expedited,JNE3461,JNE3461-KR-L,kurta,L,B08B3YWTLK,Shipped,1,INR,363,BENGALURU,KARNATAKA,560036,IN,,FALSE,
418,408-1512444-4965152,4/30/2022,Shipped,Amazon,Amazon.in,Expedited,JNE3618,JNE3618-KR-XS,kurta,XS,B091Q9S5ZK,Shipped,1,INR,399,PURNIA,BIHAR,854301,IN,,FALSE,
419,171-9451879-3651542,4/30/2022,Shipped,Amazon,Amazon.in,Expedited,PJNE3405,PJNE3405-KR-N-5XL,kurta,5XL,B09LD3PCNY,Shipped,1,INR,487,kolkata,WEST BENGAL,700059,IN,,FALSE,
420,408-8501185-0578768,4/30/2022,Cancelled,Amazon,Amazon.in,Expedited,SET264,SET264-KR-NP-XXL,Set,XXL,B08YNK9K8F,Unshipped,1,INR,824,PUDUCHERRY,PUDUCHERRY,605008,IN,,FALSE,
421,402-0251823-0845133,4/30/2022,Shipped - Delivered to Buyer,Merchant,Amazon.in,Standard,JNE3500,JNE3500-KR-S,kurta,S,B09812MBCD,Shipped,1,INR,353,SHILLONG,MEGHALAYA,793022,IN,Amazon PLCC Free-Financing Universal Merchant AAT-WNKTBO3K27EJC;Amazon PLCC Free-Financing Universal Merchant AAT-QX3UCCJESKPA2;Amazon PLCC Free-Financing Universal Merchant AAT-5QQ7BIYYQEDN2;Amazon PLCC Free-Financing Universal Merchant AAT-DSJ2QRXXWXVMQ;Amazon PLCC Free-Financing Universal Merchant AAT-CXJHMC2YJUK76;Amazon PLCC Free-Financing Universal Merchant AAT-CC4FAVTYR4X7C;Amazon PLCC Free-Financing Universal Merchant AAT-XXRCW6NZEPZI4;Amazon PLCC Free-Financing Universal Merchant AAT-EOKPWFWYW7Y6I;Amazon PLCC Free-Financing Universal Merchant AAT-ETXQ3XXWMRXBG;Amazon PLCC Free-Financing Universal Merchant AAT-7X3XCTYG64VBE;Amazon PLCC Free-Financing Universal Merchant AAT-7CHGD3WTS3MHM;Amazon PLCC Free-Financing Universal Merchant AAT-26ZDKNME27X42;Amazon PLCC Free-Financing Universal Merchant AAT-4ZF5KN6E4LJK4;Amazon PLCC Free-Financing Universal Merchant AAT-7RCXIKUAX7DDY;Amazon PLCC Free-Financing Universal Merchant AAT-BRSZZ45H6MHAO;Amazon PLCC Free-Financing Universal Merchant AAT-MKLXOOZWQL7GO;Amazon PLCC Free-Financing Universal Merchant AAT-CB7UNXEXGIJTC;Amazon PLCC Free-Financing Universal Merchant #MP-gzasho-1593152694811;Amazon PLCC Free-Financing Universal Merchant AAT-WLBA4GZ52EAH4,FALSE,Easy Ship
422,408-5190897-8781155,4/30/2022,Shipped,Amazon,Amazon.in,Expedited,JNE3690,JNE3690-TU-XL,Top,XL,B094FKN153,Shipped,1,INR,487,PUNE,MAHARASHTRA,411057,IN,IN Core Free Shipping 2015/04/08 23-48-5-108,FALSE,
423,403-3109934-4911514,4/30/2022,Shipped,Amazon,Amazon.in,Expedited,SET374,SET374-KR-NP-XS,Set,XS,B09NDKGZ6V,Shipped,1,INR,597,TADEPALLIGUDEM,ANDHRA PRADESH,534101,IN,IN Core Free Shipping 2015/04/08 23-48-5-108,FALSE,
424,407-0718034-7893108,4/30/2022,Shipped,Amazon,Amazon.in,Expedited,J0003,J0003-SET-XXL,Set,XXL,B0894XKVH3,Shipped,1,INR,654,Ghaziabad,UTTAR PRADESH,201001,IN,IN Core Free Shipping 2015/04/08 23-48-5-108,FALSE,
425,404-0752237-5721965,4/30/2022,Shipped,Amazon,Amazon.in,Expedited,SET324,SET324-KR-NP-XXL,Set,XXL,B09NQ3MPRM,Shipped,1,INR,597,HYDERABAD,TELANGANA,500090,IN,IN Core Free Shipping 2015/04/08 23-48-5-108,FALSE,
426,403-6818986-3510737,4/30/2022,Cancelled,Amazon,Amazon.in,Expedited,JNE3461,JNE3461-KR-L,kurta,L,B08B3YWTLK,Unshipped,1,INR,363,BENGALURU,KARNATAKA,560036,IN,,FALSE,
427,403-4673019-6572340,4/30/2022,Shipped,Amazon,Amazon.in,Expedited,JNE3368,JNE3368-KR-XXL,kurta,XXL,B081WSWWL7,Shipped,1,INR,471,GWALIOR,MADHYA PRADESH,474001,IN,,FALSE,
428,171-4549643-0067500,4/30/2022,Cancelled,Amazon,Amazon.in,Expedited,JNE2270,JNE2270-KR-487-A-XL,kurta,XL,B07H7F6SKC,Cancelled,0,,,AKOLA,MAHARASHTRA,444101,IN,,FALSE,
429,404-3622512-3887551,4/30/2022,Shipped,Amazon,Amazon.in,Expedited,J0341,J0341-DR-M,Western Dress,M,B099NQQ79L,Shipped,1,INR,744,JORHAT,ASSAM,785001,IN,IN Core Free Shipping 2015/04/08 23-48-5-108,FALSE,
430,406-6906315-9570765,4/30/2022,Shipped,Amazon,Amazon.in,Expedited,JNE3568,JNE3568-KR-S,kurta,S,B08KRYGJD1,Shipped,1,INR,399,CHENNAI,TAMIL NADU,600100,IN,IN Core Free Shipping 2015/04/08 23-48-5-108,FALSE,
431,407-3562449-1962729,4/30/2022,Shipped - Delivered to Buyer,Merchant,Amazon.in,Standard,J0096,J0096-KR-S,kurta,S,B089G356KM,Shipped,1,INR,568,RAMANAGARA,KARNATAKA,562159,IN,Amazon PLCC Free-Financing Universal Merchant AAT-WNKTBO3K27EJC;Amazon PLCC Free-Financing Universal Merchant AAT-QX3UCCJESKPA2;Amazon PLCC Free-Financing Universal Merchant AAT-5QQ7BIYYQEDN2;Amazon PLCC Free-Financing Universal Merchant AAT-DSJ2QRXXWXVMQ;Amazon PLCC Free-Financing Universal Merchant AAT-CXJHMC2YJUK76;Amazon PLCC Free-Financing Universal Merchant AAT-SL3Y2YRMAUNFC;Amazon PLCC Free-Financing Universal Merchant AAT-CC4FAVTYR4X7C;Amazon PLCC Free-Financing Universal Merchant AAT-XXRCW6NZEPZI4;Amazon PLCC Free-Financing Universal Merchant AAT-DIWKDGLCXQZQM;Amazon PLCC Free-Financing Universal Merchant AAT-WSJLDN3X7KEMO;Amazon PLCC Free-Financing Universal Merchant AAT-VL6FGQVGQVXUS;Amazon PLCC Free-Financing Universal Merchant AAT-EOKPWFWYW7Y6I;Amazon PLCC Free-Financing Universal Merchant AAT-ZYL5UPUNW6T62;Amazon PLCC Free-Financing Universal Merchant AAT-VY2G7AISPNM5O;Amazon PLCC Free-Financing Universal Merchant AAT-W5I5VO555W3V6;Amazon PLCC Free-Financing Universal Merchant AAT-TR56OQ55SWUPE;Amazon PLCC Free-Financing Universal Merchant AAT-W5TJHZ3HKFDDU;Amazon PLCC Free-Financing Universal Merchant AAT-NZSPTBDT3RY6G;Amazon PLCC Free-Financing Universal Merchant AAT-ETXQ3XXWMRXBG;Amazon PLCC Free-Financing Universal Merchant AAT-7X3XCTYG64VBE;Amazon PLCC Free-Financing Universal Merchant AAT-7CHGD3WTS3MHM;Amazon PLCC Free-Financing Universal Merchant AAT-26ZDKNME27X42;Amazon PLCC Free-Financing Universal Merchant AAT-4ZF5KN6E4LJK4;Amazon PLCC Free-Financing Universal Merchant AAT-7RCXIKUAX7DDY;Amazon PLCC Free-Financing Universal Merchant AAT-BRSZZ45H6MHAO;Amazon PLCC Free-Financing Universal Merchant AAT-MKLXOOZWQL7GO;Amazon PLCC Free-Financing Universal Merchant AAT-CB7UNXEXGIJTC;Amazon PLCC Free-Financing Universal Merchant #MP-gzasho-1593152694811;Amazon PLCC Free-Financing Universal Merchant AAT-WLBA4GZ52EAH4,FALSE,Easy Ship
432,408-2593644-6317933,4/30/2022,Shipped,Amazon,Amazon.in,Expedited,SET319,SET319-KR-NP-S,Set,S,B09KXV4TTM,Shipped,1,INR,835,Vijayapur,KARNATAKA,586109,IN,IN Core Free Shipping 2015/04/08 23-48-5-108,FALSE,
433,407-7607527-1189964,4/30/2022,Shipped - Rejected by Buyer,Merchant,Amazon.in,Standard,J0096,J0096-KR-S,kurta,S,B089G356KM,Shipped,1,INR,568,RAMANAGARA,KARNATAKA,562159,IN,Amazon PLCC Free-Financing Universal Merchant AAT-WNKTBO3K27EJC;Amazon PLCC Free-Financing Universal Merchant AAT-QX3UCCJESKPA2;Amazon PLCC Free-Financing Universal Merchant AAT-5QQ7BIYYQEDN2;Amazon PLCC Free-Financing Universal Merchant AAT-DSJ2QRXXWXVMQ;Amazon PLCC Free-Financing Universal Merchant AAT-CXJHMC2YJUK76;Amazon PLCC Free-Financing Universal Merchant AAT-SL3Y2YRMAUNFC;Amazon PLCC Free-Financing Universal Merchant AAT-CC4FAVTYR4X7C;Amazon PLCC Free-Financing Universal Merchant AAT-XXRCW6NZEPZI4;Amazon PLCC Free-Financing Universal Merchant AAT-DIWKDGLCXQZQM;Amazon PLCC Free-Financing Universal Merchant AAT-R7GXNZWISTRFA;Amazon PLCC Free-Financing Universal Merchant AAT-EOKPWFWYW7Y6I;Amazon PLCC Free-Financing Universal Merchant AAT-ZYL5UPUNW6T62;Amazon PLCC Free-Financing Universal Merchant AAT-VY2G7AISPNM5O;Amazon PLCC Free-Financing Universal Merchant AAT-W5I5VO555W3V6;Amazon PLCC Free-Financing Universal Merchant AAT-TR56OQ55SWUPE;Amazon PLCC Free-Financing Universal Merchant AAT-W5TJHZ3HKFDDU;Amazon PLCC Free-Financing Universal Merchant AAT-NZSPTBDT3RY6G;Amazon PLCC Free-Financing Universal Merchant AAT-ETXQ3XXWMRXBG;Amazon PLCC Free-Financing Universal Merchant AAT-7X3XCTYG64VBE;Amazon PLCC Free-Financing Universal Merchant AAT-7CHGD3WTS3MHM;Amazon PLCC Free-Financing Universal Merchant AAT-26ZDKNME27X42;Amazon PLCC Free-Financing Universal Merchant AAT-4ZF5KN6E4LJK4;Amazon PLCC Free-Financing Universal Merchant AAT-7RCXIKUAX7DDY;Amazon PLCC Free-Financing Universal Merchant AAT-BRSZZ45H6MHAO;Amazon PLCC Free-Financing Universal Merchant AAT-MKLXOOZWQL7GO;Amazon PLCC Free-Financing Universal Merchant AAT-CB7UNXEXGIJTC;Amazon PLCC Free-Financing Universal Merchant #MP-gzasho-1593152694811;Amazon PLCC Free-Financing Universal Merchant AAT-WLBA4GZ52EAH4,FALSE,Easy Ship
434,405-7398388-2654744,4/30/2022,Shipped,Amazon,Amazon.in,Expedited,J0415,J0415-DR-L,Western Dress,L,B09TY1CM1M,Shipped,1,INR,899,BOKARO STEEL CITY,JHARKHAND,827001,IN,IN Core Free Shipping 2015/04/08 23-48-5-108,FALSE,
435,405-5066690-4132337,4/30/2022,Shipped,Amazon,Amazon.in,Expedited,JNE3718,JNE3718-KR-XXL,kurta,XXL,B099NMS4LL,Shipped,1,INR,406,BENGALURU,KARNATAKA,560008,IN,IN Core Free Shipping 2015/04/08 23-48-5-108,FALSE,
436,408-6466311-6949931,4/30/2022,Shipped,Amazon,Amazon.in,Standard,SET014,SET014-KR-PP-XXL,Set,XXL,B07JPDGGHY,Shipped,1,INR,0,LUCKNOW,UTTAR PRADESH,226002,IN,,FALSE,
437,171-4643830-2345965,4/30/2022,Cancelled,Merchant,Amazon.in,Standard,SET408,SET408-KR-NP-XXL,Set,XXL,B09RKFHRZF,,0,INR,570.48,MUMBAI,MAHARASHTRA,400101,IN,,FALSE,Easy Ship
438,404-1051549-5381167,4/30/2022,Shipped - Delivered to Buyer,Merchant,Amazon.in,Standard,JNE3405,JNE3405-KR-M,kurta,M,B081WVMMCY,Shipped,1,INR,399,KHAMMAM,TELANGANA,507003,IN,Amazon PLCC Free-Financing Universal Merchant AAT-WNKTBO3K27EJC;Amazon PLCC Free-Financing Universal Merchant AAT-QX3UCCJESKPA2;Amazon PLCC Free-Financing Universal Merchant AAT-5QQ7BIYYQEDN2;Amazon PLCC Free-Financing Universal Merchant AAT-DSJ2QRXXWXVMQ;Amazon PLCC Free-Financing Universal Merchant AAT-CXJHMC2YJUK76;Amazon PLCC Free-Financing Universal Merchant AAT-CC4FAVTYR4X7C;Amazon PLCC Free-Financing Universal Merchant AAT-XXRCW6NZEPZI4;Amazon PLCC Free-Financing Universal Merchant AAT-EOKPWFWYW7Y6I;Amazon PLCC Free-Financing Universal Merchant AAT-ETXQ3XXWMRXBG;Amazon PLCC Free-Financing Universal Merchant AAT-7X3XCTYG64VBE;Amazon PLCC Free-Financing Universal Merchant AAT-7CHGD3WTS3MHM;Amazon PLCC Free-Financing Universal Merchant AAT-26ZDKNME27X42;Amazon PLCC Free-Financing Universal Merchant AAT-4ZF5KN6E4LJK4;Amazon PLCC Free-Financing Universal Merchant AAT-7RCXIKUAX7DDY;Amazon PLCC Free-Financing Universal Merchant AAT-TNYBHEAO7HOHO;Amazon PLCC Free-Financing Universal Merchant AAT-BRSZZ45H6MHAO;Amazon PLCC Free-Financing Universal Merchant AAT-MKLXOOZWQL7GO;Amazon PLCC Free-Financing Universal Merchant AAT-CB7UNXEXGIJTC;Amazon PLCC Free-Financing Universal Merchant #MP-gzasho-1593152694811;Amazon PLCC Free-Financing Universal Merchant AAT-WLBA4GZ52EAH4;Amazon PLCC Free-Financing Universal Merchant AAT-QMFZ3M7T5NPDS;Amazon PLCC Free-Financing Universal Merchant #MP-pmilan-1601980554292,FALSE,Easy Ship
439,406-7625210-8793109,4/30/2022,Shipped,Amazon,Amazon.in,Expedited,J0254,J0254-SKD-XS,Set,XS,B09M6S1SRL,Shipped,1,INR,789,CHENNAI,TAMIL NADU,600041,IN,,FALSE,
440,406-8665288-2025908,4/30/2022,Shipped,Amazon,Amazon.in,Expedited,SAR114,SAR114,Saree,Free,B09NDD3F72,Shipped,1,INR,620,NEW DELHI,DELHI,110084,IN,IN Core Free Shipping 2015/04/08 23-48-5-108,FALSE,
441,408-6732772-4525113,4/30/2022,Shipped - Delivered to Buyer,Merchant,Amazon.in,Standard,J0010,J0010-LCD-XS,Set,XS,B08BJQVTHS,Shipped,1,INR,0,AURANGABAD,MAHARASHTRA,431002,IN,Amazon PLCC Free-Financing Universal Merchant AAT-5QQ7BIYYQEDN2;Amazon PLCC Free-Financing Universal Merchant AAT-DSJ2QRXXWXVMQ;Amazon PLCC Free-Financing Universal Merchant AAT-XXRCW6NZEPZI4;Amazon PLCC Free-Financing Universal Merchant AAT-ETXQ3XXWMRXBG;Amazon PLCC Free-Financing Universal Merchant AAT-7X3XCTYG64VBE;Amazon PLCC Free-Financing Universal Merchant AAT-7CHGD3WTS3MHM;Amazon PLCC Free-Financing Universal Merchant AAT-26ZDKNME27X42;Amazon PLCC Free-Financing Universal Merchant AAT-4ZF5KN6E4LJK4;Amazon PLCC Free-Financing Universal Merchant AAT-7RCXIKUAX7DDY;Amazon PLCC Free-Financing Universal Merchant #MP-gzasho-1593152694811,FALSE,Easy Ship
442,171-7068385-2777168,4/30/2022,Shipped - Delivered to Buyer,Merchant,Amazon.in,Standard,SET186,SET186-KR-DH-K-M,Set,M,B08B4TP9NR,Shipped,1,INR,631,Pune,MAHARASHTRA,411014,IN,Amazon PLCC Free-Financing Universal Merchant AAT-WNKTBO3K27EJC;Amazon PLCC Free-Financing Universal Merchant AAT-QX3UCCJESKPA2;Amazon PLCC Free-Financing Universal Merchant AAT-5QQ7BIYYQEDN2;Amazon PLCC Free-Financing Universal Merchant AAT-DSJ2QRXXWXVMQ;Amazon PLCC Free-Financing Universal Merchant AAT-CXJHMC2YJUK76;Amazon PLCC Free-Financing Universal Merchant AAT-CC4FAVTYR4X7C;Amazon PLCC Free-Financing Universal Merchant AAT-XXRCW6NZEPZI4;Amazon PLCC Free-Financing Universal Merchant AAT-EOKPWFWYW7Y6I;Amazon PLCC Free-Financing Universal Merchant AAT-ZYL5UPUNW6T62;Amazon PLCC Free-Financing Universal Merchant AAT-ETXQ3XXWMRXBG;Amazon PLCC Free-Financing Universal Merchant AAT-7X3XCTYG64VBE;Amazon PLCC Free-Financing Universal Merchant AAT-7CHGD3WTS3MHM;Amazon PLCC Free-Financing Universal Merchant AAT-26ZDKNME27X42;Amazon PLCC Free-Financing Universal Merchant AAT-4ZF5KN6E4LJK4;Amazon PLCC Free-Financing Universal Merchant AAT-7RCXIKUAX7DDY;Amazon PLCC Free-Financing Universal Merchant AAT-BRSZZ45H6MHAO;Amazon PLCC Free-Financing Universal Merchant AAT-MKLXOOZWQL7GO;Amazon PLCC Free-Financing Universal Merchant AAT-CB7UNXEXGIJTC;Amazon PLCC Free-Financing Universal Merchant #MP-gzasho-1593152694811;Amazon PLCC Free-Financing Universal Merchant AAT-WLBA4GZ52EAH4,FALSE,Easy Ship
443,405-9930530-1209919,4/30/2022,Shipped,Amazon,Amazon.in,Expedited,JNE3819,JNE3819-KR-L,kurta,L,B09LTZ2CHY,Shipped,1,INR,499,GADARWARA,MADHYA PRADESH,487551,IN,IN Core Free Shipping 2015/04/08 23-48-5-108,FALSE,
444,407-0288006-5535531,4/30/2022,Shipped,Amazon,Amazon.in,Expedited,J0335,J0335-DR-L,Western Dress,L,B09831T4CQ,Shipped,1,INR,807,HYDERABAD,TELANGANA,500050,IN,IN Core Free Shipping 2015/04/08 23-48-5-108,FALSE,
445,403-6363820-3080315,4/30/2022,Shipped,Amazon,Amazon.in,Expedited,SET334,SET334-KR-NP-XXL,Set,XXL,B09KXTKBG4,Shipped,1,INR,666,PUDUCHERRY,PUDUCHERRY,605001,IN,IN Core Free Shipping 2015/04/08 23-48-5-108,FALSE,
446,408-7937211-8974712,4/30/2022,Shipped,Amazon,Amazon.in,Standard,SET324,SET324-KR-NP-L,Set,L,B09NQ44RNV,Shipped,1,INR,0,SHIRDI,MAHARASHTRA,423109,IN,,FALSE,
447,407-4283259-6933941,4/30/2022,Shipped,Amazon,Amazon.in,Expedited,JNE3470,JNE3470-KR-XS,kurta,XS,B08W9G1YSB,Shipped,1,INR,329,VELLORE,TAMIL NADU,632004,IN,,FALSE,
448,407-3630361-4581152,4/30/2022,Cancelled,Amazon,Amazon.in,Expedited,JNE3619,JNE3619-KR-XS,kurta,XS,B091Q8BKLW,Cancelled,0,,,VELLORE,TAMIL NADU,632004,IN,IN Core Free Shipping 2015/04/08 23-48-5-108,FALSE,
449,408-6348199-2089932,4/30/2022,Shipped,Amazon,Amazon.in,Standard,J0283,J0283-SET-XL,Set,XL,B08QGKHDN3,Shipped,1,INR,0,RANCHI,JHARKHAND,834002,IN,,FALSE,
450,408-5824761-8505932,4/30/2022,Shipped - Delivered to Buyer,Merchant,Amazon.in,Standard,JNE3440,JNE3440-KR-N-XL,kurta,XL,B081WPK66G,Shipped,1,INR,399,noida,UTTAR PRADESH,201301,IN,Amazon PLCC Free-Financing Universal Merchant AAT-WNKTBO3K27EJC;Amazon PLCC Free-Financing Universal Merchant AAT-QX3UCCJESKPA2;Amazon PLCC Free-Financing Universal Merchant AAT-5QQ7BIYYQEDN2;Amazon PLCC Free-Financing Universal Merchant AAT-DSJ2QRXXWXVMQ;Amazon PLCC Free-Financing Universal Merchant AAT-CXJHMC2YJUK76;Amazon PLCC Free-Financing Universal Merchant AAT-SL3Y2YRMAUNFC;Amazon PLCC Free-Financing Universal Merchant AAT-CC4FAVTYR4X7C;Amazon PLCC Free-Financing Universal Merchant AAT-XXRCW6NZEPZI4;Amazon PLCC Free-Financing Universal Merchant AAT-EOKPWFWYW7Y6I;Amazon PLCC Free-Financing Universal Merchant AAT-ZYL5UPUNW6T62;Amazon PLCC Free-Financing Universal Merchant AAT-ETXQ3XXWMRXBG;Amazon PLCC Free-Financing Universal Merchant AAT-7X3XCTYG64VBE;Amazon PLCC Free-Financing Universal Merchant AAT-7CHGD3WTS3MHM;Amazon PLCC Free-Financing Universal Merchant AAT-26ZDKNME27X42;Amazon PLCC Free-Financing Universal Merchant AAT-4ZF5KN6E4LJK4;Amazon PLCC Free-Financing Universal Merchant AAT-7RCXIKUAX7DDY;Amazon PLCC Free-Financing Universal Merchant AAT-BRSZZ45H6MHAO;Amazon PLCC Free-Financing Universal Merchant AAT-MKLXOOZWQL7GO;Amazon PLCC Free-Financing Universal Merchant AAT-CB7UNXEXGIJTC;Amazon PLCC Free-Financing Universal Merchant #MP-gzasho-1593152694811;Amazon PLCC Free-Financing Universal Merchant AAT-WLBA4GZ52EAH4,FALSE,Easy Ship
451,406-0673842-3693910,4/30/2022,Shipped,Amazon,Amazon.in,Expedited,JNE3567,JNE3567-KR-M,kurta,M,B08KRXV1QR,Shipped,1,INR,399,Mangaluru,KARNATAKA,575007,IN,Duplicated A12RHGVGRWOT3S 1560498941486,FALSE,
452,405-0722232-7258752,4/30/2022,Shipped,Amazon,Amazon.in,Expedited,JNE3787,JNE3787-KR-XXL,kurta,XXL,B09RKBXH45,Shipped,1,INR,487,SINGRAULI,MADHYA PRADESH,486889,IN,,FALSE,
453,408-0224364-7467540,4/30/2022,Shipped,Amazon,Amazon.in,Expedited,SET282,SET282-KR-PP-XXL,Set,XXL,B09CTF82YW,Shipped,1,INR,1033,NEW DELHI,DELHI,110063,IN,IN Core Free Shipping 2015/04/08 23-48-5-108,FALSE,
454,408-2445040-0957913,4/30/2022,Shipped,Amazon,Amazon.in,Expedited,JNE3691,JNE3691-TU-L,Top,L,B0986VTQL7,Shipped,1,INR,625,BENGALURU,KARNATAKA,560077,IN,IN Core Free Shipping 2015/04/08 23-48-5-108,FALSE,
455,406-8412164-3153129,4/30/2022,Shipped,Amazon,Amazon.in,Expedited,JNE3645,JNE3645-TP-N-L,Top,L,B08ZHNGS54,Shipped,1,INR,432,MUMBAI,MAHARASHTRA,400097,IN,,FALSE,
456,407-5524319-6977912,4/30/2022,Cancelled,Amazon,Amazon.in,Expedited,JNE3727,JNE3727-KR-XXL,kurta,XXL,B09K3XLB6S,Cancelled,0,,,THRIPPUNITHURA,KERALA,682301,IN,,FALSE,
457,407-7757868-6086759,4/30/2022,Shipped,Amazon,Amazon.in,Expedited,SET398,SET398-KR-PP-M,Set,M,B09RPRS8JL,Shipped,1,INR,1115,NEW DELHI,DELHI,110017,IN,IN Core Free Shipping 2015/04/08 23-48-5-108,FALSE,
458,171-5065107-7793119,4/30/2022,Shipped,Amazon,Amazon.in,Expedited,JNE3634,JNE3634-KR-XL,kurta,XL,B097ZZLC2X,Shipped,1,INR,511,GHAZIABAD,UTTAR PRADESH,201014,IN,IN Core Free Shipping 2015/04/08 23-48-5-108,FALSE,
459,403-0216195-8439543,4/30/2022,Shipped,Amazon,Amazon.in,Expedited,SET291,SET291-KR-PP-XL,Set,XL,B099NJV9X7,Shipped,1,INR,599,KENDUJHAR,ODISHA,758001,IN,IN Core Free Shipping 2015/04/08 23-48-5-108,FALSE,
460,402-9874837-4557125,4/30/2022,Shipped,Amazon,Amazon.in,Expedited,JNE3675,JNE3675-TU-L,Top,L,B09432M4NC,Shipped,1,INR,545,MUMBAI,MAHARASHTRA,400066,IN,IN Core Free Shipping 2015/04/08 23-48-5-108,FALSE,
461,408-8892348-9765950,4/30/2022,Shipped,Amazon,Amazon.in,Expedited,JNE2199,JNE2199-KR-411-A-XXL,kurta,XXL,B07BL222Q1,Shipped,1,INR,353,THANE,MAHARASHTRA,401107,IN,,FALSE,
462,408-6417023-0253911,4/30/2022,Shipped,Amazon,Amazon.in,Expedited,SET184,SET184-KR-PP-XXL,Set,XXL,B08W8KNCDH,Shipped,1,INR,563,THANE,MAHARASHTRA,401107,IN,,FALSE,
463,407-4004149-2857161,4/30/2022,Shipped,Amazon,Amazon.in,Expedited,JNE3639,JNE3639-TP-N-XXL,Top,XXL,B08ZH7RVGJ,Shipped,1,INR,487,KALYAN,MAHARASHTRA,421201,IN,,FALSE,
464,404-6408992-6781106,4/30/2022,Shipped,Amazon,Amazon.in,Expedited,JNE3468,JNE3468-KR-L,kurta,L,B08RP69C9N,Shipped,1,INR,352,CHENNAI,TAMIL NADU,600015,IN,,FALSE,
465,407-9345273-2408359,4/30/2022,Shipped,Amazon,Amazon.in,Expedited,JNE3373,JNE3373-KR-L,kurta,L,B082W7GVH7,Shipped,1,INR,376,CHENNAI,TAMIL NADU,600115,IN,,FALSE,
466,408-0266080-9401113,4/30/2022,Shipped - Returned to Seller,Merchant,Amazon.in,Standard,J0213,J0213-TP-L,Top,L,B0965KR7YJ,Shipped,1,INR,599,GURUGRAM,HARYANA,122022,IN,Amazon PLCC Free-Financing Universal Merchant AAT-WNKTBO3K27EJC;Amazon PLCC Free-Financing Universal Merchant AAT-QX3UCCJESKPA2;Amazon PLCC Free-Financing Universal Merchant AAT-5QQ7BIYYQEDN2;Amazon PLCC Free-Financing Universal Merchant AAT-DSJ2QRXXWXVMQ;Amazon PLCC Free-Financing Universal Merchant AAT-CXJHMC2YJUK76;Amazon PLCC Free-Financing Universal Merchant AAT-SL3Y2YRMAUNFC;Amazon PLCC Free-Financing Universal Merchant AAT-CC4FAVTYR4X7C;Amazon PLCC Free-Financing Universal Merchant AAT-XXRCW6NZEPZI4;Amazon PLCC Free-Financing Universal Merchant AAT-EOKPWFWYW7Y6I;Amazon PLCC Free-Financing Universal Merchant AAT-ZYL5UPUNW6T62;Amazon PLCC Free-Financing Universal Merchant AAT-ETXQ3XXWMRXBG;Amazon PLCC Free-Financing Universal Merchant AAT-7X3XCTYG64VBE;Amazon PLCC Free-Financing Universal Merchant AAT-7CHGD3WTS3MHM;Amazon PLCC Free-Financing Universal Merchant AAT-26ZDKNME27X42;Amazon PLCC Free-Financing Universal Merchant AAT-4ZF5KN6E4LJK4;Amazon PLCC Free-Financing Universal Merchant AAT-7RCXIKUAX7DDY;Amazon PLCC Free-Financing Universal Merchant AAT-BRSZZ45H6MHAO;Amazon PLCC Free-Financing Universal Merchant AAT-MKLXOOZWQL7GO;Amazon PLCC Free-Financing Universal Merchant AAT-CB7UNXEXGIJTC;Amazon PLCC Free-Financing Universal Merchant #MP-gzasho-1593152694811;Amazon PLCC Free-Financing Universal Merchant AAT-WLBA4GZ52EAH4,FALSE,Easy Ship
467,404-6096382-3389133,4/30/2022,Shipped - Delivered to Buyer,Merchant,Amazon.in,Standard,BL110,BL110-XL,Blouse,XL,B0929B9QB7,Shipped,1,INR,329,LUDHIANA,PUNJAB,141012,IN,Amazon PLCC Free-Financing Universal Merchant AAT-WNKTBO3K27EJC;Amazon PLCC Free-Financing Universal Merchant AAT-QX3UCCJESKPA2;Amazon PLCC Free-Financing Universal Merchant AAT-5QQ7BIYYQEDN2;Amazon PLCC Free-Financing Universal Merchant AAT-DSJ2QRXXWXVMQ;Amazon PLCC Free-Financing Universal Merchant AAT-CXJHMC2YJUK76;Amazon PLCC Free-Financing Universal Merchant AAT-CC4FAVTYR4X7C;Amazon PLCC Free-Financing Universal Merchant AAT-XXRCW6NZEPZI4;Amazon PLCC Free-Financing Universal Merchant AAT-R7GXNZWISTRFA;Amazon PLCC Free-Financing Universal Merchant AAT-WSJLDN3X7KEMO;Amazon PLCC Free-Financing Universal Merchant AAT-VL6FGQVGQVXUS;Amazon PLCC Free-Financing Universal Merchant AAT-EOKPWFWYW7Y6I;Amazon PLCC Free-Financing Universal Merchant AAT-ETXQ3XXWMRXBG;Amazon PLCC Free-Financing Universal Merchant AAT-7X3XCTYG64VBE;Amazon PLCC Free-Financing Universal Merchant AAT-7CHGD3WTS3MHM;Amazon PLCC Free-Financing Universal Merchant AAT-26ZDKNME27X42;Amazon PLCC Free-Financing Universal Merchant AAT-4ZF5KN6E4LJK4;Amazon PLCC Free-Financing Universal Merchant AAT-7RCXIKUAX7DDY;Amazon PLCC Free-Financing Universal Merchant AAT-BRSZZ45H6MHAO;Amazon PLCC Free-Financing Universal Merchant AAT-MKLXOOZWQL7GO;Amazon PLCC Free-Financing Universal Merchant AAT-CB7UNXEXGIJTC;Amazon PLCC Free-Financing Universal Merchant #MP-gzasho-1593152694811;Amazon PLCC Free-Financing Universal Merchant AAT-WLBA4GZ52EAH4,FALSE,Easy Ship
468,405-9737320-3923530,4/30/2022,Shipped,Amazon,Amazon.in,Expedited,J0008,J0008-SKD-XL,Set,XL,B0894X711G,Shipped,1,INR,1133,Nerul,GOA,403114,IN,IN Core Free Shipping 2015/04/08 23-48-5-108,FALSE,
469,402-7908398-5262750,4/30/2022,Shipped,Amazon,Amazon.in,Expedited,SET288,SET288-KR-NP-XXL,Set,XXL,B09M6TQTGV,Shipped,1,INR,684,IMPHAL,MANIPUR,795004,IN,IN Core Free Shipping 2015/04/08 23-48-5-108,FALSE,
470,407-6861831-9368312,4/30/2022,Cancelled,Amazon,Amazon.in,Expedited,SET374,SET374-KR-NP-XS,Set,XS,B09NDKGZ6V,Cancelled,0,,,PALASBARI,ASSAM,781120,IN,,FALSE,
471,406-4290163-4557960,4/30/2022,Cancelled,Amazon,Amazon.in,Expedited,JNE3399,JNE3399-KR-L,kurta,L,B082W8354V,Unshipped,1,INR,435,HYDERABAD,TELANGANA,500090,IN,,FALSE,
472,405-9000587-4386763,4/30/2022,Shipped,Amazon,Amazon.in,Expedited,JNE3405,JNE3405-KR-XL,kurta,XL,B081WT6GG7,Shipped,1,INR,399,PUNE,MAHARASHTRA,411057,IN,,FALSE,
473,405-9000587-4386763,4/30/2022,Shipped,Amazon,Amazon.in,Expedited,JNE3567,JNE3567-KR-XL,kurta,XL,B08KRTXC2Y,Shipped,1,INR,399,PUNE,MAHARASHTRA,411057,IN,,FALSE,
474,404-7760595-7490722,4/30/2022,Cancelled,Amazon,Amazon.in,Expedited,JNE3405,JNE3405-KR-XL,kurta,XL,B081WT6GG7,Unshipped,1,INR,399,Chikkaballapur,KARNATAKA,562101,IN,,FALSE,
475,403-8206114-6438765,4/30/2022,Shipped,Amazon,Amazon.in,Expedited,SET110,SET110-KR-PP-L,Set,L,B0822TBFW3,Shipped,1,INR,788,Andul near maya stores,WEST BENGAL,711302,IN,IN Core Free Shipping 2015/04/08 23-48-5-108,FALSE,
476,404-6734371-2217151,4/30/2022,Shipped - Delivered to Buyer,Merchant,Amazon.in,Standard,MEN5031,MEN5031-KR-XXXL,kurta,3XL,B08YYT14HH,Shipped,1,INR,549,BENGALURU,KARNATAKA,560078,IN,Amazon PLCC Free-Financing Universal Merchant AAT-WNKTBO3K27EJC;Amazon PLCC Free-Financing Universal Merchant AAT-QX3UCCJESKPA2;Amazon PLCC Free-Financing Universal Merchant AAT-5QQ7BIYYQEDN2;Amazon PLCC Free-Financing Universal Merchant AAT-DSJ2QRXXWXVMQ;Amazon PLCC Free-Financing Universal Merchant AAT-CXJHMC2YJUK76;Amazon PLCC Free-Financing Universal Merchant AAT-SL3Y2YRMAUNFC;Amazon PLCC Free-Financing Universal Merchant AAT-CC4FAVTYR4X7C;Amazon PLCC Free-Financing Universal Merchant AAT-XXRCW6NZEPZI4;Amazon PLCC Free-Financing Universal Merchant AAT-EOKPWFWYW7Y6I;Amazon PLCC Free-Financing Universal Merchant AAT-ZYL5UPUNW6T62;Amazon PLCC Free-Financing Universal Merchant AAT-ETXQ3XXWMRXBG;Amazon PLCC Free-Financing Universal Merchant AAT-7X3XCTYG64VBE;Amazon PLCC Free-Financing Universal Merchant AAT-7CHGD3WTS3MHM;Amazon PLCC Free-Financing Universal Merchant AAT-26ZDKNME27X42;Amazon PLCC Free-Financing Universal Merchant AAT-4ZF5KN6E4LJK4;Amazon PLCC Free-Financing Universal Merchant AAT-7RCXIKUAX7DDY;Amazon PLCC Free-Financing Universal Merchant AAT-BRSZZ45H6MHAO;Amazon PLCC Free-Financing Universal Merchant AAT-MKLXOOZWQL7GO;Amazon PLCC Free-Financing Universal Merchant AAT-CB7UNXEXGIJTC;Amazon PLCC Free-Financing Universal Merchant #MP-gzasho-1593152694811;Amazon PLCC Free-Financing Universal Merchant AAT-WLBA4GZ52EAH4,FALSE,Easy Ship
477,403-9844758-9663515,4/30/2022,Shipped,Amazon,Amazon.in,Expedited,J0003,J0003-SET-XS,Set,XS,B0894WW15B,Shipped,1,INR,654,MUMBAI,MAHARASHTRA,400067,IN,,FALSE,
478,402-1037282-5400318,4/30/2022,Shipped,Amazon,Amazon.in,Expedited,JNE3421,JNE3421-KR-N-M,kurta,M,B08TRHNH61,Shipped,1,INR,399,Mumbai,MAHARASHTRA,400078,IN,IN Core Free Shipping 2015/04/08 23-48-5-108,FALSE,
479,408-6497115-2636366,4/30/2022,Shipped - Delivered to Buyer,Merchant,Amazon.in,Standard,SET351,SET351-KR-NP-L,Set,L,B09KXVHNS4,Shipped,1,INR,599,HYDERABAD,TELANGANA,500067,IN,Amazon PLCC Free-Financing Universal Merchant AAT-WNKTBO3K27EJC;Amazon PLCC Free-Financing Universal Merchant AAT-QX3UCCJESKPA2;Amazon PLCC Free-Financing Universal Merchant AAT-5QQ7BIYYQEDN2;Amazon PLCC Free-Financing Universal Merchant AAT-DSJ2QRXXWXVMQ;Amazon PLCC Free-Financing Universal Merchant AAT-CXJHMC2YJUK76;Amazon PLCC Free-Financing Universal Merchant AAT-CC4FAVTYR4X7C;Amazon PLCC Free-Financing Universal Merchant AAT-XXRCW6NZEPZI4;Amazon PLCC Free-Financing Universal Merchant SS-1643890021772;Amazon PLCC Free-Financing Universal Merchant AAT-R7GXNZWISTRFA;Amazon PLCC Free-Financing Universal Merchant AAT-WSJLDN3X7KEMO;Amazon PLCC Free-Financing Universal Merchant AAT-VL6FGQVGQVXUS;Amazon PLCC Free-Financing Universal Merchant AAT-EOKPWFWYW7Y6I;Amazon PLCC Free-Financing Universal Merchant AAT-ZYL5UPUNW6T62;Amazon PLCC Free-Financing Universal Merchant AAT-ETXQ3XXWMRXBG;Amazon PLCC Free-Financing Universal Merchant AAT-7X3XCTYG64VBE;Amazon PLCC Free-Financing Universal Merchant AAT-7CHGD3WTS3MHM;Amazon PLCC Free-Financing Universal Merchant AAT-26ZDKNME27X42;Amazon PLCC Free-Financing Universal Merchant AAT-4ZF5KN6E4LJK4;Amazon PLCC Free-Financing Universal Merchant AAT-7RCXIKUAX7DDY;Amazon PLCC Free-Financing Universal Merchant AAT-BRSZZ45H6MHAO;Amazon PLCC Free-Financing Universal Merchant AAT-MKLXOOZWQL7GO;Amazon PLCC Free-Financing Universal Merchant AAT-CB7UNXEXGIJTC;Amazon PLCC Free-Financing Universal Merchant #MP-gzasho-1593152694811;Amazon PLCC Free-Financing Universal Merchant AAT-WLBA4GZ52EAH4,FALSE,Easy Ship
480,408-2311178-4563550,4/30/2022,Shipped,Amazon,Amazon.in,Expedited,SET337,SET337-KR-NP-L,Set,L,B09KXY99M3,Shipped,1,INR,874,HYDERABAD,TELANGANA,500067,IN,IN Core Free Shipping 2015/04/08 23-48-5-108,FALSE,
481,171-7904830-1900363,4/30/2022,Shipped - Delivered to Buyer,Merchant,Amazon.in,Standard,MEN5021,MEN5021-KR-XXL,kurta,XXL,B08YYSWWGK,Shipped,1,INR,533,HYDERABAD,TELANGANA,500075,IN,Amazon PLCC Free-Financing Universal Merchant AAT-WNKTBO3K27EJC;Amazon PLCC Free-Financing Universal Merchant AAT-QX3UCCJESKPA2;Amazon PLCC Free-Financing Universal Merchant AAT-5QQ7BIYYQEDN2;Amazon PLCC Free-Financing Universal Merchant AAT-DSJ2QRXXWXVMQ;Amazon PLCC Free-Financing Universal Merchant AAT-CXJHMC2YJUK76;Amazon PLCC Free-Financing Universal Merchant AAT-SL3Y2YRMAUNFC;Amazon PLCC Free-Financing Universal Merchant AAT-CC4FAVTYR4X7C;Amazon PLCC Free-Financing Universal Merchant AAT-XXRCW6NZEPZI4;Amazon PLCC Free-Financing Universal Merchant AAT-EOKPWFWYW7Y6I;Amazon PLCC Free-Financing Universal Merchant AAT-ZYL5UPUNW6T62;Amazon PLCC Free-Financing Universal Merchant AAT-ETXQ3XXWMRXBG;Amazon PLCC Free-Financing Universal Merchant AAT-7X3XCTYG64VBE;Amazon PLCC Free-Financing Universal Merchant AAT-7CHGD3WTS3MHM;Amazon PLCC Free-Financing Universal Merchant AAT-26ZDKNME27X42;Amazon PLCC Free-Financing Universal Merchant AAT-4ZF5KN6E4LJK4;Amazon PLCC Free-Financing Universal Merchant AAT-7RCXIKUAX7DDY;Amazon PLCC Free-Financing Universal Merchant AAT-TNYBHEAO7HOHO;Amazon PLCC Free-Financing Universal Merchant AAT-BRSZZ45H6MHAO;Amazon PLCC Free-Financing Universal Merchant AAT-MKLXOOZWQL7GO;Amazon PLCC Free-Financing Universal Merchant AAT-CB7UNXEXGIJTC;Amazon PLCC Free-Financing Universal Merchant #MP-gzasho-1593152694811;Amazon PLCC Free-Financing Universal Merchant AAT-WLBA4GZ52EAH4;Amazon PLCC Free-Financing Universal Merchant AAT-QMFZ3M7T5NPDS;Amazon PLCC Free-Financing Universal Merchant #MP-pmilan-1601980554292,FALSE,Easy Ship
482,406-9476969-2801163,4/30/2022,Shipped,Amazon,Amazon.in,Expedited,JNE3567,JNE3567-KR-XXL,kurta,XXL,B08KRYCC8J,Shipped,1,INR,399,BENGALURU,KARNATAKA,560011,IN,,FALSE,
483,403-2867551-8904322,4/30/2022,Shipped,Amazon,Amazon.in,Expedited,J0338,J0338-DR-L,Western Dress,L,B09832FGG4,Shipped,1,INR,744,BENGALURU,KARNATAKA,560035,IN,IN Core Free Shipping 2015/04/08 23-48-5-108,FALSE,
484,407-0133690-8157926,4/30/2022,Shipped,Amazon,Amazon.in,Expedited,MEN5009,MEN5009-KR-M,kurta,M,B08YYX8VKT,Shipped,1,INR,499,SURAT,Gujarat,395007,IN,IN Core Free Shipping 2015/04/08 23-48-5-108,FALSE,
485,402-2892726-4411563,4/30/2022,Cancelled,Amazon,Amazon.in,Expedited,JNE3421,JNE3421-KR-N-M,kurta,M,B08TRHNH61,Unshipped,1,INR,399,Mumbai,MAHARASHTRA,400078,IN,,FALSE,
486,402-9688522-2179563,4/30/2022,Shipped,Amazon,Amazon.in,Expedited,JNE3364,JNE3364-KR-1051-A-L,kurta,L,B07WP5G7MK,Shipped,1,INR,376,CHITTOOR,ANDHRA PRADESH,517001,IN,,FALSE,
487,404-7977517-7125147,4/30/2022,Shipped,Amazon,Amazon.in,Expedited,JNE3465,JNE3465-KR-XXL,kurta,XXL,B08BFT4ZKX,Shipped,1,INR,486,KADUR,KARNATAKA,577548,IN,IN Core Free Shipping 2015/04/08 23-48-5-108,FALSE,
488,403-4009455-2766717,4/30/2022,Shipped,Amazon,Amazon.in,Expedited,JNE3568,JNE3568-KR-XXL,kurta,XXL,B08KRYXSYH,Shipped,1,INR,399,SURATGARH,RAJASTHAN,335804,IN,,FALSE,
489,408-8960391-6097167,4/30/2022,Cancelled,Amazon,Amazon.in,Expedited,JNE3781,JNE3781-KR-XXXL,kurta,3XL,B09K3WFS32,Cancelled,0,,,MIRA ROAD,MAHARASHTRA,401107,IN,,FALSE,
490,406-9811989-3946709,4/30/2022,Shipped,Amazon,Amazon.in,Expedited,JNE2153,JNE2153-KR-278-A-XL,kurta,XL,B0794V95XT,Shipped,1,INR,424,MUMBAI,MAHARASHTRA,400095,IN,IN Core Free Shipping 2015/04/08 23-48-5-108,FALSE,
491,406-0361691-7797129,4/30/2022,Shipped - Delivered to Buyer,Merchant,Amazon.in,Standard,JNE3487,JNE3487-KR-XXL,kurta,XXL,B08RNX8Q22,Shipped,1,INR,362,MUMBAI,MAHARASHTRA,400095,IN,Amazon PLCC Free-Financing Universal Merchant AAT-WNKTBO3K27EJC;Amazon PLCC Free-Financing Universal Merchant AAT-QX3UCCJESKPA2;Amazon PLCC Free-Financing Universal Merchant AAT-5QQ7BIYYQEDN2;Amazon PLCC Free-Financing Universal Merchant AAT-DSJ2QRXXWXVMQ;Amazon PLCC Free-Financing Universal Merchant AAT-CXJHMC2YJUK76;Amazon PLCC Free-Financing Universal Merchant AAT-SL3Y2YRMAUNFC;Amazon PLCC Free-Financing Universal Merchant AAT-CC4FAVTYR4X7C;Amazon PLCC Free-Financing Universal Merchant AAT-XXRCW6NZEPZI4;Amazon PLCC Free-Financing Universal Merchant AAT-CXNSLNBROFDW4;Amazon PLCC Free-Financing Universal Merchant AAT-WSJLDN3X7KEMO;Amazon PLCC Free-Financing Universal Merchant AAT-VL6FGQVGQVXUS;Amazon PLCC Free-Financing Universal Merchant AAT-EOKPWFWYW7Y6I;Amazon PLCC Free-Financing Universal Merchant AAT-ZYL5UPUNW6T62;Amazon PLCC Free-Financing Universal Merchant AAT-XVPICCHRWDCAI;Amazon PLCC Free-Financing Universal Merchant AAT-ETXQ3XXWMRXBG;Amazon PLCC Free-Financing Universal Merchant AAT-7X3XCTYG64VBE;Amazon PLCC Free-Financing Universal Merchant AAT-7CHGD3WTS3MHM;Amazon PLCC Free-Financing Universal Merchant AAT-26ZDKNME27X42;Amazon PLCC Free-Financing Universal Merchant AAT-4ZF5KN6E4LJK4;Amazon PLCC Free-Financing Universal Merchant AAT-7RCXIKUAX7DDY;Amazon PLCC Free-Financing Universal Merchant AAT-BRSZZ45H6MHAO;Amazon PLCC Free-Financing Universal Merchant AAT-MKLXOOZWQL7GO;Amazon PLCC Free-Financing Universal Merchant AAT-CB7UNXEXGIJTC;Amazon PLCC Free-Financing Universal Merchant #MP-gzasho-1593152694811;Amazon PLCC Free-Financing Universal Merchant AAT-WLBA4GZ52EAH4,FALSE,Easy Ship
492,408-9628391-5712365,4/30/2022,Shipped,Amazon,Amazon.in,Expedited,JNE3865,JNE3865-TP-XXXL,Top,3XL,B09TZSJVFX,Shipped,1,INR,599,DINANAGAR,PUNJAB,143531,IN,IN Core Free Shipping 2015/04/08 23-48-5-108,FALSE,
493,408-1587720-2667552,4/30/2022,Shipped,Amazon,Amazon.in,Expedited,SET324,SET324-KR-NP-L,Set,L,B09NQ44RNV,Shipped,1,INR,597,KOLKATA,WEST BENGAL,700028,IN,IN Core Free Shipping 2015/04/08 23-48-5-108,FALSE,
494,171-5980259-5726757,4/30/2022,Shipped,Amazon,Amazon.in,Expedited,J0118,J0118-TP-XXL,Top,XXL,B08N4QTQHW,Shipped,1,INR,487,SECUNDERABAD,TELANGANA,500011,IN,,FALSE,
495,405-2266530-9531500,4/30/2022,Shipped - Delivered to Buyer,Merchant,Amazon.in,Standard,SET291,SET291-KR-PP-XXXL,Set,3XL,B099NFZJVC,Shipped,1,INR,563,KALYAN,MAHARASHTRA,421004,IN,Amazon PLCC Free-Financing Universal Merchant AAT-WNKTBO3K27EJC;Amazon PLCC Free-Financing Universal Merchant AAT-QX3UCCJESKPA2;Amazon PLCC Free-Financing Universal Merchant AAT-5QQ7BIYYQEDN2;Amazon PLCC Free-Financing Universal Merchant AAT-DSJ2QRXXWXVMQ;Amazon PLCC Free-Financing Universal Merchant AAT-CXJHMC2YJUK76;Amazon PLCC Free-Financing Universal Merchant AAT-CC4FAVTYR4X7C;Amazon PLCC Free-Financing Universal Merchant AAT-XXRCW6NZEPZI4;Amazon PLCC Free-Financing Universal Merchant AAT-EOKPWFWYW7Y6I;Amazon PLCC Free-Financing Universal Merchant AAT-ZYL5UPUNW6T62;Amazon PLCC Free-Financing Universal Merchant AAT-ETXQ3XXWMRXBG;Amazon PLCC Free-Financing Universal Merchant AAT-7X3XCTYG64VBE;Amazon PLCC Free-Financing Universal Merchant AAT-7CHGD3WTS3MHM;Amazon PLCC Free-Financing Universal Merchant AAT-26ZDKNME27X42;Amazon PLCC Free-Financing Universal Merchant AAT-4ZF5KN6E4LJK4;Amazon PLCC Free-Financing Universal Merchant AAT-7RCXIKUAX7DDY;Amazon PLCC Free-Financing Universal Merchant AAT-BRSZZ45H6MHAO;Amazon PLCC Free-Financing Universal Merchant AAT-MKLXOOZWQL7GO;Amazon PLCC Free-Financing Universal Merchant AAT-CB7UNXEXGIJTC;Amazon PLCC Free-Financing Universal Merchant #MP-gzasho-1593152694811;Amazon PLCC Free-Financing Universal Merchant AAT-WLBA4GZ52EAH4,FALSE,Easy Ship
496,408-3468189-1632369,4/30/2022,Shipped,Amazon,Amazon.in,Expedited,JNE3704,JNE3704-KR-L,kurta,L,B099FD13MH,Shipped,1,INR,487,ARAKANDANALLUR,TAMIL NADU,605752,IN,,FALSE,
497,402-8199412-5613164,4/30/2022,Shipped,Amazon,Amazon.in,Expedited,J0378,J0378-SKD-XXL,Set,XXL,B09QJ4HMHN,Shipped,1,INR,1099,BHOPAL,MADHYA PRADESH,462038,IN,IN Core Free Shipping 2015/04/08 23-48-5-108,FALSE,
498,406-8049367-7383569,4/30/2022,Shipped,Amazon,Amazon.in,Expedited,J0003,J0003-SET-M,Set,M,B0894XH3LN,Shipped,1,INR,654,GURGAON,HARYANA,122001,IN,IN Core Free Shipping 2015/04/08 23-48-5-108,FALSE,
499,404-4084311-5014713,4/30/2022,Shipped,Amazon,Amazon.in,Expedited,JNE3721,JNE3721-KR-XL,kurta,XL,B099FDMD6T,Shipped,1,INR,329,HYDERABAD,TELANGANA,500036,IN,IN Core Free Shipping 2015/04/08 23-48-5-108,FALSE,
500,405-4491602-9761902,4/30/2022,Cancelled,Amazon,Amazon.in,Expedited,J0308,J0308-DR-XXL,Western Dress,XXL,B099NTSTM2,Cancelled,0,,,Bhatgaon,CHHATTISGARH,497235,IN,,FALSE,
501,404-3973098-9107502,4/30/2022,Shipped,Amazon,Amazon.in,Expedited,SET398,SET398-KR-PP-XXL,Set,XXL,B09RP8WY5J,Shipped,1,INR,1186,BHANJANAGAR,ODISHA,761126,IN,IN Core Free Shipping 2015/04/08 23-48-5-108,FALSE,
502,404-8364446-3952321,4/30/2022,Shipped,Amazon,Amazon.in,Expedited,J0157,J0157-DR-S,Western Dress,S,B0982ZDZ8K,Shipped,1,INR,588,VISAKHAPATNAM,ANDHRA PRADESH,530016,IN,IN Core Free Shipping 2015/04/08 23-48-5-108,FALSE,
503,408-4378624-3886712,4/30/2022,Cancelled,Amazon,Amazon.in,Standard,JNE3799,JNE3799-KR-S,kurta,S,B09SDZ78G7,Cancelled,0,,,GHAZIABAD,UTTAR PRADESH,201012,IN,,FALSE,
504,408-2058872-0942730,4/30/2022,Shipped,Amazon,Amazon.in,Expedited,JNE2265,JNE2265-KR-501-S,kurta,S,B07HWXNLNB,Shipped,1,INR,329,VISAKHAPATNAM,ANDHRA PRADESH,531173,IN,IN Core Free Shipping 2015/04/08 23-48-5-108,FALSE,
505,408-2058872-0942730,4/30/2022,Shipped,Amazon,Amazon.in,Expedited,JNE3401,JNE3401-KR-M,kurta,M,B082W6ZQSV,Shipped,1,INR,259,VISAKHAPATNAM,ANDHRA PRADESH,531173,IN,IN Core Free Shipping 2015/04/08 23-48-5-108,FALSE,
506,404-5141245-7726736,4/30/2022,Shipped,Amazon,Amazon.in,Expedited,JNE3787,JNE3787-KR-XXL,kurta,XXL,B09RKBXH45,Shipped,1,INR,487,MADHURAWADA,ANDHRA PRADESH,530048,IN,,FALSE,
507,405-5489495-6651552,4/30/2022,Shipped - Delivered to Buyer,Merchant,Amazon.in,Standard,SET332,SET332-KR-PP-L,Set,L,B09NQ39KJ6,Shipped,1,INR,549,ALMORA,UTTARAKHAND,263601,IN,Amazon PLCC Free-Financing Universal Merchant AAT-WNKTBO3K27EJC;Amazon PLCC Free-Financing Universal Merchant AAT-QX3UCCJESKPA2;Amazon PLCC Free-Financing Universal Merchant AAT-5QQ7BIYYQEDN2;Amazon PLCC Free-Financing Universal Merchant AAT-DSJ2QRXXWXVMQ;Amazon PLCC Free-Financing Universal Merchant AAT-CXJHMC2YJUK76;Amazon PLCC Free-Financing Universal Merchant AAT-CC4FAVTYR4X7C;Amazon PLCC Free-Financing Universal Merchant AAT-XXRCW6NZEPZI4;Amazon PLCC Free-Financing Universal Merchant AAT-EOKPWFWYW7Y6I;Amazon PLCC Free-Financing Universal Merchant AAT-ZYL5UPUNW6T62;Amazon PLCC Free-Financing Universal Merchant AAT-ETXQ3XXWMRXBG;Amazon PLCC Free-Financing Universal Merchant AAT-7X3XCTYG64VBE;Amazon PLCC Free-Financing Universal Merchant AAT-7CHGD3WTS3MHM;Amazon PLCC Free-Financing Universal Merchant AAT-26ZDKNME27X42;Amazon PLCC Free-Financing Universal Merchant AAT-4ZF5KN6E4LJK4;Amazon PLCC Free-Financing Universal Merchant AAT-7RCXIKUAX7DDY;Amazon PLCC Free-Financing Universal Merchant AAT-BRSZZ45H6MHAO;Amazon PLCC Free-Financing Universal Merchant AAT-MKLXOOZWQL7GO;Amazon PLCC Free-Financing Universal Merchant AAT-CB7UNXEXGIJTC;Amazon PLCC Free-Financing Universal Merchant #MP-gzasho-1593152694811;Amazon PLCC Free-Financing Universal Merchant AAT-WLBA4GZ52EAH4,FALSE,Easy Ship
508,171-6816175-3049154,4/30/2022,Shipped,Amazon,Amazon.in,Expedited,SET345,SET345-KR-NP-XL,Set,XL,B09KXWW582,Shipped,1,INR,626,PRODDATUR,ANDHRA PRADESH,516360,IN,IN Core Free Shipping 2015/04/08 23-48-5-108,FALSE,
509,408-7342331-1733136,4/30/2022,Cancelled,Amazon,Amazon.in,Expedited,JNE1525,JNE1525-KR-UDF19-A-XL,kurta,XL,B0743FF612,Cancelled,0,,,SHRIGONDA,MAHARASHTRA,413701,IN,,FALSE,
510,402-1721558-6618710,4/30/2022,Cancelled,Merchant,Amazon.in,Standard,J0373,J0373-KR-M,kurta,M,B09KXR4JZB,,0,INR,570.48,WARANGAL,TELANGANA,506330,IN,,FALSE,Easy Ship
511,406-2138801-8731538,4/30/2022,Shipped - Delivered to Buyer,Merchant,Amazon.in,Standard,JNE3449,JNE3449-KR-XXXL,kurta,3XL,B08CBC2J5H,Shipped,1,INR,319,CHENNAI,TAMIL NADU,600089,IN,Amazon PLCC Free-Financing Universal Merchant AAT-WNKTBO3K27EJC;Amazon PLCC Free-Financing Universal Merchant AAT-QX3UCCJESKPA2;Amazon PLCC Free-Financing Universal Merchant AAT-5QQ7BIYYQEDN2;Amazon PLCC Free-Financing Universal Merchant AAT-DSJ2QRXXWXVMQ;Amazon PLCC Free-Financing Universal Merchant AAT-CXJHMC2YJUK76;Amazon PLCC Free-Financing Universal Merchant AAT-SL3Y2YRMAUNFC;Amazon PLCC Free-Financing Universal Merchant AAT-CC4FAVTYR4X7C;Amazon PLCC Free-Financing Universal Merchant AAT-XXRCW6NZEPZI4;Amazon PLCC Free-Financing Universal Merchant AAT-EOKPWFWYW7Y6I;Amazon PLCC Free-Financing Universal Merchant AAT-ETXQ3XXWMRXBG;Amazon PLCC Free-Financing Universal Merchant AAT-7X3XCTYG64VBE;Amazon PLCC Free-Financing Universal Merchant AAT-7CHGD3WTS3MHM;Amazon PLCC Free-Financing Universal Merchant AAT-26ZDKNME27X42;Amazon PLCC Free-Financing Universal Merchant AAT-4ZF5KN6E4LJK4;Amazon PLCC Free-Financing Universal Merchant AAT-7RCXIKUAX7DDY;Amazon PLCC Free-Financing Universal Merchant AAT-TNYBHEAO7HOHO;Amazon PLCC Free-Financing Universal Merchant AAT-BRSZZ45H6MHAO;Amazon PLCC Free-Financing Universal Merchant AAT-MKLXOOZWQL7GO;Amazon PLCC Free-Financing Universal Merchant AAT-CB7UNXEXGIJTC;Amazon PLCC Free-Financing Universal Merchant #MP-gzasho-1593152694811;Amazon PLCC Free-Financing Universal Merchant AAT-WLBA4GZ52EAH4;Amazon PLCC Free-Financing Universal Merchant AAT-QMFZ3M7T5NPDS;Amazon PLCC Free-Financing Universal Merchant #MP-pmilan-1601980554292,FALSE,Easy Ship
512,407-1271803-1705135,4/30/2022,Shipped,Amazon,Amazon.in,Expedited,J0118,J0118-TP-XXXL,Top,3XL,B08N43MK22,Shipped,1,INR,518,FAIZABAD,UTTAR PRADESH,224001,IN,,FALSE,
513,408-0666162-2209142,4/30/2022,Shipped,Amazon,Amazon.in,Expedited,J0006,J0006-SET-L,Ethnic Dress,L,B0894YJNT9,Shipped,1,INR,899,BHIWADI,RAJASTHAN,301019,IN,IN Core Free Shipping 2015/04/08 23-48-5-108,FALSE,
514,404-8344681-3468344,4/30/2022,Shipped,Amazon,Amazon.in,Expedited,J0335,J0335-DR-XL,Western Dress,XL,B09831P2JC,Shipped,1,INR,807,NOIDA,UTTAR PRADESH,201301,IN,IN Core Free Shipping 2015/04/08 23-48-5-108,FALSE,
515,405-5365766-8023559,4/30/2022,Shipped - Delivered to Buyer,Merchant,Amazon.in,Standard,J0301,J0301-TP-M,Top,M,B099S9DTR2,Shipped,1,INR,463,WARANGAL,TELANGANA,506001,IN,Amazon PLCC Free-Financing Universal Merchant AAT-WNKTBO3K27EJC;Amazon PLCC Free-Financing Universal Merchant AAT-QX3UCCJESKPA2;Amazon PLCC Free-Financing Universal Merchant AAT-5QQ7BIYYQEDN2;Amazon PLCC Free-Financing Universal Merchant AAT-DSJ2QRXXWXVMQ;Amazon PLCC Free-Financing Universal Merchant AAT-CXJHMC2YJUK76;Amazon PLCC Free-Financing Universal Merchant AAT-CC4FAVTYR4X7C;Amazon PLCC Free-Financing Universal Merchant AAT-XXRCW6NZEPZI4;Amazon PLCC Free-Financing Universal Merchant AAT-EOKPWFWYW7Y6I;Amazon PLCC Free-Financing Universal Merchant AAT-ZYL5UPUNW6T62;Amazon PLCC Free-Financing Universal Merchant AAT-ETXQ3XXWMRXBG;Amazon PLCC Free-Financing Universal Merchant AAT-7X3XCTYG64VBE;Amazon PLCC Free-Financing Universal Merchant AAT-7CHGD3WTS3MHM;Amazon PLCC Free-Financing Universal Merchant AAT-26ZDKNME27X42;Amazon PLCC Free-Financing Universal Merchant AAT-4ZF5KN6E4LJK4;Amazon PLCC Free-Financing Universal Merchant AAT-7RCXIKUAX7DDY;Amazon PLCC Free-Financing Universal Merchant AAT-BRSZZ45H6MHAO;Amazon PLCC Free-Financing Universal Merchant AAT-MKLXOOZWQL7GO;Amazon PLCC Free-Financing Universal Merchant AAT-CB7UNXEXGIJTC;Amazon PLCC Free-Financing Universal Merchant #MP-gzasho-1593152694811;Amazon PLCC Free-Financing Universal Merchant AAT-WLBA4GZ52EAH4;Amazon PLCC Free-Financing Universal Merchant #MP-pmilan-1601980554292,FALSE,Easy Ship
516,405-2729845-2846741,4/30/2022,Shipped,Amazon,Amazon.in,Expedited,SET228,SET228-KR-PP-A-XXXL,Set,3XL,B09HMVYKV8,Shipped,1,INR,653,BANGALORE,KARNATAKA,560078,IN,IN Core Free Shipping 2015/04/08 23-48-5-108,FALSE,
517,407-7312276-7007540,4/30/2022,Shipped,Amazon,Amazon.in,Expedited,J0012,J0012-SKD-M,Set,M,B0894XYMWS,Shipped,1,INR,1140,NEW DELHI,DELHI,110085,IN,IN Core Free Shipping 2015/04/08 23-48-5-108,FALSE,
518,407-6910434-1793162,4/30/2022,Cancelled,Amazon,Amazon.in,Expedited,MEN5023,MEN5023-KR-S,kurta,S,B08YZ1GSGW,Cancelled,0,,,SAMBALPUR,ODISHA,768004,IN,,FALSE,
519,407-7361111-8973957,4/30/2022,Shipped,Amazon,Amazon.in,Expedited,SET388,SET388-KR-NP-S,Set,S,B09QJNMFVK,Shipped,1,INR,1260,ALLAHABAD,UTTAR PRADESH,211002,IN,IN Core Free Shipping 2015/04/08 23-48-5-108,FALSE,
520,406-2349830-7633129,4/30/2022,Shipped,Amazon,Amazon.in,Expedited,SET333,SET333-KR-DPT-XL,Set,XL,B09RKFZ1KH,Shipped,1,INR,909,WARANGAL,TELANGANA,506009,IN,IN Core Free Shipping 2015/04/08 23-48-5-108,FALSE,
521,404-0553710-6997951,4/30/2022,Cancelled,Amazon,Amazon.in,Expedited,MEN5002,MEN5002-KR-XXL,kurta,XXL,B08YZ1HZ7B,Cancelled,0,,,Vadodara,Gujarat,390011,IN,,FALSE,
522,404-5682813-1706729,4/30/2022,Shipped,Amazon,Amazon.in,Expedited,SET172,SET172-KR-PP-B-M,Set,M,B0822V3NH7,Shipped,1,INR,968,NEW DELHI,DELHI,110030,IN,,FALSE,
523,171-0355946-6502712,4/30/2022,Shipped,Amazon,Amazon.in,Expedited,SET268,SET268-KR-NP-XL,Set,XL,B08XQBF1G4,Shipped,1,INR,788,NASHIK,MAHARASHTRA,422101,IN,,FALSE,
524,405-5141255-1451535,4/30/2022,Shipped,Amazon,Amazon.in,Expedited,JNE3800,JNE3800-KR-M,Western Dress,M,B09SDXQ3X9,Shipped,1,INR,771,Malda,WEST BENGAL,732103,IN,IN Core Free Shipping 2015/04/08 23-48-5-108,FALSE,
525,402-4712282-7084353,4/30/2022,Shipped,Amazon,Amazon.in,Expedited,JNE3405,JNE3405-KR-XXXL,kurta,3XL,B081WZ4T3V,Shipped,1,INR,399,KALYAN,MAHARASHTRA,421301,IN,,FALSE,
526,408-4929717-0247504,4/30/2022,Shipped,Amazon,Amazon.in,Expedited,SET319,SET319-KR-NP-XL,Set,XL,B09KXVPJ7M,Shipped,1,INR,888,VISAKHAPATNAM,ANDHRA PRADESH,530047,IN,IN Core Free Shipping 2015/04/08 23-48-5-108,FALSE,
527,408-4929717-0247504,4/30/2022,Shipped,Amazon,Amazon.in,Expedited,SET378,SET378-KR-NP-XS,Set,XS,B09RKFQBBZ,Shipped,1,INR,1221,VISAKHAPATNAM,ANDHRA PRADESH,530047,IN,IN Core Free Shipping 2015/04/08 23-48-5-108,FALSE,
528,407-0903946-2097158,4/30/2022,Shipped,Amazon,Amazon.in,Expedited,JNE3405,JNE3405-KR-XL,kurta,XL,B081WT6GG7,Shipped,1,INR,399,KOLLAM,KERALA,690521,IN,IN Core Free Shipping 2015/04/08 23-48-5-108,FALSE,
529,403-3362230-0094739,4/30/2022,Shipped - Delivered to Buyer,Merchant,Amazon.in,Standard,JNE3368,JNE3368-KR-XXXL,kurta,3XL,B0828PD16L,Shipped,1,INR,471,BENGALURU,KARNATAKA,560021,IN,Amazon PLCC Free-Financing Universal Merchant AAT-WNKTBO3K27EJC;Amazon PLCC Free-Financing Universal Merchant AAT-QX3UCCJESKPA2;Amazon PLCC Free-Financing Universal Merchant AAT-5QQ7BIYYQEDN2;Amazon PLCC Free-Financing Universal Merchant AAT-DSJ2QRXXWXVMQ;Amazon PLCC Free-Financing Universal Merchant AAT-CXJHMC2YJUK76;Amazon PLCC Free-Financing Universal Merchant AAT-SL3Y2YRMAUNFC;Amazon PLCC Free-Financing Universal Merchant AAT-CC4FAVTYR4X7C;Amazon PLCC Free-Financing Universal Merchant AAT-XXRCW6NZEPZI4;Amazon PLCC Free-Financing Universal Merchant AAT-EOKPWFWYW7Y6I;Amazon PLCC Free-Financing Universal Merchant AAT-ZYL5UPUNW6T62;Amazon PLCC Free-Financing Universal Merchant AAT-ETXQ3XXWMRXBG;Amazon PLCC Free-Financing Universal Merchant AAT-7X3XCTYG64VBE;Amazon PLCC Free-Financing Universal Merchant AAT-7CHGD3WTS3MHM;Amazon PLCC Free-Financing Universal Merchant AAT-26ZDKNME27X42;Amazon PLCC Free-Financing Universal Merchant AAT-4ZF5KN6E4LJK4;Amazon PLCC Free-Financing Universal Merchant AAT-7RCXIKUAX7DDY;Amazon PLCC Free-Financing Universal Merchant AAT-TNYBHEAO7HOHO;Amazon PLCC Free-Financing Universal Merchant AAT-BRSZZ45H6MHAO;Amazon PLCC Free-Financing Universal Merchant AAT-MKLXOOZWQL7GO;Amazon PLCC Free-Financing Universal Merchant AAT-CB7UNXEXGIJTC;Amazon PLCC Free-Financing Universal Merchant #MP-gzasho-1593152694811;Amazon PLCC Free-Financing Universal Merchant AAT-WLBA4GZ52EAH4;Amazon PLCC Free-Financing Universal Merchant AAT-QMFZ3M7T5NPDS;Amazon PLCC Free-Financing Universal Merchant #MP-pmilan-1601980554292,FALSE,Easy Ship
530,404-2227887-7441969,4/30/2022,Shipped,Amazon,Amazon.in,Expedited,SET233,SET233-KR-PP-L,Set,L,B08MXF6MZF,Shipped,1,INR,545,MUMBAI,MAHARASHTRA,400042,IN,IN Core Free Shipping 2015/04/08 23-48-5-108,FALSE,
531,407-8016372-7101131,4/30/2022,Shipped,Amazon,Amazon.in,Expedited,SET344,SET344-KR-NP-S,Set,S,B09QJ4TZR6,Shipped,1,INR,968,ALLAHABAD,UTTAR PRADESH,211002,IN,IN Core Free Shipping 2015/04/08 23-48-5-108,FALSE,
532,407-2520173-9985116,4/30/2022,Shipped,Amazon,Amazon.in,Expedited,MEN5002,MEN5002-KR-M,kurta,M,B08YZ4WLT3,Shipped,1,INR,499,SURAT,Gujarat,395007,IN,IN Core Free Shipping 2015/04/08 23-48-5-108,FALSE,
533,407-3257788-4892350,4/30/2022,Shipped,Amazon,Amazon.in,Expedited,JNE3405,JNE3405-KR-L,kurta,L,B081WSCKPQ,Shipped,1,INR,399,GUNTUR,ANDHRA PRADESH,522614,IN,IN Core Free Shipping 2015/04/08 23-48-5-108,FALSE,
534,408-7201398-0382766,4/30/2022,Shipped,Amazon,Amazon.in,Expedited,JNE3405,JNE3405-KR-XL,kurta,XL,B081WT6GG7,Shipped,1,INR,399,AHMEDABAD,Gujarat,380058,IN,,FALSE,
535,407-1181422-6183500,4/30/2022,Cancelled,Amazon,Amazon.in,Expedited,SET319,SET319-KR-NP-S,Set,S,B09KXV4TTM,Cancelled,0,,,MANGALURU,KARNATAKA,575002,IN,,FALSE,
536,408-6235816-9261123,4/30/2022,Cancelled,Amazon,Amazon.in,Expedited,JNE3368,JNE3368-KR-XXL,kurta,XXL,B081WSWWL7,Unshipped,1,INR,471,BENGALURU,KARNATAKA,560043,IN,,FALSE,
537,408-5823964-2421167,4/30/2022,Cancelled,Merchant,Amazon.in,Standard,JNE3718,JNE3718-KR-XXL,kurta,XXL,B099NMS4LL,,0,INR,386.67,BENGALURU,KARNATAKA,560043,IN,,FALSE,Easy Ship
538,408-2752424-0976355,4/30/2022,Cancelled,Merchant,Amazon.in,Standard,MEN5006,MEN5006-KR-XXL,kurta,XXL,B08YYTB4R3,,0,INR,452.38,PATNA,BIHAR,800026,IN,,FALSE,Easy Ship
539,408-1221783-1443515,4/30/2022,Shipped,Amazon,Amazon.in,Expedited,J0230,J0230-SKD-L,Set,L,B08XNDL1DL,Shipped,1,INR,1112,Pune,MAHARASHTRA,411033,IN,,FALSE,
540,404-3977029-4836363,4/30/2022,Cancelled,Amazon,Amazon.in,Expedited,SET233,SET233-KR-PP-L,Set,L,B08MXF6MZF,Cancelled,0,,,MUMBAI,MAHARASHTRA,400042,IN,,FALSE,
541,406-6993846-8855562,4/30/2022,Shipped,Amazon,Amazon.in,Expedited,SET363,SET363-KR-NP-XL,Set,XL,B09TH6N96L,Shipped,1,INR,1338,ROORKEE,UTTARAKHAND,247667,IN,IN Core Free Shipping 2015/04/08 23-48-5-108,FALSE,
542,405-5018129-4536368,4/30/2022,Shipped,Amazon,Amazon.in,Expedited,JNE3794,JNE3794-KR-XXXL,kurta,3XL,B09HMHM56Y,Shipped,1,INR,517,MANGALURU,KARNATAKA,575006,IN,IN Core Free Shipping 2015/04/08 23-48-5-108,FALSE,
543,406-3787864-1268330,4/30/2022,Shipped,Amazon,Amazon.in,Expedited,JNE3721,JNE3721-KR-XL,kurta,XL,B099FDMD6T,Shipped,1,INR,329,NAGPUR,MAHARASHTRA,440006,IN,IN Core Free Shipping 2015/04/08 23-48-5-108,FALSE,
544,171-8504713-0689107,4/30/2022,Shipped,Amazon,Amazon.in,Expedited,JNE3797,JNE3797-KR-L,Western Dress,L,B09SDXFFQ1,Shipped,1,INR,725,NOIDA,UTTAR PRADESH,201301,IN,IN Core Free Shipping 2015/04/08 23-48-5-108,FALSE,
545,402-9564773-1029157,4/30/2022,Shipped,Amazon,Amazon.in,Expedited,JNE3461,JNE3461-KR-XXL,kurta,XXL,B08B3XF5MH,Shipped,1,INR,363,JAIPUR,RAJASTHAN,303905,IN,IN Core Free Shipping 2015/04/08 23-48-5-108,FALSE,
546,405-4930362-9342759,4/30/2022,Shipped,Amazon,Amazon.in,Expedited,SET345,SET345-KR-NP-L,Set,L,B09KXT4VG7,Shipped,1,INR,666,Golabandha,ODISHA,761002,IN,IN Core Free Shipping 2015/04/08 23-48-5-108,FALSE,
547,402-4976284-7401969,4/30/2022,Cancelled,Amazon,Amazon.in,Expedited,SET131,SET131-KR-NP-A-XXL,Set,XXL,B07WPVB9GJ,Cancelled,0,,,ROHTAK,HARYANA,124001,IN,,FALSE,
548,404-7724638-9574745,4/30/2022,Cancelled,Amazon,Amazon.in,Expedited,J0157,J0157-DR-S,Western Dress,S,B0982ZDZ8K,Unshipped,1,INR,588,VISAKHAPATNAM,ANDHRA PRADESH,530016,IN,,FALSE,
549,408-9182064-6638723,4/30/2022,Shipped,Amazon,Amazon.in,Expedited,SET203,SET203-KR-DPT-S,Set,S,B08MYT94FH,Shipped,1,INR,449,CHENNAI,TAMIL NADU,600089,IN,IN Core Free Shipping 2015/04/08 23-48-5-108,FALSE,
550,171-9163388-0505130,4/30/2022,Shipped,Amazon,Amazon.in,Expedited,SET098,SET098-KR-PP-XL,Set,XL,B07X3N4X66,Shipped,1,INR,696,BHATPARA,WEST BENGAL,743127,IN,IN Core Free Shipping 2015/04/08 23-48-5-108,FALSE,
551,171-4737030-9245958,4/30/2022,Shipped,Amazon,Amazon.in,Expedited,JNE3614,JNE3614-KR-M,kurta,M,B09811QMHB,Shipped,1,INR,459,Palampur,HIMACHAL PRADESH,176092,IN,IN Core Free Shipping 2015/04/08 23-48-5-108,FALSE,
552,402-3889665-2309117,4/30/2022,Shipped - Delivered to Buyer,Merchant,Amazon.in,Standard,J0201,J0201-TP-L,Top,L,B0965LLRJW,Shipped,1,INR,625,PUNE,MAHARASHTRA,411001,IN,Amazon PLCC Free-Financing Universal Merchant AAT-WNKTBO3K27EJC;Amazon PLCC Free-Financing Universal Merchant AAT-QX3UCCJESKPA2;Amazon PLCC Free-Financing Universal Merchant AAT-5QQ7BIYYQEDN2;Amazon PLCC Free-Financing Universal Merchant AAT-DSJ2QRXXWXVMQ;Amazon PLCC Free-Financing Universal Merchant AAT-CXJHMC2YJUK76;Amazon PLCC Free-Financing Universal Merchant AAT-CC4FAVTYR4X7C;Amazon PLCC Free-Financing Universal Merchant AAT-XXRCW6NZEPZI4;Amazon PLCC Free-Financing Universal Merchant AAT-CXNSLNBROFDW4;Amazon PLCC Free-Financing Universal Merchant AAT-WSJLDN3X7KEMO;Amazon PLCC Free-Financing Universal Merchant AAT-VL6FGQVGQVXUS;Amazon PLCC Free-Financing Universal Merchant AAT-EOKPWFWYW7Y6I;Amazon PLCC Free-Financing Universal Merchant AAT-ZYL5UPUNW6T62;Amazon PLCC Free-Financing Universal Merchant AAT-XVPICCHRWDCAI;Amazon PLCC Free-Financing Universal Merchant AAT-ETXQ3XXWMRXBG;Amazon PLCC Free-Financing Universal Merchant AAT-7X3XCTYG64VBE;Amazon PLCC Free-Financing Universal Merchant AAT-7CHGD3WTS3MHM;Amazon PLCC Free-Financing Universal Merchant AAT-26ZDKNME27X42;Amazon PLCC Free-Financing Universal Merchant AAT-4ZF5KN6E4LJK4;Amazon PLCC Free-Financing Universal Merchant AAT-7RCXIKUAX7DDY;Amazon PLCC Free-Financing Universal Merchant AAT-BRSZZ45H6MHAO;Amazon PLCC Free-Financing Universal Merchant AAT-MKLXOOZWQL7GO;Amazon PLCC Free-Financing Universal Merchant AAT-CB7UNXEXGIJTC;Amazon PLCC Free-Financing Universal Merchant #MP-gzasho-1593152694811;Amazon PLCC Free-Financing Universal Merchant AAT-WLBA4GZ52EAH4,FALSE,Easy Ship
553,404-0489249-5004350,4/30/2022,Shipped,Amazon,Amazon.in,Expedited,J0003,J0003-SET-XXXL,Set,3XL,B0894Y3VBB,Shipped,1,INR,654,KANPUR,UTTAR PRADESH,208017,IN,IN Core Free Shipping 2015/04/08 23-48-5-108,FALSE,
554,402-5795462-7785129,4/30/2022,Shipped,Amazon,Amazon.in,Expedited,JNE3405,JNE3405-KR-XL,kurta,XL,B081WT6GG7,Shipped,1,INR,399,MUMBAI,MAHARASHTRA,400074,IN,IN Core Free Shipping 2015/04/08 23-48-5-108,FALSE,
555,402-1771710-8988341,4/30/2022,Shipped,Amazon,Amazon.in,Expedited,SET201,SET201-KR-NP-A-XXL,Set,XXL,B08L93NLLX,Shipped,1,INR,595,CHENNAI,TAMIL NADU,600128,IN,IN Core Free Shipping 2015/04/08 23-48-5-108,FALSE,
556,407-8782240-5186712,4/30/2022,Shipped,Amazon,Amazon.in,Expedited,SET324,SET324-KR-NP-L,Set,L,B09NQ44RNV,Shipped,1,INR,597,NASHIK,MAHARASHTRA,422101,IN,IN Core Free Shipping 2015/04/08 23-48-5-108,FALSE,
557,406-1146171-5116306,4/30/2022,Shipped,Amazon,Amazon.in,Expedited,NW030,NW030-TP-PJ-XXL,Set,XXL,B09G2R8XLM,Shipped,1,INR,582,NEW DELHI,DELHI,110058,IN,IN Core Free Shipping 2015/04/08 23-48-5-108,FALSE,
558,405-4454054-5598720,4/30/2022,Shipped,Amazon,Amazon.in,Expedited,SET273,SET273-KR-NP-XXXL,Set,3XL,B094FR18C5,Shipped,1,INR,612,MUMBAI,MAHARASHTRA,400042,IN,IN Core Free Shipping 2015/04/08 23-48-5-108,FALSE,
559,405-0904566-9930731,4/30/2022,Shipped,Amazon,Amazon.in,Expedited,J0003,J0003-SET-M,Set,M,B0894XH3LN,Shipped,1,INR,654,GREATER NOIDA,UTTAR PRADESH,201308,IN,IN Core Free Shipping 2015/04/08 23-48-5-108,FALSE,
560,405-2826187-6916328,4/30/2022,Shipped - Delivered to Buyer,Merchant,Amazon.in,Standard,JNE3690,JNE3690-TU-L,Top,L,B094FKG8H7,Shipped,1,INR,518,NEW DELHI,DELHI,110075,IN,Amazon PLCC Free-Financing Universal Merchant AAT-WNKTBO3K27EJC;Amazon PLCC Free-Financing Universal Merchant AAT-QX3UCCJESKPA2;Amazon PLCC Free-Financing Universal Merchant AAT-5QQ7BIYYQEDN2;Amazon PLCC Free-Financing Universal Merchant AAT-DSJ2QRXXWXVMQ;Amazon PLCC Free-Financing Universal Merchant AAT-CXJHMC2YJUK76;Amazon PLCC Free-Financing Universal Merchant AAT-SL3Y2YRMAUNFC;Amazon PLCC Free-Financing Universal Merchant AAT-CC4FAVTYR4X7C;Amazon PLCC Free-Financing Universal Merchant AAT-XXRCW6NZEPZI4;Amazon PLCC Free-Financing Universal Merchant AAT-CXNSLNBROFDW4;Amazon PLCC Free-Financing Universal Merchant AAT-WSJLDN3X7KEMO;Amazon PLCC Free-Financing Universal Merchant AAT-VL6FGQVGQVXUS;Amazon PLCC Free-Financing Universal Merchant AAT-EOKPWFWYW7Y6I;Amazon PLCC Free-Financing Universal Merchant AAT-ZYL5UPUNW6T62;Amazon PLCC Free-Financing Universal Merchant AAT-XVPICCHRWDCAI;Amazon PLCC Free-Financing Universal Merchant AAT-ETXQ3XXWMRXBG;Amazon PLCC Free-Financing Universal Merchant AAT-7X3XCTYG64VBE;Amazon PLCC Free-Financing Universal Merchant AAT-7CHGD3WTS3MHM;Amazon PLCC Free-Financing Universal Merchant AAT-26ZDKNME27X42;Amazon PLCC Free-Financing Universal Merchant AAT-4ZF5KN6E4LJK4;Amazon PLCC Free-Financing Universal Merchant AAT-7RCXIKUAX7DDY;Amazon PLCC Free-Financing Universal Merchant AAT-BRSZZ45H6MHAO;Amazon PLCC Free-Financing Universal Merchant AAT-MKLXOOZWQL7GO;Amazon PLCC Free-Financing Universal Merchant AAT-CB7UNXEXGIJTC;Amazon PLCC Free-Financing Universal Merchant #MP-gzasho-1593152694811;Amazon PLCC Free-Financing Universal Merchant AAT-WLBA4GZ52EAH4,FALSE,Easy Ship
561,404-5926144-0737167,4/30/2022,Shipped,Amazon,Amazon.in,Expedited,J0247,J0247-SKD-S,Set,S,B09KXTGM1Y,Shipped,1,INR,820,PICHHORE SHIVPURI DISTRICT,MADHYA PRADESH,473995,IN,IN Core Free Shipping 2015/04/08 23-48-5-108,FALSE,
562,407-0010438-9058746,4/30/2022,Shipped,Amazon,Amazon.in,Expedited,SET347,SET347-KR-NP-XXXL,Set,3XL,B09RKF5R8S,Shipped,1,INR,801,LUCKNOW,UTTAR PRADESH,226025,IN,IN Core Free Shipping 2015/04/08 23-48-5-108,FALSE,
563,405-7730926-6032325,4/30/2022,Cancelled,Merchant,Amazon.in,Standard,J0386,J0386-KR-XXXL,kurta,3XL,B09YYLFCP2,,0,,,SIKANDARABAD INDUSTRIAL AREA,UTTAR PRADESH,203205,IN,,FALSE,Easy Ship
564,171-6907664-7672347,4/30/2022,Shipped,Amazon,Amazon.in,Expedited,JNE3405,JNE3405-KR-XL,kurta,XL,B081WT6GG7,Shipped,1,INR,399,MUMBAI,MAHARASHTRA,400098,IN,,FALSE,
565,404-0072596-3665116,4/30/2022,Shipped,Amazon,Amazon.in,Expedited,J0342,J0342-TP-L,Top,L,B099S9MMY4,Shipped,1,INR,540,THIRUVANANTHAPURAM,KERALA,695005,IN,IN Core Free Shipping 2015/04/08 23-48-5-108,FALSE,
566,406-8833813-9606757,4/30/2022,Shipped,Amazon,Amazon.in,Expedited,SET363,SET363-KR-NP-L,Set,L,B09TH68L97,Shipped,1,INR,1338,MAVELIKKARA,KERALA,690107,IN,IN Core Free Shipping 2015/04/08 23-48-5-108,FALSE,
567,408-3892272-6235562,4/30/2022,Shipped,Amazon,Amazon.in,Expedited,J0342,J0342-TP-M,Top,M,B099S91TCS,Shipped,1,INR,540,KOLKATA,WEST BENGAL,700022,IN,IN Core Free Shipping 2015/04/08 23-48-5-108,FALSE,
568,171-9584070-4172351,4/30/2022,Shipped,Amazon,Amazon.in,Expedited,J0198,J0198-TP-XXXL,Top,3XL,B0986XCKXN,Shipped,1,INR,625,HYDERABAD,TELANGANA,500032,IN,,FALSE,
569,402-1220435-6391519,4/30/2022,Shipped - Delivered to Buyer,Merchant,Amazon.in,Standard,JNE3500,JNE3500-KR-XXL,kurta,XXL,B09812JNRT,Shipped,1,INR,364,THANE,MAHARASHTRA,400615,IN,Amazon PLCC Free-Financing Universal Merchant AAT-WNKTBO3K27EJC;Amazon PLCC Free-Financing Universal Merchant AAT-QX3UCCJESKPA2;Amazon PLCC Free-Financing Universal Merchant AAT-5QQ7BIYYQEDN2;Amazon PLCC Free-Financing Universal Merchant AAT-DSJ2QRXXWXVMQ;Amazon PLCC Free-Financing Universal Merchant AAT-CXJHMC2YJUK76;Amazon PLCC Free-Financing Universal Merchant AAT-SL3Y2YRMAUNFC;Amazon PLCC Free-Financing Universal Merchant AAT-CC4FAVTYR4X7C;Amazon PLCC Free-Financing Universal Merchant AAT-XXRCW6NZEPZI4;Amazon PLCC Free-Financing Universal Merchant AAT-EOKPWFWYW7Y6I;Amazon PLCC Free-Financing Universal Merchant AAT-ZYL5UPUNW6T62;Amazon PLCC Free-Financing Universal Merchant AAT-ETXQ3XXWMRXBG;Amazon PLCC Free-Financing Universal Merchant AAT-7X3XCTYG64VBE;Amazon PLCC Free-Financing Universal Merchant AAT-7CHGD3WTS3MHM;Amazon PLCC Free-Financing Universal Merchant AAT-26ZDKNME27X42;Amazon PLCC Free-Financing Universal Merchant AAT-4ZF5KN6E4LJK4;Amazon PLCC Free-Financing Universal Merchant AAT-7RCXIKUAX7DDY;Amazon PLCC Free-Financing Universal Merchant AAT-TNYBHEAO7HOHO;Amazon PLCC Free-Financing Universal Merchant AAT-BRSZZ45H6MHAO;Amazon PLCC Free-Financing Universal Merchant AAT-MKLXOOZWQL7GO;Amazon PLCC Free-Financing Universal Merchant AAT-CB7UNXEXGIJTC;Amazon PLCC Free-Financing Universal Merchant #MP-gzasho-1593152694811;Amazon PLCC Free-Financing Universal Merchant AAT-WLBA4GZ52EAH4;Amazon PLCC Free-Financing Universal Merchant AAT-QMFZ3M7T5NPDS;Amazon PLCC Free-Financing Universal Merchant #MP-pmilan-1601980554292,FALSE,Easy Ship
570,404-5137687-4471546,4/30/2022,Shipped,Amazon,Amazon.in,Expedited,JNE3510,JNE3510-KR-XL,kurta,XL,B08WPZ1N4Z,Shipped,1,INR,429,BILASPUR,CHHATTISGARH,495001,IN,,FALSE,
571,171-0065908-0641927,4/30/2022,Cancelled,Amazon,Amazon.in,Expedited,J0005,J0005-DR-XXL,Western Dress,XXL,B08B3GTC12,Unshipped,1,INR,899,MYSURU,KARNATAKA,570001,IN,,FALSE,
572,403-3416641-9569165,4/30/2022,Cancelled,Amazon,Amazon.in,Expedited,J0003,J0003-SET-XXL,Set,XXL,B0894XKVH3,Cancelled,0,,,QADIAN,PUNJAB,143516,IN,,FALSE,
573,404-1694926-5861958,4/30/2022,Shipped,Amazon,Amazon.in,Expedited,SET360,SET360-KR-NP-XXL,Set,XXL,B09QJNWJJW,Shipped,1,INR,1126,BHUBANESWAR,ODISHA,751021,IN,IN Core Free Shipping 2015/04/08 23-48-5-108,FALSE,
574,402-5767256-6281114,4/30/2022,Shipped,Amazon,Amazon.in,Expedited,SET110,SET110-KR-PP-S,Set,S,B0822T2BM8,Shipped,1,INR,788,KALABURGI,KARNATAKA,585101,IN,IN Core Free Shipping 2015/04/08 23-48-5-108,FALSE,
575,403-3410267-0750719,4/30/2022,Shipped,Amazon,Amazon.in,Expedited,JNE3645,JNE3645-TP-N-XS,Top,XS,B08ZJ2CB3B,Shipped,1,INR,432,NAGPUR,MAHARASHTRA,440003,IN,IN Core Free Shipping 2015/04/08 23-48-5-108,FALSE,
576,403-9122678-2549117,4/30/2022,Shipped,Amazon,Amazon.in,Expedited,JNE3373,JNE3373-KR-XXL,kurta,XXL,B082W8RWN1,Shipped,1,INR,376,Rangareddy,TELANGANA,509327,IN,,FALSE,
577,402-7676083-2016323,4/30/2022,Shipped,Amazon,Amazon.in,Expedited,JNE3797,JNE3797-KR-M,Western Dress,M,B09SDY8DCT,Shipped,1,INR,725,HYDERABAD,TELANGANA,500089,IN,IN Core Free Shipping 2015/04/08 23-48-5-108,FALSE,
578,404-7830524-8312347,4/30/2022,Shipped,Amazon,Amazon.in,Expedited,J0341,J0341-DR-S,Western Dress,S,B099NR7612,Shipped,1,INR,744,HYDERABAD,TELANGANA,500013,IN,IN Core Free Shipping 2015/04/08 23-48-5-108,FALSE,
579,402-5917367-0340362,4/30/2022,Shipped - Delivered to Buyer,Merchant,Amazon.in,Standard,J0416,J0416-DR-S,Western Dress,S,B09TXYX9Y8,Shipped,1,INR,825,Ahmedabad,Gujarat,380054,IN,Amazon PLCC Free-Financing Universal Merchant AAT-WNKTBO3K27EJC;Amazon PLCC Free-Financing Universal Merchant AAT-QX3UCCJESKPA2;Amazon PLCC Free-Financing Universal Merchant AAT-5QQ7BIYYQEDN2;Amazon PLCC Free-Financing Universal Merchant AAT-DSJ2QRXXWXVMQ;Amazon PLCC Free-Financing Universal Merchant AAT-CXJHMC2YJUK76;Amazon PLCC Free-Financing Universal Merchant AAT-CC4FAVTYR4X7C;Amazon PLCC Free-Financing Universal Merchant AAT-XXRCW6NZEPZI4;Amazon PLCC Free-Financing Universal Merchant AAT-EOKPWFWYW7Y6I;Amazon PLCC Free-Financing Universal Merchant AAT-ZYL5UPUNW6T62;Amazon PLCC Free-Financing Universal Merchant AAT-ETXQ3XXWMRXBG;Amazon PLCC Free-Financing Universal Merchant AAT-7X3XCTYG64VBE;Amazon PLCC Free-Financing Universal Merchant AAT-7CHGD3WTS3MHM;Amazon PLCC Free-Financing Universal Merchant AAT-26ZDKNME27X42;Amazon PLCC Free-Financing Universal Merchant AAT-4ZF5KN6E4LJK4;Amazon PLCC Free-Financing Universal Merchant AAT-7RCXIKUAX7DDY;VPC-44571-41445527 Coupon;Amazon PLCC Free-Financing Universal Merchant AAT-BRSZZ45H6MHAO;Amazon PLCC Free-Financing Universal Merchant AAT-MKLXOOZWQL7GO;Amazon PLCC Free-Financing Universal Merchant AAT-CB7UNXEXGIJTC;Amazon PLCC Free-Financing Universal Merchant #MP-gzasho-1593152694811;Amazon PLCC Free-Financing Universal Merchant AAT-WLBA4GZ52EAH4,FALSE,Easy Ship
580,408-7154712-8009957,4/30/2022,Shipped,Amazon,Amazon.in,Expedited,JNE3405,JNE3405-KR-XL,kurta,XL,B081WT6GG7,Shipped,1,INR,399,CHENNAI,TAMIL NADU,600063,IN,IN Core Free Shipping 2015/04/08 23-48-5-108,FALSE,
581,402-6250862-8853945,4/30/2022,Shipped,Amazon,Amazon.in,Expedited,SET310,SET310-KR-NP-XXL,Set,XXL,B09RKDLD1W,Shipped,1,INR,1213,DHARMANAGAR,TRIPURA,799250,IN,IN Core Free Shipping 2015/04/08 23-48-5-108,FALSE,
582,406-0002738-2742749,4/30/2022,Shipped,Amazon,Amazon.in,Expedited,SET188,SET188-KR-NP-XS,Set,XS,B08KRNQ6VJ,Shipped,1,INR,680,JAIPUR,RAJASTHAN,302012,IN,IN Core Free Shipping 2015/04/08 23-48-5-108,FALSE,
583,403-6658095-6765934,4/30/2022,Shipped - Delivered to Buyer,Merchant,Amazon.in,Standard,J0096,J0096-KR-XS,kurta,XS,B089FZXRFW,Shipped,1,INR,568,Jhajjar,HARYANA,124103,IN,Amazon PLCC Free-Financing Universal Merchant AAT-WNKTBO3K27EJC;Amazon PLCC Free-Financing Universal Merchant AAT-QX3UCCJESKPA2;Amazon PLCC Free-Financing Universal Merchant AAT-5QQ7BIYYQEDN2;Amazon PLCC Free-Financing Universal Merchant AAT-DSJ2QRXXWXVMQ;Amazon PLCC Free-Financing Universal Merchant AAT-CXJHMC2YJUK76;Amazon PLCC Free-Financing Universal Merchant AAT-CC4FAVTYR4X7C;Amazon PLCC Free-Financing Universal Merchant AAT-XXRCW6NZEPZI4;Amazon PLCC Free-Financing Universal Merchant AAT-EOKPWFWYW7Y6I;Amazon PLCC Free-Financing Universal Merchant AAT-ZYL5UPUNW6T62;Amazon PLCC Free-Financing Universal Merchant AAT-ETXQ3XXWMRXBG;Amazon PLCC Free-Financing Universal Merchant AAT-7X3XCTYG64VBE;Amazon PLCC Free-Financing Universal Merchant AAT-7CHGD3WTS3MHM;Amazon PLCC Free-Financing Universal Merchant AAT-26ZDKNME27X42;Amazon PLCC Free-Financing Universal Merchant AAT-4ZF5KN6E4LJK4;Amazon PLCC Free-Financing Universal Merchant AAT-7RCXIKUAX7DDY;Amazon PLCC Free-Financing Universal Merchant AAT-BRSZZ45H6MHAO;Amazon PLCC Free-Financing Universal Merchant AAT-MKLXOOZWQL7GO;Amazon PLCC Free-Financing Universal Merchant AAT-CB7UNXEXGIJTC;Amazon PLCC Free-Financing Universal Merchant #MP-gzasho-1593152694811;Amazon PLCC Free-Financing Universal Merchant AAT-WLBA4GZ52EAH4,FALSE,Easy Ship
584,402-7304691-3952343,4/30/2022,Shipped,Amazon,Amazon.in,Expedited,SET323,SET323-KR-NP-XXL,Set,XXL,B09NDKZQWW,Shipped,1,INR,939,HYDERABAD,TELANGANA,500005,IN,,FALSE,
585,407-6959497-7065133,4/30/2022,Shipped,Amazon,Amazon.in,Expedited,J0300,J0300-TP-XXXL,Top,3XL,B099S7RDLZ,Shipped,1,INR,279,BENGALURU,KARNATAKA,560105,IN,,FALSE,
586,406-0117804-3287554,4/30/2022,Shipped,Amazon,Amazon.in,Expedited,PJNE3405,PJNE3405-KR-N-5XL,kurta,5XL,B09LD3PCNY,Shipped,1,INR,487,JAMSHEDPUR,JHARKHAND,831005,IN,,FALSE,
587,407-9183800-1013951,4/30/2022,Shipped,Amazon,Amazon.in,Expedited,PJNE2100,PJNE2100-KR-N-5XL,kurta,5XL,B09LD59CMC,Shipped,1,INR,458,VADODARA,Gujarat,390016,IN,IN Core Free Shipping 2015/04/08 23-48-5-108,FALSE,
588,405-0930056-6437111,4/30/2022,Shipped,Amazon,Amazon.in,Expedited,PJNE3068,PJNE3068-KR-5XL,kurta,5XL,B09M768PCX,Shipped,1,INR,692,MEERUT,UTTAR PRADESH,250001,IN,IN Core Free Shipping 2015/04/08 23-48-5-108,FALSE,
589,405-7472210-7516334,4/30/2022,Shipped,Amazon,Amazon.in,Expedited,J0196,J0196-TP-XXL,Top,XXL,B094FK6BKH,Shipped,1,INR,469,HYDERABAD,TELANGANA,500089,IN,IN Core Free Shipping 2015/04/08 23-48-5-108,FALSE,
590,408-4366006-6437145,4/30/2022,Shipped,Amazon,Amazon.in,Expedited,JNE3405,JNE3405-KR-XXXL,kurta,3XL,B081WZ4T3V,Shipped,1,INR,399,GHAZIABAD,UTTAR PRADESH,201012,IN,Duplicated AYTJSBA8ZOP16 1567159860988,FALSE,
591,403-3676854-5721945,4/30/2022,Shipped,Amazon,Amazon.in,Expedited,SET187,SET187-KR-DH-XL,Set,XL,B08B415N6S,Shipped,1,INR,599,GORAKHPUR,UTTAR PRADESH,273004,IN,IN Core Free Shipping 2015/04/08 23-48-5-108,FALSE,
592,408-6618566-0057120,4/30/2022,Shipped,Amazon,Amazon.in,Expedited,SET389,SET389-KR-NP-XL,Set,XL,B09KXW4WQC,Shipped,1,INR,680,MUDBIDRI,KARNATAKA,574227,IN,IN Core Free Shipping 2015/04/08 23-48-5-108,FALSE,
593,171-7822891-4076363,4/30/2022,Cancelled,Amazon,Amazon.in,Expedited,J0008,J0008-SKD-XL,Set,XL,B0894X711G,Cancelled,0,,,VASCO DA GAMA,GOA,403802,IN,,FALSE,
594,406-3015774-3032307,4/30/2022,Shipped,Amazon,Amazon.in,Expedited,SAR040,SAR040,Saree,Free,B09J19LG67,Shipped,1,INR,989,NADIAD,Gujarat,387001,IN,,FALSE,
595,407-8925293-2306747,4/30/2022,Shipped - Delivered to Buyer,Merchant,Amazon.in,Standard,J0372,J0372-SKD-L,Set,L,B09K3T3BV4,Shipped,1,INR,1099,Janipur,JAMMU & KASHMIR,180007,IN,Amazon PLCC Free-Financing Universal Merchant AAT-WNKTBO3K27EJC;Amazon PLCC Free-Financing Universal Merchant AAT-QX3UCCJESKPA2;Amazon PLCC Free-Financing Universal Merchant AAT-5QQ7BIYYQEDN2;Amazon PLCC Free-Financing Universal Merchant AAT-DSJ2QRXXWXVMQ;Amazon PLCC Free-Financing Universal Merchant AAT-CXJHMC2YJUK76;Amazon PLCC Free-Financing Universal Merchant AAT-CC4FAVTYR4X7C;Amazon PLCC Free-Financing Universal Merchant AAT-XXRCW6NZEPZI4;Amazon PLCC Free-Financing Universal Merchant AAT-CXNSLNBROFDW4;Amazon PLCC Free-Financing Universal Merchant AAT-WSJLDN3X7KEMO;Amazon PLCC Free-Financing Universal Merchant AAT-VL6FGQVGQVXUS;Amazon PLCC Free-Financing Universal Merchant AAT-EOKPWFWYW7Y6I;Amazon PLCC Free-Financing Universal Merchant AAT-ZYL5UPUNW6T62;Amazon PLCC Free-Financing Universal Merchant AAT-XVPICCHRWDCAI;Amazon PLCC Free-Financing Universal Merchant AAT-ETXQ3XXWMRXBG;Amazon PLCC Free-Financing Universal Merchant AAT-7X3XCTYG64VBE;Amazon PLCC Free-Financing Universal Merchant AAT-7CHGD3WTS3MHM;Amazon PLCC Free-Financing Universal Merchant AAT-26ZDKNME27X42;Amazon PLCC Free-Financing Universal Merchant AAT-4ZF5KN6E4LJK4;Amazon PLCC Free-Financing Universal Merchant AAT-7RCXIKUAX7DDY;Amazon PLCC Free-Financing Universal Merchant AAT-BRSZZ45H6MHAO;Amazon PLCC Free-Financing Universal Merchant AAT-MKLXOOZWQL7GO;Amazon PLCC Free-Financing Universal Merchant AAT-CB7UNXEXGIJTC;Amazon PLCC Free-Financing Universal Merchant #MP-gzasho-1593152694811;Amazon PLCC Free-Financing Universal Merchant AAT-WLBA4GZ52EAH4,FALSE,Easy Ship
596,402-7386453-2621962,4/30/2022,Shipped,Amazon,Amazon.in,Expedited,J0157,J0157-DR-S,Western Dress,S,B0982ZDZ8K,Shipped,1,INR,588,Nagpur,MAHARASHTRA,440015,IN,IN Core Free Shipping 2015/04/08 23-48-5-108,FALSE,
597,405-7939580-3974740,4/30/2022,Cancelled,Amazon,Amazon.in,Expedited,J0376,J0376-SKD-S,Set,S,B09QJ3BDVW,Unshipped,1,INR,999,GHAZIABAD,UTTAR PRADESH,201009,IN,,FALSE,
598,402-1304000-3677964,4/30/2022,Shipped,Amazon,Amazon.in,Expedited,JNE3518,JNE3518-KR-M,kurta,M,B08XW581QN,Shipped,1,INR,487,HYDERABAD,TELANGANA,500006,IN,,FALSE,
599,403-7294367-8346767,4/30/2022,Shipped,Amazon,Amazon.in,Expedited,J0095,J0095-SET-XXXL,Set,3XL,B08CMV6SCJ,Shipped,1,INR,653,VISAKHAPATNAM,ANDHRA PRADESH,530027,IN,IN Core Free Shipping 2015/04/08 23-48-5-108,FALSE,
600,403-7294367-8346767,4/30/2022,Shipped,Amazon,Amazon.in,Expedited,NW004,NW004-TP-PJ-XXXL,Set,3XL,B0922T745K,Shipped,1,INR,496,VISAKHAPATNAM,ANDHRA PRADESH,530027,IN,IN Core Free Shipping 2015/04/08 23-48-5-108,FALSE,
601,406-3069661-8992322,4/30/2022,Shipped,Amazon,Amazon.in,Expedited,J0167,J0167-KR-S,kurta,S,B08QGPXDMY,Shipped,1,INR,319,KANPURKanpur,UTTAR PRADESH,208013,IN,IN Core Free Shipping 2015/04/08 23-48-5-108,FALSE,
602,405-6917473-7822701,4/30/2022,Cancelled,Amazon,Amazon.in,Expedited,SET374,SET374-KR-NP-XXXL,Set,3XL,B09NDHQMKC,Cancelled,0,,,HYDERABAD,TELANGANA,500098,IN,,FALSE,
603,405-2853362-9249968,4/30/2022,Shipped,Amazon,Amazon.in,Expedited,J0230,J0230-SKD-S,Set,S,B08XNJ19QH,Shipped,1,INR,1112,BENGALURU,KARNATAKA,560064,IN,,FALSE,
604,408-5685967-2798764,4/30/2022,Shipped,Amazon,Amazon.in,Expedited,JNE3465,JNE3465-KR-S,kurta,S,B08BF4GQ9V,Shipped,1,INR,517,Hamirpur,UTTAR PRADESH,210504,IN,IN Core Free Shipping 2015/04/08 23-48-5-108,FALSE,
605,407-1521483-6236364,4/30/2022,Shipped,Amazon,Amazon.in,Expedited,SET331,SET331-KR-NP-M,Set,M,B09NQ3TN2T,Shipped,1,INR,597,CHENNAI,TAMIL NADU,600086,IN,IN Core Free Shipping 2015/04/08 23-48-5-108,FALSE,
606,407-3192826-3199543,4/30/2022,Shipped,Amazon,Amazon.in,Expedited,SET356,SET356-KR-NP-L,Set,L,B09QJ484TV,Shipped,1,INR,1099,AMRITSAR,PUNJAB,143001,IN,IN Core Free Shipping 2015/04/08 23-48-5-108,FALSE,
607,405-6680529-6046716,4/30/2022,Shipped,Amazon,Amazon.in,Expedited,JNE3618,JNE3618-KR-M,kurta,M,B091Q9Q34N,Shipped,1,INR,375,NEW DELHI,DELHI,110039,IN,,FALSE,
608,407-3789221-2643524,4/30/2022,Shipped,Amazon,Amazon.in,Expedited,JNE3465,JNE3465-KR-XXXL,kurta,3XL,B08BFVXK6N,Shipped,1,INR,517,COIMBATORE,TAMIL NADU,641037,IN,,FALSE,
609,171-0201364-0214715,4/30/2022,Shipped,Amazon,Amazon.in,Expedited,SET293,SET293-KR-NP-XXL,Set,XXL,B09K3QVXBS,Shipped,1,INR,692,PALI,RAJASTHAN,306401,IN,IN Core Free Shipping 2015/04/08 23-48-5-108,FALSE,
610,404-5782230-8762723,4/30/2022,Shipped,Amazon,Amazon.in,Expedited,JNE3465,JNE3465-KR-XXL,kurta,XXL,B08BFT4ZKX,Shipped,1,INR,486,BASSEIN,MAHARASHTRA,401201,IN,IN Core Free Shipping 2015/04/08 23-48-5-108,FALSE,
611,404-2222453-6739538,4/30/2022,Shipped - Delivered to Buyer,Merchant,Amazon.in,Standard,SET375,SET375-KR-NP-XXL,Set,XXL,B09RKDDLL2,Shipped,1,INR,696,BASSEIN,MAHARASHTRA,401201,IN,Amazon PLCC Free-Financing Universal Merchant AAT-WNKTBO3K27EJC;Amazon PLCC Free-Financing Universal Merchant AAT-QX3UCCJESKPA2;Amazon PLCC Free-Financing Universal Merchant AAT-5QQ7BIYYQEDN2;Amazon PLCC Free-Financing Universal Merchant AAT-DSJ2QRXXWXVMQ;Amazon PLCC Free-Financing Universal Merchant AAT-CXJHMC2YJUK76;Amazon PLCC Free-Financing Universal Merchant AAT-CC4FAVTYR4X7C;Amazon PLCC Free-Financing Universal Merchant AAT-XXRCW6NZEPZI4;Amazon PLCC Free-Financing Universal Merchant AAT-EOKPWFWYW7Y6I;Amazon PLCC Free-Financing Universal Merchant AAT-ZYL5UPUNW6T62;Amazon PLCC Free-Financing Universal Merchant AAT-ETXQ3XXWMRXBG;Amazon PLCC Free-Financing Universal Merchant AAT-7X3XCTYG64VBE;Amazon PLCC Free-Financing Universal Merchant AAT-7CHGD3WTS3MHM;Amazon PLCC Free-Financing Universal Merchant AAT-26ZDKNME27X42;Amazon PLCC Free-Financing Universal Merchant AAT-4ZF5KN6E4LJK4;Amazon PLCC Free-Financing Universal Merchant AAT-7RCXIKUAX7DDY;Amazon PLCC Free-Financing Universal Merchant AAT-BRSZZ45H6MHAO;Amazon PLCC Free-Financing Universal Merchant AAT-MKLXOOZWQL7GO;Amazon PLCC Free-Financing Universal Merchant AAT-CB7UNXEXGIJTC;Amazon PLCC Free-Financing Universal Merchant #MP-gzasho-1593152694811;Amazon PLCC Free-Financing Universal Merchant AAT-WLBA4GZ52EAH4;Amazon PLCC Free-Financing Universal Merchant #MP-pmilan-1601980554292,FALSE,Easy Ship
612,408-7009060-8830716,4/30/2022,Shipped,Amazon,Amazon.in,Expedited,SET398,SET398-KR-PP-M,Set,M,B09RPRS8JL,Shipped,1,INR,1115,THIRUVALLA,KERALA,689101,IN,IN Core Free Shipping 2015/04/08 23-48-5-108,FALSE,
613,402-3663529-2350713,4/30/2022,Shipped,Amazon,Amazon.in,Expedited,SET324,SET324-KR-NP-S,Set,S,B09NQ4CZ65,Shipped,1,INR,597,GORAKHPUR,UTTAR PRADESH,273004,IN,IN Core Free Shipping 2015/04/08 23-48-5-108,FALSE,
614,406-6439645-8186752,4/30/2022,Shipped,Amazon,Amazon.in,Expedited,SET398,SET398-KR-PP-M,Set,M,B09RPRS8JL,Shipped,1,INR,1115,IMPHAL,MANIPUR,795113,IN,IN Core Free Shipping 2015/04/08 23-48-5-108,FALSE,
615,407-1487637-6585969,4/30/2022,Cancelled,Amazon,Amazon.in,Expedited,JNE3470,JNE3470-KR-XS,kurta,XS,B08W9G1YSB,Unshipped,1,INR,329,VELLORE,TAMIL NADU,632004,IN,,FALSE,
616,407-0632004-8093157,4/30/2022,Cancelled,Amazon,Amazon.in,Expedited,JNE3619,JNE3619-KR-XS,kurta,XS,B091Q8BKLW,Unshipped,1,INR,318,VELLORE,TAMIL NADU,632004,IN,,FALSE,
617,402-9211704-8331565,4/30/2022,Shipped - Delivered to Buyer,Merchant,Amazon.in,Standard,JNE3273,JNE3273-KR-XXL,kurta,XXL,B07R5X9V7R,Shipped,1,INR,499,AMBASAMUDRAM,TAMIL NADU,627401,IN,Amazon PLCC Free-Financing Universal Merchant AAT-WNKTBO3K27EJC;Amazon PLCC Free-Financing Universal Merchant AAT-QX3UCCJESKPA2;Amazon PLCC Free-Financing Universal Merchant AAT-5QQ7BIYYQEDN2;Amazon PLCC Free-Financing Universal Merchant AAT-DSJ2QRXXWXVMQ;Amazon PLCC Free-Financing Universal Merchant AAT-CXJHMC2YJUK76;Amazon PLCC Free-Financing Universal Merchant AAT-SL3Y2YRMAUNFC;Amazon PLCC Free-Financing Universal Merchant AAT-CC4FAVTYR4X7C;Amazon PLCC Free-Financing Universal Merchant AAT-XXRCW6NZEPZI4;Amazon PLCC Free-Financing Universal Merchant AAT-CXNSLNBROFDW4;Amazon PLCC Free-Financing Universal Merchant AAT-WSJLDN3X7KEMO;Amazon PLCC Free-Financing Universal Merchant AAT-VL6FGQVGQVXUS;Amazon PLCC Free-Financing Universal Merchant AAT-EOKPWFWYW7Y6I;Amazon PLCC Free-Financing Universal Merchant AAT-ZYL5UPUNW6T62;Amazon PLCC Free-Financing Universal Merchant AAT-ETXQ3XXWMRXBG;Amazon PLCC Free-Financing Universal Merchant AAT-7X3XCTYG64VBE;Amazon PLCC Free-Financing Universal Merchant AAT-7CHGD3WTS3MHM;Amazon PLCC Free-Financing Universal Merchant AAT-26ZDKNME27X42;Amazon PLCC Free-Financing Universal Merchant AAT-4ZF5KN6E4LJK4;Amazon PLCC Free-Financing Universal Merchant AAT-7RCXIKUAX7DDY;Amazon PLCC Free-Financing Universal Merchant AAT-BRSZZ45H6MHAO;Amazon PLCC Free-Financing Universal Merchant AAT-MKLXOOZWQL7GO;Amazon PLCC Free-Financing Universal Merchant AAT-CB7UNXEXGIJTC;Amazon PLCC Free-Financing Universal Merchant #MP-gzasho-1593152694811;Amazon PLCC Free-Financing Universal Merchant AAT-WLBA4GZ52EAH4,FALSE,Easy Ship
618,402-3020801-9225151,4/30/2022,Cancelled,Amazon,Amazon.in,Expedited,SET331,SET331-KR-NP-L,Set,L,B09NQ4XYV9,Unshipped,1,INR,597,Pathanamthitta,KERALA,689698,IN,,FALSE,
619,403-3917470-4280308,4/30/2022,Shipped - Delivered to Buyer,Merchant,Amazon.in,Standard,JNE3518,JNE3518-KR-XL,kurta,XL,B08XW66LTH,Shipped,1,INR,487,Chennai,TAMIL NADU,600002,IN,Amazon PLCC Free-Financing Universal Merchant AAT-WNKTBO3K27EJC;Amazon PLCC Free-Financing Universal Merchant AAT-QX3UCCJESKPA2;Amazon PLCC Free-Financing Universal Merchant AAT-5QQ7BIYYQEDN2;Amazon PLCC Free-Financing Universal Merchant AAT-DSJ2QRXXWXVMQ;Amazon PLCC Free-Financing Universal Merchant AAT-CXJHMC2YJUK76;Amazon PLCC Free-Financing Universal Merchant AAT-SL3Y2YRMAUNFC;Amazon PLCC Free-Financing Universal Merchant AAT-CC4FAVTYR4X7C;Amazon PLCC Free-Financing Universal Merchant AAT-XXRCW6NZEPZI4;Amazon PLCC Free-Financing Universal Merchant AAT-EOKPWFWYW7Y6I;Amazon PLCC Free-Financing Universal Merchant AAT-ZYL5UPUNW6T62;Amazon PLCC Free-Financing Universal Merchant AAT-ETXQ3XXWMRXBG;Amazon PLCC Free-Financing Universal Merchant AAT-7X3XCTYG64VBE;Amazon PLCC Free-Financing Universal Merchant AAT-7CHGD3WTS3MHM;Amazon PLCC Free-Financing Universal Merchant AAT-26ZDKNME27X42;Amazon PLCC Free-Financing Universal Merchant AAT-4ZF5KN6E4LJK4;Amazon PLCC Free-Financing Universal Merchant AAT-7RCXIKUAX7DDY;Amazon PLCC Free-Financing Universal Merchant AAT-BRSZZ45H6MHAO;Amazon PLCC Free-Financing Universal Merchant AAT-MKLXOOZWQL7GO;Amazon PLCC Free-Financing Universal Merchant AAT-CB7UNXEXGIJTC;Amazon PLCC Free-Financing Universal Merchant #MP-gzasho-1593152694811;Amazon PLCC Free-Financing Universal Merchant AAT-WLBA4GZ52EAH4,FALSE,Easy Ship
620,403-3917470-4280308,4/30/2022,Shipped - Delivered to Buyer,Merchant,Amazon.in,Standard,JNE3476,JNE3476-KR-XL,kurta,XL,B08B3YSLXV,Shipped,1,INR,363,Chennai,TAMIL NADU,600002,IN,Amazon PLCC Free-Financing Universal Merchant AAT-WNKTBO3K27EJC;Amazon PLCC Free-Financing Universal Merchant AAT-QX3UCCJESKPA2;Amazon PLCC Free-Financing Universal Merchant AAT-5QQ7BIYYQEDN2;Amazon PLCC Free-Financing Universal Merchant AAT-DSJ2QRXXWXVMQ;Amazon PLCC Free-Financing Universal Merchant AAT-CXJHMC2YJUK76;Amazon PLCC Free-Financing Universal Merchant AAT-SL3Y2YRMAUNFC;Amazon PLCC Free-Financing Universal Merchant AAT-CC4FAVTYR4X7C;Amazon PLCC Free-Financing Universal Merchant AAT-XXRCW6NZEPZI4;Amazon PLCC Free-Financing Universal Merchant AAT-EOKPWFWYW7Y6I;Amazon PLCC Free-Financing Universal Merchant AAT-ZYL5UPUNW6T62;Amazon PLCC Free-Financing Universal Merchant AAT-ETXQ3XXWMRXBG;Amazon PLCC Free-Financing Universal Merchant AAT-7X3XCTYG64VBE;Amazon PLCC Free-Financing Universal Merchant AAT-7CHGD3WTS3MHM;Amazon PLCC Free-Financing Universal Merchant AAT-26ZDKNME27X42;Amazon PLCC Free-Financing Universal Merchant AAT-4ZF5KN6E4LJK4;Amazon PLCC Free-Financing Universal Merchant AAT-7RCXIKUAX7DDY;Amazon PLCC Free-Financing Universal Merchant AAT-BRSZZ45H6MHAO;Amazon PLCC Free-Financing Universal Merchant AAT-MKLXOOZWQL7GO;Amazon PLCC Free-Financing Universal Merchant AAT-CB7UNXEXGIJTC;Amazon PLCC Free-Financing Universal Merchant #MP-gzasho-1593152694811;Amazon PLCC Free-Financing Universal Merchant AAT-WLBA4GZ52EAH4,FALSE,Easy Ship
621,171-2628906-0061939,4/30/2022,Shipped,Amazon,Amazon.in,Expedited,JNE3738,JNE3738-KR-XXXL,kurta,3XL,B099NMKP4M,Shipped,1,INR,459,NEW DELHI,DELHI,110092,IN,,FALSE,
622,406-3009249-7653118,4/30/2022,Shipped,Amazon,Amazon.in,Expedited,JNE3465,JNE3465-KR-XS,kurta,XS,B08BFCPV5R,Shipped,1,INR,486,Vizianagaram,ANDHRA PRADESH,535002,IN,,FALSE,
623,171-6395980-8828309,4/30/2022,Shipped,Amazon,Amazon.in,Expedited,JNE3463,JNE3463-KR-XXXL,kurta,3XL,B08RP3HQH3,Shipped,1,INR,568,CHITTOOR district,ANDHRA PRADESH,517113,IN,,FALSE,
624,404-1435490-1121140,4/30/2022,Shipped - Delivered to Buyer,Merchant,Amazon.in,Standard,MEN5032,MEN5032-KR-XXL,kurta,XXL,B08YZ138QZ,Shipped,1,INR,562,BENGALURU,KARNATAKA,560078,IN,Amazon PLCC Free-Financing Universal Merchant AAT-WNKTBO3K27EJC;Amazon PLCC Free-Financing Universal Merchant AAT-QX3UCCJESKPA2;Amazon PLCC Free-Financing Universal Merchant AAT-5QQ7BIYYQEDN2;Amazon PLCC Free-Financing Universal Merchant AAT-DSJ2QRXXWXVMQ;Amazon PLCC Free-Financing Universal Merchant AAT-CXJHMC2YJUK76;Amazon PLCC Free-Financing Universal Merchant AAT-SL3Y2YRMAUNFC;Amazon PLCC Free-Financing Universal Merchant AAT-CC4FAVTYR4X7C;Amazon PLCC Free-Financing Universal Merchant AAT-XXRCW6NZEPZI4;Amazon PLCC Free-Financing Universal Merchant AAT-EOKPWFWYW7Y6I;Amazon PLCC Free-Financing Universal Merchant AAT-ZYL5UPUNW6T62;Amazon PLCC Free-Financing Universal Merchant AAT-ETXQ3XXWMRXBG;Amazon PLCC Free-Financing Universal Merchant AAT-7X3XCTYG64VBE;Amazon PLCC Free-Financing Universal Merchant AAT-7CHGD3WTS3MHM;Amazon PLCC Free-Financing Universal Merchant AAT-26ZDKNME27X42;Amazon PLCC Free-Financing Universal Merchant AAT-4ZF5KN6E4LJK4;Amazon PLCC Free-Financing Universal Merchant AAT-7RCXIKUAX7DDY;Amazon PLCC Free-Financing Universal Merchant AAT-BRSZZ45H6MHAO;Amazon PLCC Free-Financing Universal Merchant AAT-MKLXOOZWQL7GO;Amazon PLCC Free-Financing Universal Merchant AAT-CB7UNXEXGIJTC;Amazon PLCC Free-Financing Universal Merchant #MP-gzasho-1593152694811;Amazon PLCC Free-Financing Universal Merchant AAT-WLBA4GZ52EAH4,FALSE,Easy Ship
625,402-7913336-9467565,4/30/2022,Shipped,Amazon,Amazon.in,Expedited,SET380,SET380-KR-NP-L,Set,L,B09QJ3T2Z4,Shipped,1,INR,995,RAE BARELI,UTTAR PRADESH,229001,IN,IN Core Free Shipping 2015/04/08 23-48-5-108,FALSE,
626,408-7264030-5002700,4/30/2022,Cancelled,Amazon,Amazon.in,Expedited,J0230,J0230-SKD-M,Set,M,B08XNJG8B1,Unshipped,1,INR,1112,Benipur,BIHAR,847201,IN,,FALSE,
627,408-9019983-8862750,4/30/2022,Shipped,Amazon,Amazon.in,Expedited,SET324,SET324-KR-NP-XXXL,Set,3XL,B09NQ51MPV,Shipped,1,INR,635,NEW DELHI,DELHI,110092,IN,,FALSE,
628,405-1990663-9192363,4/30/2022,Shipped,Amazon,Amazon.in,Expedited,JNE3405,JNE3405-KR-L,kurta,L,B081WSCKPQ,Shipped,1,INR,399,KHATIMA,UTTARAKHAND,262308,IN,,FALSE,
629,403-5876876-0701925,4/30/2022,Shipped,Amazon,Amazon.in,Expedited,JNE3461,JNE3461-KR-XL,kurta,XL,B08B3YPXKZ,Shipped,1,INR,363,ERODE,TAMIL NADU,638005,IN,IN Core Free Shipping 2015/04/08 23-48-5-108,FALSE,
630,405-1437048-4974713,4/30/2022,Cancelled,Amazon,Amazon.in,Expedited,SET324,SET324-KR-NP-XS,Set,XS,B09NQ4DD29,Cancelled,0,,,BOKARO STEEL CITY,JHARKHAND,827012,IN,,FALSE,
631,402-9348518-5984354,4/30/2022,Cancelled,Amazon,Amazon.in,Expedited,JNE3611,JNE3611-KR-XXXL,kurta,3XL,B08XVRKF6V,Cancelled,0,,,JAIPUR,RAJASTHAN,303905,IN,,FALSE,
632,402-9348518-5984354,4/30/2022,Cancelled,Amazon,Amazon.in,Expedited,JNE3461,JNE3461-KR-XXL,kurta,XXL,B08B3XF5MH,Cancelled,0,,,JAIPUR,RAJASTHAN,303905,IN,,FALSE,
633,406-8892825-4377127,4/30/2022,Cancelled,Amazon,Amazon.in,Expedited,SET388,SET388-KR-NP-L,Set,L,B09QJLFDRK,Cancelled,0,,,GURUGRAM,HARYANA,122002,IN,,FALSE,
634,406-7955475-7819507,4/30/2022,Shipped,Amazon,Amazon.in,Expedited,JNE3784,JNE3784-KR-M,kurta,M,B09K3Y42F5,Shipped,1,INR,458,BENGALURU,KARNATAKA,560076,IN,,FALSE,
635,405-6675358-3715504,4/30/2022,Shipped,Amazon,Amazon.in,Expedited,SET114,SET114-KR-PP-XS,Set,XS,B0822T4BP8,Shipped,1,INR,597,Ulhasnagar,MAHARASHTRA,421001,IN,,FALSE,
636,171-7920358-6691543,4/30/2022,Shipped,Amazon,Amazon.in,Expedited,SET331,SET331-KR-NP-L,Set,L,B09NQ4XYV9,Shipped,1,INR,597,BENGALURU,KARNATAKA,560100,IN,,FALSE,
637,406-7722012-4093964,4/30/2022,Shipped - Delivered to Buyer,Merchant,Amazon.in,Standard,J0385,J0385-KR-M,kurta,M,B09YYNG98D,Shipped,1,INR,1249,INDORE,MADHYA PRADESH,452010,IN,Amazon PLCC Free-Financing Universal Merchant AAT-WNKTBO3K27EJC;Amazon PLCC Free-Financing Universal Merchant AAT-QX3UCCJESKPA2;Amazon PLCC Free-Financing Universal Merchant AAT-5QQ7BIYYQEDN2;Amazon PLCC Free-Financing Universal Merchant AAT-DSJ2QRXXWXVMQ;Amazon PLCC Free-Financing Universal Merchant AAT-CXJHMC2YJUK76;Amazon PLCC Free-Financing Universal Merchant AAT-CC4FAVTYR4X7C;Amazon PLCC Free-Financing Universal Merchant AAT-XXRCW6NZEPZI4;Amazon PLCC Free-Financing Universal Merchant AAT-CXNSLNBROFDW4;Amazon PLCC Free-Financing Universal Merchant AAT-WSJLDN3X7KEMO;Amazon PLCC Free-Financing Universal Merchant AAT-VL6FGQVGQVXUS;Amazon PLCC Free-Financing Universal Merchant AAT-EOKPWFWYW7Y6I;Amazon PLCC Free-Financing Universal Merchant AAT-ZYL5UPUNW6T62;Amazon PLCC Free-Financing Universal Merchant AAT-ETXQ3XXWMRXBG;Amazon PLCC Free-Financing Universal Merchant AAT-7X3XCTYG64VBE;Amazon PLCC Free-Financing Universal Merchant AAT-7CHGD3WTS3MHM;Amazon PLCC Free-Financing Universal Merchant AAT-26ZDKNME27X42;Amazon PLCC Free-Financing Universal Merchant AAT-4ZF5KN6E4LJK4;Amazon PLCC Free-Financing Universal Merchant AAT-7RCXIKUAX7DDY;VPC-44571-41445473 Coupon;Amazon PLCC Free-Financing Universal Merchant AAT-BRSZZ45H6MHAO;Amazon PLCC Free-Financing Universal Merchant AAT-MKLXOOZWQL7GO;Amazon PLCC Free-Financing Universal Merchant AAT-CB7UNXEXGIJTC;Amazon PLCC Free-Financing Universal Merchant #MP-gzasho-1593152694811;Amazon PLCC Free-Financing Universal Merchant AAT-WLBA4GZ52EAH4,FALSE,Easy Ship
638,408-7616878-8551517,4/30/2022,Shipped,Amazon,Amazon.in,Expedited,SET347,SET347-KR-NP-L,Set,L,B09RKDW3QG,Shipped,1,INR,801,HALWARA,PUNJAB,141106,IN,IN Core Free Shipping 2015/04/08 23-48-5-108,FALSE,
639,408-8068196-8707526,4/30/2022,Cancelled,Amazon,Amazon.in,Standard,JNE3437,JNE3437-KR-XXL,kurta,XXL,B085HJXJ3M,Cancelled,0,,,THANE,MAHARASHTRA,401101,IN,,FALSE,
640,407-2512537-5717124,4/30/2022,Shipped,Amazon,Amazon.in,Expedited,JNE3065,JNE3065-KR-XXL,kurta,XXL,B07HWXSD8R,Shipped,1,INR,393,BENGALURU,KARNATAKA,560056,IN,IN Core Free Shipping 2015/04/08 23-48-5-108,FALSE,
641,406-3257301-5556318,4/30/2022,Shipped,Amazon,Amazon.in,Expedited,J0343,J0343-DR-XXL,Western Dress,XXL,B09831TPR5,Shipped,1,INR,744,"Neelakudi, Thiruvarur",TAMIL NADU,610005,IN,IN Core Free Shipping 2015/04/08 23-48-5-108,FALSE,
642,402-7784273-3159533,4/30/2022,Shipped,Amazon,Amazon.in,Expedited,J0119,J0119-TP-XL,Top,XL,B08RYPWC3J,Shipped,1,INR,540,JAIPUR,RAJASTHAN,302021,IN,IN Core Free Shipping 2015/04/08 23-48-5-108,FALSE,
643,403-9745522-7408318,4/30/2022,Shipped,Amazon,Amazon.in,Expedited,J0003,J0003-SET-L,Set,L,B0894Y4PNG,Shipped,1,INR,696,CUTTACK,ODISHA,753009,IN,IN Core Free Shipping 2015/04/08 23-48-5-108,FALSE,
644,405-7523500-6097912,4/30/2022,Shipped,Amazon,Amazon.in,Expedited,J0334,J0334-TP-XL,Top,XL,B0986ZC1YG,Shipped,1,INR,512,KOLKATA,WEST BENGAL,700032,IN,IN Core Free Shipping 2015/04/08 23-48-5-108,FALSE,
645,171-0947491-1860302,4/30/2022,Shipped,Amazon,Amazon.in,Expedited,J0236,J0236-SKD-XXL,Set,XXL,B08ZYQ716N,Shipped,1,INR,922,MUMBAI,MAHARASHTRA,400078,IN,IN Core Free Shipping 2015/04/08 23-48-5-108,FALSE,
646,407-9614308-2636322,4/30/2022,Shipped,Amazon,Amazon.in,Expedited,J0126,J0126-SKD-XXXL,Set,3XL,B08V1CRLTV,Shipped,1,INR,818,VIJAYAWADA,ANDHRA PRADESH,520015,IN,IN Core Free Shipping 2015/04/08 23-48-5-108,FALSE,
647,171-6153595-4758722,4/30/2022,Shipped,Amazon,Amazon.in,Expedited,J0230,J0230-SKD-S,Set,S,B08XNJ19QH,Shipped,2,INR,2224,VASAI VIRAR,MAHARASHTRA,401209,IN,IN Core Free Shipping 2015/04/08 23-48-5-108,FALSE,
648,402-0721169-8180327,4/30/2022,Shipped,Amazon,Amazon.in,Expedited,J0230,J0230-SKD-XL,Set,XL,B08XNJ8P3S,Shipped,1,INR,1112,KOLKATA,WEST BENGAL,700089,IN,,FALSE,
649,406-9129776-9779513,4/30/2022,Shipped,Amazon,Amazon.in,Expedited,SET171,SET171-KR-NP-M,Set,M,B0822S4MPB,Shipped,1,INR,792,SHIMLA,HIMACHAL PRADESH,171009,IN,IN Core Free Shipping 2015/04/08 23-48-5-108,FALSE,
650,406-4276465-0364334,4/30/2022,Shipped,Amazon,Amazon.in,Expedited,SET264,SET264-KR-NP-XXL,Set,XXL,B08YNK9K8F,Shipped,1,INR,824,NEW DELHI,DELHI,110085,IN,,FALSE,
651,402-8123545-4535558,4/30/2022,Cancelled,Merchant,Amazon.in,Standard,JNE3365,JNE3365-KR-1052-A-XXXL,kurta,3XL,B07WP5HGBG,,0,INR,358.1,COIMBATORE,TAMIL NADU,641062,IN,,FALSE,Easy Ship
652,408-0987613-5525924,4/30/2022,Cancelled,Amazon,Amazon.in,Expedited,J0230,J0230-SKD-M,Set,M,B08XNJG8B1,Cancelled,0,,,DARBHANGA,BIHAR,846003,IN,,FALSE,
653,406-0038568-0852338,4/30/2022,Shipped,Amazon,Amazon.in,Expedited,SET197,SET197-KR-NP-L,Set,L,B08B3YPD63,Shipped,1,INR,759,BURDWAN,WEST BENGAL,713101,IN,IN Core Free Shipping 2015/04/08 23-48-5-108,FALSE,
654,403-5684700-6277902,4/30/2022,Shipped,Amazon,Amazon.in,Expedited,J0341,J0341-DR-S,Western Dress,S,B099NR7612,Shipped,1,INR,744,HYDERABAD,TELANGANA,500055,IN,IN Core Free Shipping 2015/04/08 23-48-5-108,FALSE,
655,403-2561797-6193141,4/30/2022,Shipped,Amazon,Amazon.in,Expedited,J0012,J0012-SKD-XXL,Set,XXL,B0894X9LNS,Shipped,1,INR,1140,KOLKATA,WEST BENGAL,700017,IN,,FALSE,
656,406-4980665-9833930,4/30/2022,Shipped,Amazon,Amazon.in,Expedited,J0308,J0308-DR-M,Western Dress,M,B099NV5WD8,Shipped,1,INR,625,Secunderabad,TELANGANA,500094,IN,IN Core Free Shipping 2015/04/08 23-48-5-108,FALSE,
657,405-9201316-2870743,4/30/2022,Shipped - Delivered to Buyer,Merchant,Amazon.in,Standard,J0117,J0117-TP-XXL,Top,XXL,B08N4XHHCQ,Shipped,1,INR,518,MIHAN,MAHARASHTRA,441110,IN,Amazon PLCC Free-Financing Universal Merchant AAT-WNKTBO3K27EJC;Amazon PLCC Free-Financing Universal Merchant AAT-QX3UCCJESKPA2;Amazon PLCC Free-Financing Universal Merchant AAT-5QQ7BIYYQEDN2;Amazon PLCC Free-Financing Universal Merchant AAT-DSJ2QRXXWXVMQ;Amazon PLCC Free-Financing Universal Merchant AAT-CXJHMC2YJUK76;Amazon PLCC Free-Financing Universal Merchant AAT-SL3Y2YRMAUNFC;Amazon PLCC Free-Financing Universal Merchant AAT-CC4FAVTYR4X7C;Amazon PLCC Free-Financing Universal Merchant AAT-XXRCW6NZEPZI4;Amazon PLCC Free-Financing Universal Merchant AAT-5IF3YHPWHCDFS;Amazon PLCC Free-Financing Universal Merchant AAT-EOKPWFWYW7Y6I;Amazon PLCC Free-Financing Universal Merchant AAT-ZYL5UPUNW6T62;Amazon PLCC Free-Financing Universal Merchant AAT-H56TELQ6BG7EC;Amazon PLCC Free-Financing Universal Merchant AAT-PZHUW6DZX4BPS;Amazon PLCC Free-Financing Universal Merchant SS-1650621466684;Amazon PLCC Free-Financing Universal Merchant AAT-ETXQ3XXWMRXBG;Amazon PLCC Free-Financing Universal Merchant AAT-7X3XCTYG64VBE;Amazon PLCC Free-Financing Universal Merchant AAT-7CHGD3WTS3MHM;Amazon PLCC Free-Financing Universal Merchant AAT-26ZDKNME27X42;Amazon PLCC Free-Financing Universal Merchant AAT-4ZF5KN6E4LJK4;Amazon PLCC Free-Financing Universal Merchant AAT-7RCXIKUAX7DDY;Amazon PLCC Free-Financing Universal Merchant AAT-TNYBHEAO7HOHO;Amazon PLCC Free-Financing Universal Merchant AAT-BRSZZ45H6MHAO;Amazon PLCC Free-Financing Universal Merchant AAT-MKLXOOZWQL7GO;Amazon PLCC Free-Financing Universal Merchant AAT-CB7UNXEXGIJTC;Amazon PLCC Free-Financing Universal Merchant #MP-gzasho-1593152694811;Amazon PLCC Free-Financing Universal Merchant AAT-WLBA4GZ52EAH4;Amazon PLCC Free-Financing Universal Merchant AAT-QMFZ3M7T5NPDS;Amazon PLCC Free-Financing Universal Merchant #MP-pmilan-1601980554292,TRUE,Easy Ship
658,408-7966317-7457928,4/30/2022,Shipped - Delivered to Buyer,Merchant,Amazon.in,Standard,SET183,SET183-KR-DH-M,Set,M,B08B3Z2YY3,Shipped,1,INR,759,NEW DELHI,DELHI,110092,IN,Amazon PLCC Free-Financing Universal Merchant AAT-WNKTBO3K27EJC;Amazon PLCC Free-Financing Universal Merchant AAT-QX3UCCJESKPA2;Amazon PLCC Free-Financing Universal Merchant AAT-5QQ7BIYYQEDN2;Amazon PLCC Free-Financing Universal Merchant AAT-DSJ2QRXXWXVMQ;Amazon PLCC Free-Financing Universal Merchant AAT-CXJHMC2YJUK76;Amazon PLCC Free-Financing Universal Merchant AAT-SL3Y2YRMAUNFC;Amazon PLCC Free-Financing Universal Merchant AAT-CC4FAVTYR4X7C;Amazon PLCC Free-Financing Universal Merchant AAT-XXRCW6NZEPZI4;Amazon PLCC Free-Financing Universal Merchant AAT-EOKPWFWYW7Y6I;Amazon PLCC Free-Financing Universal Merchant AAT-ZYL5UPUNW6T62;Amazon PLCC Free-Financing Universal Merchant AAT-PZHUW6DZX4BPS;Amazon PLCC Free-Financing Universal Merchant AAT-ETXQ3XXWMRXBG;Amazon PLCC Free-Financing Universal Merchant AAT-7X3XCTYG64VBE;Amazon PLCC Free-Financing Universal Merchant AAT-7CHGD3WTS3MHM;Amazon PLCC Free-Financing Universal Merchant AAT-26ZDKNME27X42;Amazon PLCC Free-Financing Universal Merchant AAT-4ZF5KN6E4LJK4;Amazon PLCC Free-Financing Universal Merchant AAT-7RCXIKUAX7DDY;Amazon PLCC Free-Financing Universal Merchant AAT-BRSZZ45H6MHAO;Amazon PLCC Free-Financing Universal Merchant AAT-MKLXOOZWQL7GO;Amazon PLCC Free-Financing Universal Merchant AAT-CB7UNXEXGIJTC;Amazon PLCC Free-Financing Universal Merchant #MP-gzasho-1593152694811;Amazon PLCC Free-Financing Universal Merchant AAT-WLBA4GZ52EAH4,FALSE,Easy Ship
659,171-0983521-4425145,4/30/2022,Shipped,Amazon,Amazon.in,Expedited,J0341,J0341-DR-M,Western Dress,M,B099NQQ79L,Shipped,1,INR,744,HYDERABAD,TELANGANA,500090,IN,IN Core Free Shipping 2015/04/08 23-48-5-108,FALSE,
660,403-5847066-2369918,4/30/2022,Shipped,Amazon,Amazon.in,Expedited,J0230,J0230-SKD-S,Set,S,B08XNJ19QH,Shipped,1,INR,1112,KHURJA,UTTAR PRADESH,203131,IN,IN Core Free Shipping 2015/04/08 23-48-5-108,FALSE,
661,404-9771516-3764302,4/30/2022,Shipped,Amazon,Amazon.in,Expedited,J0012,J0012-SKD-XXL,Set,XXL,B0894X9LNS,Shipped,1,INR,1140,KOLKATA,WEST BENGAL,700017,IN,IN Core Free Shipping 2015/04/08 23-48-5-108,FALSE,
662,405-0534257-8109938,4/30/2022,Shipped,Amazon,Amazon.in,Expedited,JNE3465,JNE3465-KR-M,kurta,M,B08BFV1DVW,Shipped,1,INR,486,NEW DELHI,DELHI,110029,IN,,FALSE,
663,171-5702903-4981901,4/30/2022,Shipped - Delivered to Buyer,Merchant,Amazon.in,Standard,SET265,SET265-KR-NP-XS,Set,XS,B0983BR8XF,Shipped,1,INR,888,NOIDA,UTTAR PRADESH,201301,IN,Amazon PLCC Free-Financing Universal Merchant AAT-WNKTBO3K27EJC;Amazon PLCC Free-Financing Universal Merchant AAT-QX3UCCJESKPA2;Amazon PLCC Free-Financing Universal Merchant AAT-5QQ7BIYYQEDN2;Amazon PLCC Free-Financing Universal Merchant AAT-DSJ2QRXXWXVMQ;Amazon PLCC Free-Financing Universal Merchant AAT-CXJHMC2YJUK76;Amazon PLCC Free-Financing Universal Merchant AAT-CC4FAVTYR4X7C;Amazon PLCC Free-Financing Universal Merchant SS-1640596961008;Amazon PLCC Free-Financing Universal Merchant AAT-XXRCW6NZEPZI4;Amazon PLCC Free-Financing Universal Merchant AAT-R7GXNZWISTRFA;Amazon PLCC Free-Financing Universal Merchant AAT-EOKPWFWYW7Y6I;Amazon PLCC Free-Financing Universal Merchant AAT-ZYL5UPUNW6T62;Amazon PLCC Free-Financing Universal Merchant AAT-PZHUW6DZX4BPS;Amazon PLCC Free-Financing Universal Merchant AAT-ETXQ3XXWMRXBG;Amazon PLCC Free-Financing Universal Merchant AAT-7X3XCTYG64VBE;Amazon PLCC Free-Financing Universal Merchant AAT-7CHGD3WTS3MHM;Amazon PLCC Free-Financing Universal Merchant AAT-26ZDKNME27X42;Amazon PLCC Free-Financing Universal Merchant AAT-4ZF5KN6E4LJK4;Amazon PLCC Free-Financing Universal Merchant AAT-7RCXIKUAX7DDY;Amazon PLCC Free-Financing Universal Merchant AAT-TNYBHEAO7HOHO;Amazon PLCC Free-Financing Universal Merchant AAT-BRSZZ45H6MHAO;Amazon PLCC Free-Financing Universal Merchant AAT-MKLXOOZWQL7GO;Amazon PLCC Free-Financing Universal Merchant AAT-CB7UNXEXGIJTC;Amazon PLCC Free-Financing Universal Merchant #MP-gzasho-1593152694811;Amazon PLCC Free-Financing Universal Merchant AAT-WLBA4GZ52EAH4;Amazon PLCC Free-Financing Universal Merchant AAT-QMFZ3M7T5NPDS;Amazon PLCC Free-Financing Universal Merchant #MP-pmilan-1601980554292,FALSE,Easy Ship
664,406-6474243-1265115,4/30/2022,Shipped,Amazon,Amazon.in,Expedited,SET433,SET433-KR-NP-XL,Set,XL,B09TH7MDHM,Shipped,1,INR,666,Choglamsar,LADAKH,194104,IN,IN Core Free Shipping 2015/04/08 23-48-5-108,FALSE,
665,405-3523941-5355524,4/30/2022,Shipped - Delivered to Buyer,Merchant,Amazon.in,Standard,JNE3769,JNE3769-KR-L,kurta,L,B09K3T675B,Shipped,1,INR,487,HYDERABAD,TELANGANA,502319,IN,Amazon PLCC Free-Financing Universal Merchant AAT-WNKTBO3K27EJC;Amazon PLCC Free-Financing Universal Merchant AAT-QX3UCCJESKPA2;Amazon PLCC Free-Financing Universal Merchant AAT-5QQ7BIYYQEDN2;Amazon PLCC Free-Financing Universal Merchant AAT-DSJ2QRXXWXVMQ;Amazon PLCC Free-Financing Universal Merchant AAT-CXJHMC2YJUK76;Amazon PLCC Free-Financing Universal Merchant AAT-SL3Y2YRMAUNFC;Amazon PLCC Free-Financing Universal Merchant AAT-CC4FAVTYR4X7C;Amazon PLCC Free-Financing Universal Merchant AAT-XXRCW6NZEPZI4;Amazon PLCC Free-Financing Universal Merchant AAT-R7GXNZWISTRFA;Amazon PLCC Free-Financing Universal Merchant AAT-EOKPWFWYW7Y6I;Amazon PLCC Free-Financing Universal Merchant AAT-ZYL5UPUNW6T62;Amazon PLCC Free-Financing Universal Merchant AAT-PZHUW6DZX4BPS;Amazon PLCC Free-Financing Universal Merchant AAT-ETXQ3XXWMRXBG;Amazon PLCC Free-Financing Universal Merchant AAT-7X3XCTYG64VBE;Amazon PLCC Free-Financing Universal Merchant AAT-7CHGD3WTS3MHM;Amazon PLCC Free-Financing Universal Merchant AAT-26ZDKNME27X42;Amazon PLCC Free-Financing Universal Merchant AAT-4ZF5KN6E4LJK4;Amazon PLCC Free-Financing Universal Merchant AAT-7RCXIKUAX7DDY;Amazon PLCC Free-Financing Universal Merchant AAT-TNYBHEAO7HOHO;Amazon PLCC Free-Financing Universal Merchant AAT-BRSZZ45H6MHAO;Amazon PLCC Free-Financing Universal Merchant AAT-MKLXOOZWQL7GO;Amazon PLCC Free-Financing Universal Merchant AAT-CB7UNXEXGIJTC;Amazon PLCC Free-Financing Universal Merchant #MP-gzasho-1593152694811;Amazon PLCC Free-Financing Universal Merchant AAT-WLBA4GZ52EAH4;Amazon PLCC Free-Financing Universal Merchant AAT-QMFZ3M7T5NPDS;Amazon PLCC Free-Financing Universal Merchant #MP-pmilan-1601980554292,FALSE,Easy Ship
666,405-3523941-5355524,4/30/2022,Shipped - Delivered to Buyer,Merchant,Amazon.in,Standard,SET324,SET324-KR-NP-L,Set,L,B09NQ44RNV,Shipped,1,INR,597,HYDERABAD,TELANGANA,502319,IN,Amazon PLCC Free-Financing Universal Merchant AAT-WNKTBO3K27EJC;Amazon PLCC Free-Financing Universal Merchant AAT-QX3UCCJESKPA2;Amazon PLCC Free-Financing Universal Merchant AAT-5QQ7BIYYQEDN2;Amazon PLCC Free-Financing Universal Merchant AAT-DSJ2QRXXWXVMQ;Amazon PLCC Free-Financing Universal Merchant AAT-CXJHMC2YJUK76;Amazon PLCC Free-Financing Universal Merchant AAT-SL3Y2YRMAUNFC;Amazon PLCC Free-Financing Universal Merchant AAT-CC4FAVTYR4X7C;Amazon PLCC Free-Financing Universal Merchant AAT-XXRCW6NZEPZI4;Amazon PLCC Free-Financing Universal Merchant AAT-R7GXNZWISTRFA;Amazon PLCC Free-Financing Universal Merchant AAT-EOKPWFWYW7Y6I;Amazon PLCC Free-Financing Universal Merchant AAT-ZYL5UPUNW6T62;Amazon PLCC Free-Financing Universal Merchant AAT-PZHUW6DZX4BPS;Amazon PLCC Free-Financing Universal Merchant AAT-ETXQ3XXWMRXBG;Amazon PLCC Free-Financing Universal Merchant AAT-7X3XCTYG64VBE;Amazon PLCC Free-Financing Universal Merchant AAT-7CHGD3WTS3MHM;Amazon PLCC Free-Financing Universal Merchant AAT-26ZDKNME27X42;Amazon PLCC Free-Financing Universal Merchant AAT-4ZF5KN6E4LJK4;Amazon PLCC Free-Financing Universal Merchant AAT-7RCXIKUAX7DDY;Amazon PLCC Free-Financing Universal Merchant AAT-TNYBHEAO7HOHO;Amazon PLCC Free-Financing Universal Merchant AAT-BRSZZ45H6MHAO;Amazon PLCC Free-Financing Universal Merchant AAT-MKLXOOZWQL7GO;Amazon PLCC Free-Financing Universal Merchant AAT-CB7UNXEXGIJTC;Amazon PLCC Free-Financing Universal Merchant #MP-gzasho-1593152694811;Amazon PLCC Free-Financing Universal Merchant AAT-WLBA4GZ52EAH4;Amazon PLCC Free-Financing Universal Merchant AAT-QMFZ3M7T5NPDS;Amazon PLCC Free-Financing Universal Merchant #MP-pmilan-1601980554292,FALSE,Easy Ship
667,403-5082537-8368348,4/30/2022,Shipped - Delivered to Buyer,Merchant,Amazon.in,Standard,JNE3468,JNE3468-KR-XXXL,kurta,3XL,B08RP4JJPD,Shipped,1,INR,363,BENGALURU,KARNATAKA,560033,IN,Amazon PLCC Free-Financing Universal Merchant AAT-WNKTBO3K27EJC;Amazon PLCC Free-Financing Universal Merchant AAT-QX3UCCJESKPA2;Amazon PLCC Free-Financing Universal Merchant AAT-5QQ7BIYYQEDN2;Amazon PLCC Free-Financing Universal Merchant AAT-DSJ2QRXXWXVMQ;Amazon PLCC Free-Financing Universal Merchant AAT-CXJHMC2YJUK76;Amazon PLCC Free-Financing Universal Merchant AAT-SL3Y2YRMAUNFC;Amazon PLCC Free-Financing Universal Merchant AAT-CC4FAVTYR4X7C;Amazon PLCC Free-Financing Universal Merchant AAT-XXRCW6NZEPZI4;Amazon PLCC Free-Financing Universal Merchant AAT-WSJLDN3X7KEMO;Amazon PLCC Free-Financing Universal Merchant AAT-VL6FGQVGQVXUS;Amazon PLCC Free-Financing Universal Merchant AAT-EOKPWFWYW7Y6I;Amazon PLCC Free-Financing Universal Merchant AAT-PZHUW6DZX4BPS;Amazon PLCC Free-Financing Universal Merchant AAT-ETXQ3XXWMRXBG;Amazon PLCC Free-Financing Universal Merchant AAT-7X3XCTYG64VBE;Amazon PLCC Free-Financing Universal Merchant AAT-7CHGD3WTS3MHM;Amazon PLCC Free-Financing Universal Merchant AAT-26ZDKNME27X42;Amazon PLCC Free-Financing Universal Merchant AAT-4ZF5KN6E4LJK4;Amazon PLCC Free-Financing Universal Merchant AAT-7RCXIKUAX7DDY;Amazon PLCC Free-Financing Universal Merchant AAT-BRSZZ45H6MHAO;Amazon PLCC Free-Financing Universal Merchant AAT-MKLXOOZWQL7GO;Amazon PLCC Free-Financing Universal Merchant AAT-CB7UNXEXGIJTC;Amazon PLCC Free-Financing Universal Merchant #MP-gzasho-1593152694811;Amazon PLCC Free-Financing Universal Merchant AAT-WLBA4GZ52EAH4,FALSE,Easy Ship
668,408-5947919-3506726,4/30/2022,Shipped,Amazon,Amazon.in,Expedited,J0334,J0334-TP-L,Top,L,B0986XXHX7,Shipped,1,INR,512,YAVATMAL,MAHARASHTRA,445001,IN,IN Core Free Shipping 2015/04/08 23-48-5-108,FALSE,
669,408-6114783-6199528,4/30/2022,Shipped,Amazon,Amazon.in,Expedited,J0154,J0154-DR-XXL,Western Dress,XXL,B08V19DZ36,Shipped,1,INR,377,Allahabad,UTTAR PRADESH,212404,IN,IN Core Free Shipping 2015/04/08 23-48-5-108,FALSE,
670,408-6114783-6199528,4/30/2022,Shipped,Amazon,Amazon.in,Expedited,J0154,J0154-DR-XS,Western Dress,XS,B08V1CFND9,Shipped,1,INR,377,Allahabad,UTTAR PRADESH,212404,IN,IN Core Free Shipping 2015/04/08 23-48-5-108,FALSE,
671,408-9630926-2785104,4/30/2022,Cancelled,Amazon,Amazon.in,Expedited,SET268,SET268-KR-NP-M,Set,M,B08XQ8R6GW,Cancelled,0,,,REDHAKHOL,ODISHA,768106,IN,,FALSE,
672,403-5342526-7867558,4/30/2022,Cancelled,Merchant,Amazon.in,Standard,MEN5019,MEN5019-KR-XXXL,kurta,3XL,B08YYQXZHK,,0,,,FARIDABAD,HARYANA,121002,IN,,FALSE,Easy Ship
673,404-2255125-4533134,4/30/2022,Shipped,Amazon,Amazon.in,Expedited,SET333,SET333-KR-DPT-XS,Set,XS,B09RKDYFFP,Shipped,1,INR,967,CHENNAI,TAMIL NADU,600071,IN,IN Core Free Shipping 2015/04/08 23-48-5-108,FALSE,
674,171-5594281-0212357,4/30/2022,Shipped - Delivered to Buyer,Merchant,Amazon.in,Standard,SET110,SET110-KR-PP-XXXL,Set,3XL,B0822TCBKH,Shipped,1,INR,788,SHILLONG,MEGHALAYA,793018,IN,Amazon PLCC Free-Financing Universal Merchant AAT-WNKTBO3K27EJC;Amazon PLCC Free-Financing Universal Merchant AAT-QX3UCCJESKPA2;Amazon PLCC Free-Financing Universal Merchant AAT-5QQ7BIYYQEDN2;Amazon PLCC Free-Financing Universal Merchant AAT-DSJ2QRXXWXVMQ;Amazon PLCC Free-Financing Universal Merchant AAT-CXJHMC2YJUK76;Amazon PLCC Free-Financing Universal Merchant AAT-CC4FAVTYR4X7C;Amazon PLCC Free-Financing Universal Merchant AAT-XXRCW6NZEPZI4;Amazon PLCC Free-Financing Universal Merchant AAT-EOKPWFWYW7Y6I;Amazon PLCC Free-Financing Universal Merchant AAT-ZYL5UPUNW6T62;Amazon PLCC Free-Financing Universal Merchant AAT-PZHUW6DZX4BPS;Amazon PLCC Free-Financing Universal Merchant AAT-ETXQ3XXWMRXBG;Amazon PLCC Free-Financing Universal Merchant AAT-7X3XCTYG64VBE;Amazon PLCC Free-Financing Universal Merchant AAT-7CHGD3WTS3MHM;Amazon PLCC Free-Financing Universal Merchant AAT-26ZDKNME27X42;Amazon PLCC Free-Financing Universal Merchant AAT-4ZF5KN6E4LJK4;Amazon PLCC Free-Financing Universal Merchant AAT-7RCXIKUAX7DDY;Amazon PLCC Free-Financing Universal Merchant AAT-BRSZZ45H6MHAO;Amazon PLCC Free-Financing Universal Merchant AAT-MKLXOOZWQL7GO;Amazon PLCC Free-Financing Universal Merchant AAT-CB7UNXEXGIJTC;Amazon PLCC Free-Financing Universal Merchant #MP-gzasho-1593152694811;Amazon PLCC Free-Financing Universal Merchant AAT-WLBA4GZ52EAH4,FALSE,Easy Ship
675,405-6041428-1576346,4/30/2022,Cancelled,Amazon,Amazon.in,Expedited,SET293,SET293-KR-NP-XXL,Set,XXL,B09K3QVXBS,Cancelled,0,,,GURUGRAM,HARYANA,122001,IN,,FALSE,
676,405-5933927-3375545,4/30/2022,Cancelled,Merchant,Amazon.in,Standard,SET317,SET317-KR-PP-XXL,Set,XXL,B09RKD5B2W,,0,INR,1058.93,GURUGRAM,HARYANA,122001,IN,,FALSE,Easy Ship
677,405-5933927-3375545,4/30/2022,Cancelled,Merchant,Amazon.in,Standard,SET355,SET355-KR-PP-XXL,Set,XXL,B09RKD8HQJ,,0,INR,1249.11,GURUGRAM,HARYANA,122001,IN,,FALSE,Easy Ship
678,405-3785331-3948333,4/30/2022,Shipped,Amazon,Amazon.in,Expedited,SET324,SET324-KR-NP-XS,Set,XS,B09NQ4DD29,Shipped,1,INR,597,HYDERABAD,TELANGANA,500055,IN,IN Core Free Shipping 2015/04/08 23-48-5-108,FALSE,
679,404-8711304-7038702,4/30/2022,Shipped,Amazon,Amazon.in,Expedited,J0230,J0230-SKD-S,Set,S,B08XNJ19QH,Shipped,1,INR,1112,HYDERABAD,TELANGANA,500084,IN,,FALSE,
680,405-2872303-9941933,4/30/2022,Cancelled,Merchant,Amazon.in,Standard,PJNE2171,PJNE2171-KR-N-5XL,kurta,5XL,B09LD23MRS,,0,INR,700.96,AHMEDABAD,Gujarat,380015,IN,,FALSE,Easy Ship
681,402-6464284-9643538,4/30/2022,Shipped,Amazon,Amazon.in,Expedited,SET310,SET310-KR-NP-S,Set,S,B09RKF1F47,Shipped,1,INR,1213,FARIDPUR BAREILLY DISTRICT,UTTAR PRADESH,243503,IN,IN Core Free Shipping 2015/04/08 23-48-5-108,FALSE,
682,405-7534473-2900341,4/30/2022,Shipped,Amazon,Amazon.in,Expedited,JNE3794,JNE3794-KR-M,kurta,M,B09HMVWDN3,Shipped,1,INR,517,Rourkela,ODISHA,769015,IN,,FALSE,
683,407-2944929-6438702,4/30/2022,Shipped - Delivered to Buyer,Merchant,Amazon.in,Standard,SET219,SET219-KR-PP-XXXL,Set,3XL,B08B3Y6ZXM,Shipped,1,INR,662,VIJAYAWADA,ANDHRA PRADESH,520015,IN,Amazon PLCC Free-Financing Universal Merchant AAT-WNKTBO3K27EJC;Amazon PLCC Free-Financing Universal Merchant AAT-QX3UCCJESKPA2;Amazon PLCC Free-Financing Universal Merchant AAT-5QQ7BIYYQEDN2;Amazon PLCC Free-Financing Universal Merchant AAT-DSJ2QRXXWXVMQ;Amazon PLCC Free-Financing Universal Merchant AAT-CXJHMC2YJUK76;Amazon PLCC Free-Financing Universal Merchant AAT-CC4FAVTYR4X7C;Amazon PLCC Free-Financing Universal Merchant AAT-XXRCW6NZEPZI4;Amazon PLCC Free-Financing Universal Merchant AAT-WSJLDN3X7KEMO;Amazon PLCC Free-Financing Universal Merchant AAT-VL6FGQVGQVXUS;Amazon PLCC Free-Financing Universal Merchant AAT-EOKPWFWYW7Y6I;Amazon PLCC Free-Financing Universal Merchant AAT-ZYL5UPUNW6T62;Amazon PLCC Free-Financing Universal Merchant AAT-PZHUW6DZX4BPS;Amazon PLCC Free-Financing Universal Merchant AAT-ETXQ3XXWMRXBG;Amazon PLCC Free-Financing Universal Merchant AAT-7X3XCTYG64VBE;Amazon PLCC Free-Financing Universal Merchant AAT-7CHGD3WTS3MHM;Amazon PLCC Free-Financing Universal Merchant AAT-26ZDKNME27X42;Amazon PLCC Free-Financing Universal Merchant AAT-4ZF5KN6E4LJK4;Amazon PLCC Free-Financing Universal Merchant AAT-7RCXIKUAX7DDY;Amazon PLCC Free-Financing Universal Merchant AAT-BRSZZ45H6MHAO;Amazon PLCC Free-Financing Universal Merchant AAT-MKLXOOZWQL7GO;Amazon PLCC Free-Financing Universal Merchant AAT-CB7UNXEXGIJTC;Amazon PLCC Free-Financing Universal Merchant #MP-gzasho-1593152694811;Amazon PLCC Free-Financing Universal Merchant AAT-WLBA4GZ52EAH4,FALSE,Easy Ship
684,171-0362861-1228360,4/30/2022,Shipped,Amazon,Amazon.in,Expedited,J0096,J0096-KR-XL,kurta,XL,B089G2K69F,Shipped,1,INR,568,VIZIANAGARAM,ANDHRA PRADESH,535004,IN,IN Core Free Shipping 2015/04/08 23-48-5-108,FALSE,
685,404-5775216-5570767,4/30/2022,Shipped,Amazon,Amazon.in,Expedited,JNE3562,JNE3562-KR-XXL,kurta,XXL,B08MYTBNPH,Shipped,1,INR,476,JAIPUR,RAJASTHAN,302019,IN,,FALSE,
686,171-2754000-1881907,4/30/2022,Shipped - Delivered to Buyer,Merchant,Amazon.in,Standard,JNE3745,JNE3745-KR-S,kurta,S,B09K3WHQ6G,Shipped,1,INR,316,DHARWAD,KARNATAKA,580003,IN,Amazon PLCC Free-Financing Universal Merchant AAT-WNKTBO3K27EJC;Amazon PLCC Free-Financing Universal Merchant AAT-QX3UCCJESKPA2;Amazon PLCC Free-Financing Universal Merchant AAT-5QQ7BIYYQEDN2;Amazon PLCC Free-Financing Universal Merchant AAT-DSJ2QRXXWXVMQ;Amazon PLCC Free-Financing Universal Merchant AAT-CXJHMC2YJUK76;Amazon PLCC Free-Financing Universal Merchant AAT-CC4FAVTYR4X7C;Amazon PLCC Free-Financing Universal Merchant AAT-XXRCW6NZEPZI4;Amazon PLCC Free-Financing Universal Merchant AAT-WSJLDN3X7KEMO;Amazon PLCC Free-Financing Universal Merchant AAT-VL6FGQVGQVXUS;Amazon PLCC Free-Financing Universal Merchant AAT-EOKPWFWYW7Y6I;Amazon PLCC Free-Financing Universal Merchant AAT-ZYL5UPUNW6T62;Amazon PLCC Free-Financing Universal Merchant AAT-XVPICCHRWDCAI;Amazon PLCC Free-Financing Universal Merchant AAT-PZHUW6DZX4BPS;Amazon PLCC Free-Financing Universal Merchant AAT-ETXQ3XXWMRXBG;Amazon PLCC Free-Financing Universal Merchant AAT-7X3XCTYG64VBE;Amazon PLCC Free-Financing Universal Merchant AAT-7CHGD3WTS3MHM;Amazon PLCC Free-Financing Universal Merchant AAT-26ZDKNME27X42;Amazon PLCC Free-Financing Universal Merchant AAT-4ZF5KN6E4LJK4;Amazon PLCC Free-Financing Universal Merchant AAT-7RCXIKUAX7DDY;Amazon PLCC Free-Financing Universal Merchant AAT-BRSZZ45H6MHAO;Amazon PLCC Free-Financing Universal Merchant AAT-MKLXOOZWQL7GO;Amazon PLCC Free-Financing Universal Merchant AAT-CB7UNXEXGIJTC;Amazon PLCC Free-Financing Universal Merchant #MP-gzasho-1593152694811;Amazon PLCC Free-Financing Universal Merchant AAT-WLBA4GZ52EAH4,FALSE,Easy Ship
687,408-2784061-1695540,4/30/2022,Shipped,Amazon,Amazon.in,Expedited,JNE3465,JNE3465-KR-XS,kurta,XS,B08BFCPV5R,Shipped,1,INR,486,DAULATPUR,HIMACHAL PRADESH,177204,IN,,FALSE,
688,403-8794854-0523518,4/30/2022,Shipped,Amazon,Amazon.in,Expedited,JNE3795,JNE3795-KR-XS,kurta,XS,B09HMCTDFZ,Shipped,1,INR,517,HYDERABAD,TELANGANA,500053,IN,IN Core Free Shipping 2015/04/08 23-48-5-108,FALSE,
689,404-4680896-8003501,4/30/2022,Cancelled,Amazon,Amazon.in,Expedited,SET397,SET397-KR-NP-XXL,Set,XXL,B09RKDGZ2D,Unshipped,1,INR,1186,JALNA,MAHARASHTRA,431203,IN,,FALSE,
690,405-8314081-3929157,4/30/2022,Shipped,Amazon,Amazon.in,Expedited,JNE3365,JNE3365-KR-1052-A-M,kurta,M,B07WP5DYSW,Shipped,1,INR,376,KARIMNAGAR,TELANGANA,505001,IN,IN Core Free Shipping 2015/04/08 23-48-5-108,FALSE,
691,406-1694518-5618746,4/30/2022,Cancelled,Amazon,Amazon.in,Expedited,JNE3691,JNE3691-TU-L,Top,L,B0986VTQL7,Cancelled,0,,,BILASPUR,CHHATTISGARH,495001,IN,,FALSE,
692,408-5094125-1397968,4/30/2022,Shipped,Amazon,Amazon.in,Expedited,SET145,SET145-KR-NP-S,Set,S,B0822SQ4GV,Shipped,1,INR,715,NEW DELHI,DELHI,110033,IN,IN Core Free Shipping 2015/04/08 23-48-5-108,FALSE,
693,402-6569321-5308311,4/30/2022,Shipped,Amazon,Amazon.in,Expedited,J0008,J0008-SKD-S,Set,S,B0894XGJ83,Shipped,1,INR,1065,"ARVI,Dist- wardha",MAHARASHTRA,442201,IN,IN Core Free Shipping 2015/04/08 23-48-5-108,FALSE,
694,406-5828889-4813915,4/30/2022,Shipped,Amazon,Amazon.in,Expedited,J0341,J0341-DR-S,Western Dress,S,B099NR7612,Shipped,1,INR,744,GHAZIABAD,UTTAR PRADESH,201009,IN,,FALSE,
695,402-4832715-9188334,4/30/2022,Shipped,Amazon,Amazon.in,Expedited,JNE3405,JNE3405-KR-L,kurta,L,B081WSCKPQ,Shipped,1,INR,399,Kurseong,WEST BENGAL,734203,IN,Duplicated AYTJSBA8ZOP16 1567159860988,FALSE,
696,408-9898972-5365901,4/30/2022,Shipped - Delivered to Buyer,Merchant,Amazon.in,Standard,SET220,SET220-KR-PP-XL,Set,XL,B08MXFTM5W,Shipped,1,INR,1099,HYDERABAD,TELANGANA,500015,IN,Amazon PLCC Free-Financing Universal Merchant AAT-WNKTBO3K27EJC;Amazon PLCC Free-Financing Universal Merchant AAT-QX3UCCJESKPA2;Amazon PLCC Free-Financing Universal Merchant AAT-5QQ7BIYYQEDN2;Amazon PLCC Free-Financing Universal Merchant AAT-DSJ2QRXXWXVMQ;Amazon PLCC Free-Financing Universal Merchant AAT-CXJHMC2YJUK76;Amazon PLCC Free-Financing Universal Merchant AAT-CC4FAVTYR4X7C;Amazon PLCC Free-Financing Universal Merchant AAT-XXRCW6NZEPZI4;Amazon PLCC Free-Financing Universal Merchant AAT-EOKPWFWYW7Y6I;Amazon PLCC Free-Financing Universal Merchant AAT-ZYL5UPUNW6T62;Amazon PLCC Free-Financing Universal Merchant AAT-PZHUW6DZX4BPS;Amazon PLCC Free-Financing Universal Merchant AAT-ETXQ3XXWMRXBG;Amazon PLCC Free-Financing Universal Merchant AAT-7X3XCTYG64VBE;Amazon PLCC Free-Financing Universal Merchant AAT-7CHGD3WTS3MHM;Amazon PLCC Free-Financing Universal Merchant AAT-26ZDKNME27X42;Amazon PLCC Free-Financing Universal Merchant AAT-4ZF5KN6E4LJK4;Amazon PLCC Free-Financing Universal Merchant AAT-7RCXIKUAX7DDY;Amazon PLCC Free-Financing Universal Merchant AAT-TNYBHEAO7HOHO;Amazon PLCC Free-Financing Universal Merchant AAT-BRSZZ45H6MHAO;Amazon PLCC Free-Financing Universal Merchant AAT-MKLXOOZWQL7GO;Amazon PLCC Free-Financing Universal Merchant AAT-CB7UNXEXGIJTC;Amazon PLCC Free-Financing Universal Merchant #MP-gzasho-1593152694811;Amazon PLCC Free-Financing Universal Merchant AAT-WLBA4GZ52EAH4;Amazon PLCC Free-Financing Universal Merchant AAT-QMFZ3M7T5NPDS;Amazon PLCC Free-Financing Universal Merchant #MP-pmilan-1601980554292,FALSE,Easy Ship
697,408-7275140-3593905,4/30/2022,Shipped,Amazon,Amazon.in,Expedited,J0341,J0341-DR-M,Western Dress,M,B099NQQ79L,Shipped,1,INR,744,NANDURA,MAHARASHTRA,443404,IN,IN Core Free Shipping 2015/04/08 23-48-5-108,FALSE,
698,405-7907546-1330739,4/30/2022,Shipped,Amazon,Amazon.in,Expedited,JNE3371,JNE3371-KR-XXXL,kurta,3XL,B07WS16LKW,Shipped,1,INR,329,DIU,DADRA AND NAGAR,362570,IN,IN Core Free Shipping 2015/04/08 23-48-5-108,FALSE,
699,405-7732656-4733913,4/30/2022,Shipped - Delivered to Buyer,Merchant,Amazon.in,Standard,JNE3487,JNE3487-KR-XXXL,kurta,3XL,B08RP2HWM6,Shipped,1,INR,362,DIU,DADRA AND NAGAR,362570,IN,Amazon PLCC Free-Financing Universal Merchant AAT-WNKTBO3K27EJC;Amazon PLCC Free-Financing Universal Merchant AAT-QX3UCCJESKPA2;Amazon PLCC Free-Financing Universal Merchant AAT-5QQ7BIYYQEDN2;Amazon PLCC Free-Financing Universal Merchant AAT-DSJ2QRXXWXVMQ;Amazon PLCC Free-Financing Universal Merchant AAT-CXJHMC2YJUK76;Amazon PLCC Free-Financing Universal Merchant AAT-CC4FAVTYR4X7C;Amazon PLCC Free-Financing Universal Merchant AAT-XXRCW6NZEPZI4;Amazon PLCC Free-Financing Universal Merchant AAT-EOKPWFWYW7Y6I;Amazon PLCC Free-Financing Universal Merchant AAT-ZYL5UPUNW6T62;Amazon PLCC Free-Financing Universal Merchant AAT-PZHUW6DZX4BPS;Amazon PLCC Free-Financing Universal Merchant AAT-ETXQ3XXWMRXBG;Amazon PLCC Free-Financing Universal Merchant AAT-7X3XCTYG64VBE;Amazon PLCC Free-Financing Universal Merchant AAT-7CHGD3WTS3MHM;Amazon PLCC Free-Financing Universal Merchant AAT-26ZDKNME27X42;Amazon PLCC Free-Financing Universal Merchant AAT-4ZF5KN6E4LJK4;Amazon PLCC Free-Financing Universal Merchant AAT-7RCXIKUAX7DDY;Amazon PLCC Free-Financing Universal Merchant AAT-BRSZZ45H6MHAO;Amazon PLCC Free-Financing Universal Merchant AAT-MKLXOOZWQL7GO;Amazon PLCC Free-Financing Universal Merchant AAT-CB7UNXEXGIJTC;Amazon PLCC Free-Financing Universal Merchant #MP-gzasho-1593152694811;Amazon PLCC Free-Financing Universal Merchant AAT-WLBA4GZ52EAH4,FALSE,Easy Ship
700,405-7732656-4733913,4/30/2022,Shipped - Delivered to Buyer,Merchant,Amazon.in,Standard,JNE3702,JNE3702-KR-XXXL,kurta,3XL,B093ZRBGR9,Shipped,1,INR,342,DIU,DADRA AND NAGAR,362570,IN,Amazon PLCC Free-Financing Universal Merchant AAT-WNKTBO3K27EJC;Amazon PLCC Free-Financing Universal Merchant AAT-QX3UCCJESKPA2;Amazon PLCC Free-Financing Universal Merchant AAT-5QQ7BIYYQEDN2;Amazon PLCC Free-Financing Universal Merchant AAT-DSJ2QRXXWXVMQ;Amazon PLCC Free-Financing Universal Merchant AAT-CXJHMC2YJUK76;Amazon PLCC Free-Financing Universal Merchant AAT-CC4FAVTYR4X7C;Amazon PLCC Free-Financing Universal Merchant AAT-XXRCW6NZEPZI4;Amazon PLCC Free-Financing Universal Merchant AAT-EOKPWFWYW7Y6I;Amazon PLCC Free-Financing Universal Merchant AAT-ZYL5UPUNW6T62;Amazon PLCC Free-Financing Universal Merchant AAT-PZHUW6DZX4BPS;Amazon PLCC Free-Financing Universal Merchant AAT-ETXQ3XXWMRXBG;Amazon PLCC Free-Financing Universal Merchant AAT-7X3XCTYG64VBE;Amazon PLCC Free-Financing Universal Merchant AAT-7CHGD3WTS3MHM;Amazon PLCC Free-Financing Universal Merchant AAT-26ZDKNME27X42;Amazon PLCC Free-Financing Universal Merchant AAT-4ZF5KN6E4LJK4;Amazon PLCC Free-Financing Universal Merchant AAT-7RCXIKUAX7DDY;Amazon PLCC Free-Financing Universal Merchant AAT-BRSZZ45H6MHAO;Amazon PLCC Free-Financing Universal Merchant AAT-MKLXOOZWQL7GO;Amazon PLCC Free-Financing Universal Merchant AAT-CB7UNXEXGIJTC;Amazon PLCC Free-Financing Universal Merchant #MP-gzasho-1593152694811;Amazon PLCC Free-Financing Universal Merchant AAT-WLBA4GZ52EAH4,FALSE,Easy Ship
701,405-7732656-4733913,4/30/2022,Shipped - Delivered to Buyer,Merchant,Amazon.in,Standard,JNE3461,JNE3461-KR-XXXL,kurta,3XL,B08B3YC7HZ,Shipped,1,INR,363,DIU,DADRA AND NAGAR,362570,IN,Amazon PLCC Free-Financing Universal Merchant AAT-WNKTBO3K27EJC;Amazon PLCC Free-Financing Universal Merchant AAT-QX3UCCJESKPA2;Amazon PLCC Free-Financing Universal Merchant AAT-5QQ7BIYYQEDN2;Amazon PLCC Free-Financing Universal Merchant AAT-DSJ2QRXXWXVMQ;Amazon PLCC Free-Financing Universal Merchant AAT-CXJHMC2YJUK76;Amazon PLCC Free-Financing Universal Merchant AAT-CC4FAVTYR4X7C;Amazon PLCC Free-Financing Universal Merchant AAT-XXRCW6NZEPZI4;Amazon PLCC Free-Financing Universal Merchant AAT-EOKPWFWYW7Y6I;Amazon PLCC Free-Financing Universal Merchant AAT-ZYL5UPUNW6T62;Amazon PLCC Free-Financing Universal Merchant AAT-PZHUW6DZX4BPS;Amazon PLCC Free-Financing Universal Merchant AAT-ETXQ3XXWMRXBG;Amazon PLCC Free-Financing Universal Merchant AAT-7X3XCTYG64VBE;Amazon PLCC Free-Financing Universal Merchant AAT-7CHGD3WTS3MHM;Amazon PLCC Free-Financing Universal Merchant AAT-26ZDKNME27X42;Amazon PLCC Free-Financing Universal Merchant AAT-4ZF5KN6E4LJK4;Amazon PLCC Free-Financing Universal Merchant AAT-7RCXIKUAX7DDY;Amazon PLCC Free-Financing Universal Merchant AAT-BRSZZ45H6MHAO;Amazon PLCC Free-Financing Universal Merchant AAT-MKLXOOZWQL7GO;Amazon PLCC Free-Financing Universal Merchant AAT-CB7UNXEXGIJTC;Amazon PLCC Free-Financing Universal Merchant #MP-gzasho-1593152694811;Amazon PLCC Free-Financing Universal Merchant AAT-WLBA4GZ52EAH4,FALSE,Easy Ship
702,171-5431988-8713937,4/30/2022,Shipped,Amazon,Amazon.in,Expedited,JNE3739,JNE3739-KR-L,kurta,L,B099FC39QH,Shipped,1,INR,459,MUMBAI 400101,MAHARASHTRA,400101,IN,,FALSE,
703,171-6687746-4020351,4/30/2022,Shipped,Amazon,Amazon.in,Expedited,SET265,SET265-KR-NP-L,Set,L,B0983CRK42,Shipped,1,INR,888,GHAZIABAD,UTTAR PRADESH,201010,IN,IN Core Free Shipping 2015/04/08 23-48-5-108,FALSE,
704,403-3045245-2207560,4/30/2022,Shipped,Amazon,Amazon.in,Expedited,JNE3373,JNE3373-KR-XXXL,kurta,3XL,B082W7MZVQ,Shipped,1,INR,376,NEW DELHI,DELHI,110085,IN,IN Core Free Shipping 2015/04/08 23-48-5-108,FALSE,
705,405-4991185-1773106,4/30/2022,Shipped,Amazon,Amazon.in,Expedited,SET291,SET291-KR-PP-XL,Set,XL,B099NJV9X7,Shipped,1,INR,599,KALYAN,MAHARASHTRA,421201,IN,,FALSE,
706,403-6782192-8968326,4/30/2022,Shipped,Amazon,Amazon.in,Expedited,SET343,SET343-KR-NP-XXL,Set,XXL,B09NDLLL9H,Shipped,1,INR,916,Chennai,TAMIL NADU,600012,IN,IN Core Free Shipping 2015/04/08 23-48-5-108,FALSE,
707,171-6640050-9516349,4/30/2022,Shipped,Amazon,Amazon.in,Expedited,JNE3534,JNE3534-KR-XS,kurta,XS,B09B2BZ31X,Shipped,1,INR,329,PONNERI,TAMIL NADU,601204,IN,IN Core Free Shipping 2015/04/08 23-48-5-108,FALSE,
708,402-5014156-9264316,4/30/2022,Cancelled,Amazon,Amazon.in,Expedited,JNE3373,JNE3373-KR-XXXL,kurta,3XL,B082W7MZVQ,Cancelled,0,,,HYDERABAD,TELANGANA,500049,IN,,FALSE,
709,408-8342548-5107567,4/30/2022,Shipped,Amazon,Amazon.in,Expedited,SET345,SET345-KR-NP-XL,Set,XL,B09KXWW582,Shipped,1,INR,626,DAULATPUR,HIMACHAL PRADESH,177204,IN,IN Core Free Shipping 2015/04/08 23-48-5-108,FALSE,
710,404-7769149-3935539,4/30/2022,Shipped,Amazon,Amazon.in,Expedited,JNE3797,JNE3797-KR-L,Western Dress,L,B09SDXFFQ1,Shipped,1,INR,725,SERAMPORE,WEST BENGAL,712249,IN,IN Core Free Shipping 2015/04/08 23-48-5-108,FALSE,
711,402-5903377-6817119,4/30/2022,Cancelled,Amazon,Amazon.in,Expedited,J0094,J0094-KR-M,kurta,M,B089G1FCC7,Cancelled,0,,,Kinnigoli,KARNATAKA,574141,IN,,FALSE,
712,405-6584819-2669165,4/30/2022,Shipped,Amazon,Amazon.in,Expedited,J0230,J0230-SKD-L,Set,L,B08XNDL1DL,Shipped,1,INR,1112,JAIPUR,RAJASTHAN,302012,IN,IN Core Free Shipping 2015/04/08 23-48-5-108,FALSE,
713,405-9099443-7445111,4/30/2022,Cancelled,Amazon,Amazon.in,Expedited,SET364,SET364-KR-NP-XXL,Set,XXL,B09QJ5BYM8,Cancelled,0,,,MIRZAPUR CUM VINDHYACHAL,UTTAR PRADESH,231001,IN,,FALSE,
714,408-3810333-4165930,4/30/2022,Shipped - Delivered to Buyer,Merchant,Amazon.in,Standard,JNE2265,JNE2265-KR-501-XL,kurta,XL,B07HWRCWF8,Shipped,1,INR,329,NEW DELHI,DELHI,110092,IN,Amazon PLCC Free-Financing Universal Merchant AAT-WNKTBO3K27EJC;Amazon PLCC Free-Financing Universal Merchant AAT-QX3UCCJESKPA2;Amazon PLCC Free-Financing Universal Merchant AAT-5QQ7BIYYQEDN2;Amazon PLCC Free-Financing Universal Merchant AAT-DSJ2QRXXWXVMQ;Amazon PLCC Free-Financing Universal Merchant AAT-CXJHMC2YJUK76;Amazon PLCC Free-Financing Universal Merchant AAT-CC4FAVTYR4X7C;Amazon PLCC Free-Financing Universal Merchant AAT-XXRCW6NZEPZI4;Amazon PLCC Free-Financing Universal Merchant AAT-R7GXNZWISTRFA;Amazon PLCC Free-Financing Universal Merchant AAT-EOKPWFWYW7Y6I;Amazon PLCC Free-Financing Universal Merchant AAT-ZYL5UPUNW6T62;Amazon PLCC Free-Financing Universal Merchant AAT-PZHUW6DZX4BPS;Amazon PLCC Free-Financing Universal Merchant AAT-ETXQ3XXWMRXBG;Amazon PLCC Free-Financing Universal Merchant AAT-7X3XCTYG64VBE;Amazon PLCC Free-Financing Universal Merchant AAT-7CHGD3WTS3MHM;Amazon PLCC Free-Financing Universal Merchant AAT-26ZDKNME27X42;Amazon PLCC Free-Financing Universal Merchant AAT-4ZF5KN6E4LJK4;Amazon PLCC Free-Financing Universal Merchant AAT-7RCXIKUAX7DDY;Amazon PLCC Free-Financing Universal Merchant AAT-BRSZZ45H6MHAO;Amazon PLCC Free-Financing Universal Merchant AAT-MKLXOOZWQL7GO;Amazon PLCC Free-Financing Universal Merchant AAT-CB7UNXEXGIJTC;Amazon PLCC Free-Financing Universal Merchant #MP-gzasho-1593152694811;Amazon PLCC Free-Financing Universal Merchant AAT-WLBA4GZ52EAH4;Amazon PLCC Free-Financing Universal Merchant #MP-pmilan-1601980554292,FALSE,Easy Ship
715,405-0881145-7742744,4/30/2022,Shipped,Amazon,Amazon.in,Expedited,JNE3690,JNE3690-TU-S,Top,S,B094FMCJQP,Shipped,1,INR,487,HYDERABAD,TELANGANA,500049,IN,,FALSE,
716,403-7153786-2898705,4/30/2022,Shipped,Amazon,Amazon.in,Expedited,SET347,SET347-KR-NP-XL,Set,XL,B09RKFRBJB,Shipped,1,INR,801,INDORE,MADHYA PRADESH,452010,IN,IN Core Free Shipping 2015/04/08 23-48-5-108,FALSE,
717,408-2042136-9817130,4/30/2022,Shipped,Amazon,Amazon.in,Expedited,JNE3468,JNE3468-KR-L,kurta,L,B08RP69C9N,Shipped,1,INR,352,BENGALURU,KARNATAKA,560016,IN,,FALSE,
718,408-2042136-9817130,4/30/2022,Shipped,Amazon,Amazon.in,Expedited,JNE3291,JNE3291-KR-XL,kurta,XL,B07R4XJNW3,Shipped,1,INR,442,BENGALURU,KARNATAKA,560016,IN,,FALSE,
719,407-8176931-5052349,4/30/2022,Cancelled,Merchant,Amazon.in,Standard,JNE1998,JNE1998-KR-311-S,kurta,S,B074X8TX37,,0,INR,280.95,PONNERI,TAMIL NADU,601204,IN,,FALSE,Easy Ship
720,407-3305249-3442711,4/30/2022,Cancelled,Amazon,Amazon.in,Expedited,JNE3715,JNE3715-KR-S,kurta,S,B09G2SYZCM,Unshipped,1,INR,283,PONNERI,TAMIL NADU,601204,IN,,FALSE,
721,403-5215681-9527524,4/30/2022,Shipped,Amazon,Amazon.in,Expedited,J0003,J0003-SET-XXXL,Set,3XL,B0894Y3VBB,Shipped,1,INR,654,VIJAYAWADA,ANDHRA PRADESH,520015,IN,IN Core Free Shipping 2015/04/08 23-48-5-108,FALSE,
722,408-3749874-2210712,4/30/2022,Shipped,Amazon,Amazon.in,Expedited,JNE3405,JNE3405-KR-L,kurta,L,B081WSCKPQ,Shipped,1,INR,399,DIBRUGARH,ASSAM,786001,IN,,FALSE,
723,406-6143137-4946754,4/30/2022,Shipped,Amazon,Amazon.in,Expedited,BL003,BL003-50BLACK,Blouse,Free,B077YWLPWJ,Shipped,1,INR,419,HYDERABAD,TELANGANA,500075,IN,,FALSE,
724,403-3797724-0896348,4/30/2022,Shipped,Amazon,Amazon.in,Expedited,J0003,J0003-SET-XXXL,Set,3XL,B0894Y3VBB,Shipped,1,INR,654,THANE,MAHARASHTRA,401105,IN,IN Core Free Shipping 2015/04/08 23-48-5-108,FALSE,
725,407-3778695-8884327,4/30/2022,Shipped,Amazon,Amazon.in,Expedited,J0341,J0341-DR-S,Western Dress,S,B099NR7612,Shipped,1,INR,744,BENGALURU,KARNATAKA,560066,IN,IN Core Free Shipping 2015/04/08 23-48-5-108,FALSE,
726,402-6454286-3321909,4/30/2022,Shipped - Delivered to Buyer,Merchant,Amazon.in,Standard,JNE3405,JNE3405-KR-S,kurta,S,B081WX4G4Q,Shipped,1,INR,399,Deganga,WEST BENGAL,743438,IN,Amazon PLCC Free-Financing Universal Merchant AAT-WNKTBO3K27EJC;Amazon PLCC Free-Financing Universal Merchant AAT-QX3UCCJESKPA2;Amazon PLCC Free-Financing Universal Merchant AAT-5QQ7BIYYQEDN2;Amazon PLCC Free-Financing Universal Merchant AAT-DSJ2QRXXWXVMQ;Amazon PLCC Free-Financing Universal Merchant AAT-CXJHMC2YJUK76;Amazon PLCC Free-Financing Universal Merchant AAT-CC4FAVTYR4X7C;Amazon PLCC Free-Financing Universal Merchant AAT-XXRCW6NZEPZI4;Amazon PLCC Free-Financing Universal Merchant AAT-EOKPWFWYW7Y6I;Amazon PLCC Free-Financing Universal Merchant AAT-PZHUW6DZX4BPS;Amazon PLCC Free-Financing Universal Merchant AAT-ETXQ3XXWMRXBG;Amazon PLCC Free-Financing Universal Merchant AAT-7X3XCTYG64VBE;Amazon PLCC Free-Financing Universal Merchant AAT-7CHGD3WTS3MHM;Amazon PLCC Free-Financing Universal Merchant AAT-26ZDKNME27X42;Amazon PLCC Free-Financing Universal Merchant AAT-4ZF5KN6E4LJK4;Amazon PLCC Free-Financing Universal Merchant AAT-7RCXIKUAX7DDY;Amazon PLCC Free-Financing Universal Merchant AAT-BRSZZ45H6MHAO;Amazon PLCC Free-Financing Universal Merchant AAT-MKLXOOZWQL7GO;Amazon PLCC Free-Financing Universal Merchant AAT-CB7UNXEXGIJTC;Amazon PLCC Free-Financing Universal Merchant #MP-gzasho-1593152694811;Amazon PLCC Free-Financing Universal Merchant AAT-WLBA4GZ52EAH4,FALSE,Easy Ship
727,402-9138974-2250726,4/30/2022,Shipped,Amazon,Amazon.in,Expedited,MEN5005,MEN5005-KR-XXXL,kurta,3XL,B08YYPZJ9R,Shipped,1,INR,452,KOLKATA,WEST BENGAL,700033,IN,IN Core Free Shipping 2015/04/08 23-48-5-108,FALSE,
728,402-9138974-2250726,4/30/2022,Shipped,Amazon,Amazon.in,Expedited,MEN5028,MEN5028-KR-XXL,kurta,XXL,B08YZ2M4SQ,Shipped,1,INR,499,KOLKATA,WEST BENGAL,700033,IN,IN Core Free Shipping 2015/04/08 23-48-5-108,FALSE,
729,408-4193711-8156307,4/30/2022,Shipped - Delivered to Buyer,Merchant,Amazon.in,Standard,J0215,J0215-BL-L,Blouse,L,B09KXWWDL3,Shipped,1,INR,0,KARIMGANJ,ASSAM,788710,IN,Amazon PLCC Free-Financing Universal Merchant AAT-5QQ7BIYYQEDN2;Amazon PLCC Free-Financing Universal Merchant AAT-DSJ2QRXXWXVMQ;Amazon PLCC Free-Financing Universal Merchant AAT-XXRCW6NZEPZI4;Amazon PLCC Free-Financing Universal Merchant AAT-ETXQ3XXWMRXBG;Amazon PLCC Free-Financing Universal Merchant AAT-7X3XCTYG64VBE;Amazon PLCC Free-Financing Universal Merchant AAT-7CHGD3WTS3MHM;Amazon PLCC Free-Financing Universal Merchant AAT-26ZDKNME27X42;Amazon PLCC Free-Financing Universal Merchant AAT-4ZF5KN6E4LJK4;Amazon PLCC Free-Financing Universal Merchant AAT-7RCXIKUAX7DDY;Amazon PLCC Free-Financing Universal Merchant #MP-gzasho-1593152694811,FALSE,Easy Ship
730,404-5546156-4947565,4/30/2022,Shipped - Delivered to Buyer,Merchant,Amazon.in,Standard,JNE3368,JNE3368-KR-XXXL,kurta,3XL,B0828PD16L,Shipped,1,INR,471,AHMEDABAD,Gujarat,382340,IN,Amazon PLCC Free-Financing Universal Merchant AAT-WNKTBO3K27EJC;Amazon PLCC Free-Financing Universal Merchant AAT-QX3UCCJESKPA2;Amazon PLCC Free-Financing Universal Merchant AAT-5QQ7BIYYQEDN2;Amazon PLCC Free-Financing Universal Merchant AAT-DSJ2QRXXWXVMQ;Amazon PLCC Free-Financing Universal Merchant AAT-CXJHMC2YJUK76;Amazon PLCC Free-Financing Universal Merchant AAT-CC4FAVTYR4X7C;Amazon PLCC Free-Financing Universal Merchant AAT-XXRCW6NZEPZI4;Amazon PLCC Free-Financing Universal Merchant AAT-EOKPWFWYW7Y6I;Amazon PLCC Free-Financing Universal Merchant AAT-PZHUW6DZX4BPS;Amazon PLCC Free-Financing Universal Merchant AAT-ETXQ3XXWMRXBG;Amazon PLCC Free-Financing Universal Merchant AAT-7X3XCTYG64VBE;Amazon PLCC Free-Financing Universal Merchant AAT-7CHGD3WTS3MHM;Amazon PLCC Free-Financing Universal Merchant AAT-26ZDKNME27X42;Amazon PLCC Free-Financing Universal Merchant AAT-4ZF5KN6E4LJK4;Amazon PLCC Free-Financing Universal Merchant AAT-7RCXIKUAX7DDY;Amazon PLCC Free-Financing Universal Merchant AAT-BRSZZ45H6MHAO;Amazon PLCC Free-Financing Universal Merchant AAT-MKLXOOZWQL7GO;Amazon PLCC Free-Financing Universal Merchant AAT-CB7UNXEXGIJTC;Amazon PLCC Free-Financing Universal Merchant #MP-gzasho-1593152694811;Amazon PLCC Free-Financing Universal Merchant AAT-WLBA4GZ52EAH4,FALSE,Easy Ship
731,408-0902233-8069950,4/30/2022,Shipped - Returned to Seller,Merchant,Amazon.in,Standard,JNE3714,JNE3714-KR-L,kurta,L,B099NQB2S9,Shipped,1,INR,0,BENGALURU,KARNATAKA,560064,IN,Amazon PLCC Free-Financing Universal Merchant AAT-5QQ7BIYYQEDN2;Amazon PLCC Free-Financing Universal Merchant AAT-DSJ2QRXXWXVMQ;Amazon PLCC Free-Financing Universal Merchant AAT-XXRCW6NZEPZI4;Amazon PLCC Free-Financing Universal Merchant AAT-ETXQ3XXWMRXBG;Amazon PLCC Free-Financing Universal Merchant AAT-7X3XCTYG64VBE;Amazon PLCC Free-Financing Universal Merchant AAT-7CHGD3WTS3MHM;Amazon PLCC Free-Financing Universal Merchant AAT-26ZDKNME27X42;Amazon PLCC Free-Financing Universal Merchant AAT-4ZF5KN6E4LJK4;Amazon PLCC Free-Financing Universal Merchant AAT-7RCXIKUAX7DDY;Amazon PLCC Free-Financing Universal Merchant #MP-gzasho-1593152694811,FALSE,Easy Ship
732,171-7821391-2118700,4/30/2022,Shipped,Amazon,Amazon.in,Expedited,PJNE2199,PJNE2199-KR-N-6XL,kurta,6XL,B09LD4J4NP,Shipped,1,INR,431,ALATHUR,KERALA,678572,IN,,FALSE,
733,171-3764328-7297105,4/30/2022,Shipped,Amazon,Amazon.in,Expedited,JNE3634,JNE3634-KR-M,kurta,M,B097ZZR31W,Shipped,1,INR,511,Aluva,KERALA,683102,IN,IN Core Free Shipping 2015/04/08 23-48-5-108,FALSE,
734,406-5700980-4110708,4/30/2022,Shipped,Amazon,Amazon.in,Expedited,J0280,J0280-SKD-S,Set,S,B08QGM7FCC,Shipped,1,INR,1463,CHENNAI,TAMIL NADU,600083,IN,IN Core Free Shipping 2015/04/08 23-48-5-108,FALSE,
735,406-4317049-7021127,4/30/2022,Shipped,Amazon,Amazon.in,Expedited,JNE3794,JNE3794-KR-M,kurta,M,B09HMVWDN3,Shipped,1,INR,517,AZAMGARH,UTTAR PRADESH,276141,IN,IN Core Free Shipping 2015/04/08 23-48-5-108,FALSE,
736,408-0738576-5377963,4/30/2022,Shipped,Amazon,Amazon.in,Expedited,JNE3421,JNE3421-KR-N-L,kurta,L,B08TRHPCDQ,Shipped,1,INR,399,HYDERABAD,TELANGANA,500089,IN,IN Core Free Shipping 2015/04/08 23-48-5-108,FALSE,
737,171-6112262-4294731,4/30/2022,Cancelled,Amazon,Amazon.in,Expedited,JNE3634,JNE3634-KR-M,kurta,M,B097ZZR31W,Cancelled,0,,,CHENGAMANAD,KERALA,683102,IN,,FALSE,
738,402-0069978-7444377,4/30/2022,Shipped - Delivered to Buyer,Merchant,Amazon.in,Standard,JNE3405,JNE3405-KR-S,kurta,S,B081WX4G4Q,Shipped,1,INR,399,HYDERABAD,TELANGANA,500067,IN,Amazon PLCC Free-Financing Universal Merchant AAT-WNKTBO3K27EJC;Amazon PLCC Free-Financing Universal Merchant AAT-QX3UCCJESKPA2;Amazon PLCC Free-Financing Universal Merchant AAT-5QQ7BIYYQEDN2;Amazon PLCC Free-Financing Universal Merchant AAT-DSJ2QRXXWXVMQ;Amazon PLCC Free-Financing Universal Merchant AAT-CXJHMC2YJUK76;Amazon PLCC Free-Financing Universal Merchant AAT-SL3Y2YRMAUNFC;Amazon PLCC Free-Financing Universal Merchant AAT-CC4FAVTYR4X7C;Amazon PLCC Free-Financing Universal Merchant AAT-XXRCW6NZEPZI4;Amazon PLCC Free-Financing Universal Merchant AAT-WSJLDN3X7KEMO;Amazon PLCC Free-Financing Universal Merchant AAT-VL6FGQVGQVXUS;Amazon PLCC Free-Financing Universal Merchant AAT-EOKPWFWYW7Y6I;Amazon PLCC Free-Financing Universal Merchant AAT-ZYL5UPUNW6T62;Amazon PLCC Free-Financing Universal Merchant AAT-PZHUW6DZX4BPS;Amazon PLCC Free-Financing Universal Merchant AAT-ETXQ3XXWMRXBG;Amazon PLCC Free-Financing Universal Merchant AAT-7X3XCTYG64VBE;Amazon PLCC Free-Financing Universal Merchant AAT-7CHGD3WTS3MHM;Amazon PLCC Free-Financing Universal Merchant AAT-26ZDKNME27X42;Amazon PLCC Free-Financing Universal Merchant AAT-4ZF5KN6E4LJK4;Amazon PLCC Free-Financing Universal Merchant AAT-7RCXIKUAX7DDY;Amazon PLCC Free-Financing Universal Merchant AAT-BRSZZ45H6MHAO;Amazon PLCC Free-Financing Universal Merchant AAT-MKLXOOZWQL7GO;Amazon PLCC Free-Financing Universal Merchant AAT-CB7UNXEXGIJTC;Amazon PLCC Free-Financing Universal Merchant #MP-gzasho-1593152694811;Amazon PLCC Free-Financing Universal Merchant AAT-WLBA4GZ52EAH4,FALSE,Easy Ship
739,407-6451607-8520320,4/30/2022,Shipped,Amazon,Amazon.in,Expedited,SET110,SET110-KR-PP-S,Set,S,B0822T2BM8,Shipped,1,INR,788,NEW DELHI,DELHI,110063,IN,IN Core Free Shipping 2015/04/08 23-48-5-108,FALSE,
740,407-6825420-7253915,4/30/2022,Cancelled,Merchant,Amazon.in,Standard,J0117,J0117-TP-XXL,Top,XXL,B08N4XHHCQ,,0,INR,493.33,NAGPUR,MAHARASHTRA,441110,IN,,FALSE,Easy Ship
741,171-2497796-8649164,4/30/2022,Shipped,Amazon,Amazon.in,Expedited,SET374,SET374-KR-NP-XS,Set,XS,B09NDKGZ6V,Shipped,1,INR,597,NIZAMABAD,TELANGANA,503001,IN,IN Core Free Shipping 2015/04/08 23-48-5-108,FALSE,
742,405-3921640-0927553,4/30/2022,Shipped - Delivered to Buyer,Merchant,Amazon.in,Standard,SET345,SET345-KR-NP-L,Set,L,B09KXT4VG7,Shipped,1,INR,666,LONI KALBHOR,MAHARASHTRA,412201,IN,Amazon PLCC Free-Financing Universal Merchant AAT-WNKTBO3K27EJC;Amazon PLCC Free-Financing Universal Merchant AAT-QX3UCCJESKPA2;Amazon PLCC Free-Financing Universal Merchant AAT-5QQ7BIYYQEDN2;Amazon PLCC Free-Financing Universal Merchant AAT-DSJ2QRXXWXVMQ;Amazon PLCC Free-Financing Universal Merchant AAT-CXJHMC2YJUK76;Amazon PLCC Free-Financing Universal Merchant AAT-SL3Y2YRMAUNFC;Amazon PLCC Free-Financing Universal Merchant AAT-CC4FAVTYR4X7C;Amazon PLCC Free-Financing Universal Merchant AAT-XXRCW6NZEPZI4;Amazon PLCC Free-Financing Universal Merchant AAT-EOKPWFWYW7Y6I;Amazon PLCC Free-Financing Universal Merchant AAT-ZYL5UPUNW6T62;Amazon PLCC Free-Financing Universal Merchant AAT-PZHUW6DZX4BPS;Amazon PLCC Free-Financing Universal Merchant AAT-ETXQ3XXWMRXBG;Amazon PLCC Free-Financing Universal Merchant AAT-7X3XCTYG64VBE;Amazon PLCC Free-Financing Universal Merchant AAT-7CHGD3WTS3MHM;Amazon PLCC Free-Financing Universal Merchant AAT-26ZDKNME27X42;Amazon PLCC Free-Financing Universal Merchant AAT-4ZF5KN6E4LJK4;Amazon PLCC Free-Financing Universal Merchant AAT-7RCXIKUAX7DDY;Amazon PLCC Free-Financing Universal Merchant AAT-TNYBHEAO7HOHO;Amazon PLCC Free-Financing Universal Merchant AAT-BRSZZ45H6MHAO;Amazon PLCC Free-Financing Universal Merchant AAT-MKLXOOZWQL7GO;Amazon PLCC Free-Financing Universal Merchant AAT-CB7UNXEXGIJTC;Amazon PLCC Free-Financing Universal Merchant #MP-gzasho-1593152694811;Amazon PLCC Free-Financing Universal Merchant AAT-WLBA4GZ52EAH4;Amazon PLCC Free-Financing Universal Merchant AAT-QMFZ3M7T5NPDS;Amazon PLCC Free-Financing Universal Merchant #MP-pmilan-1601980554292,FALSE,Easy Ship
743,402-8291421-3780342,4/30/2022,Shipped,Amazon,Amazon.in,Expedited,J0230,J0230-SKD-XL,Set,XL,B08XNJ8P3S,Shipped,1,INR,1112,KHELARI,JHARKHAND,829205,IN,IN Core Free Shipping 2015/04/08 23-48-5-108,FALSE,
744,402-8291421-3780342,4/30/2022,Shipped,Amazon,Amazon.in,Expedited,J0003,J0003-SET-XL,Set,XL,B0894YFQ5R,Shipped,1,INR,696,KHELARI,JHARKHAND,829205,IN,IN Core Free Shipping 2015/04/08 23-48-5-108,FALSE,
745,407-4549939-3485945,4/30/2022,Shipped,Amazon,Amazon.in,Expedited,SET285,SET285-KR-SHA-XS,Set,XS,B099NJRH7C,Shipped,1,INR,499,Mira road,MAHARASHTRA,401107,IN,,FALSE,
746,403-3597087-4521139,4/30/2022,Shipped,Amazon,Amazon.in,Expedited,JNE3394,JNE3394-KR-A-XL,kurta,XL,B083SLWN34,Shipped,1,INR,414,BENGALURU,KARNATAKA,560097,IN,IN Core Free Shipping 2015/04/08 23-48-5-108,FALSE,
747,171-9016873-6719541,4/30/2022,Shipped,Amazon,Amazon.in,Expedited,SET356,SET356-KR-NP-XL,Set,XL,B09QJ362XS,Shipped,1,INR,1099,GHAZIPUR,UTTAR PRADESH,233001,IN,IN Core Free Shipping 2015/04/08 23-48-5-108,FALSE,
748,171-3693730-4530754,4/30/2022,Cancelled,Amazon,Amazon.in,Expedited,SET324,SET324-KR-NP-M,Set,M,B09NQ4NM75,Cancelled,0,,,KOLKATA,WEST BENGAL,700034,IN,,FALSE,
749,404-0541321-3023502,4/30/2022,Shipped,Amazon,Amazon.in,Expedited,J0095,J0095-SET-XXXL,Set,3XL,B08CMV6SCJ,Shipped,1,INR,653,PUNE,MAHARASHTRA,411048,IN,IN Core Free Shipping 2015/04/08 23-48-5-108,FALSE,
750,402-1600884-0332308,4/30/2022,Shipped,Amazon,Amazon.in,Expedited,JNE3468,JNE3468-KR-XXL,kurta,XXL,B08RP3TP66,Shipped,1,INR,352,CUTTACK,ODISHA,753001,IN,IN Core Free Shipping 2015/04/08 23-48-5-108,FALSE,
751,402-0229417-2609936,4/30/2022,Shipped,Amazon,Amazon.in,Expedited,J0343,J0343-DR-XXXL,Western Dress,3XL,B098314S8L,Shipped,1,INR,744,KALABURGI,KARNATAKA,585104,IN,IN Core Free Shipping 2015/04/08 23-48-5-108,FALSE,
752,403-0131049-2132337,4/30/2022,Shipped,Amazon,Amazon.in,Expedited,JNE3405,JNE3405-KR-XL,kurta,XL,B081WT6GG7,Shipped,1,INR,399,NEW DELHI,DELHI,110016,IN,IN Core Free Shipping 2015/04/08 23-48-5-108,FALSE,
753,171-4573948-3966741,4/30/2022,Shipped,Amazon,Amazon.in,Expedited,J0380,J0380-SKD-XXXL,Set,3XL,B09M6VB8C4,Shipped,1,INR,1438,KATIHAR,BIHAR,855102,IN,IN Core Free Shipping 2015/04/08 23-48-5-108,FALSE,
754,171-0211853-1251554,4/30/2022,Shipped - Delivered to Buyer,Merchant,Amazon.in,Standard,J0382,J0382-SKD-XL,Set,XL,B09M6TRWRL,Shipped,1,INR,1173,KATIHAR,BIHAR,855102,IN,Amazon PLCC Free-Financing Universal Merchant AAT-WNKTBO3K27EJC;Amazon PLCC Free-Financing Universal Merchant AAT-QX3UCCJESKPA2;Amazon PLCC Free-Financing Universal Merchant AAT-5QQ7BIYYQEDN2;Amazon PLCC Free-Financing Universal Merchant AAT-DSJ2QRXXWXVMQ;Amazon PLCC Free-Financing Universal Merchant AAT-CXJHMC2YJUK76;Amazon PLCC Free-Financing Universal Merchant AAT-SL3Y2YRMAUNFC;Amazon PLCC Free-Financing Universal Merchant AAT-CC4FAVTYR4X7C;Amazon PLCC Free-Financing Universal Merchant AAT-XXRCW6NZEPZI4;Amazon PLCC Free-Financing Universal Merchant AAT-EOKPWFWYW7Y6I;Amazon PLCC Free-Financing Universal Merchant AAT-ZYL5UPUNW6T62;Amazon PLCC Free-Financing Universal Merchant AAT-PZHUW6DZX4BPS;Amazon PLCC Free-Financing Universal Merchant AAT-ETXQ3XXWMRXBG;Amazon PLCC Free-Financing Universal Merchant AAT-7X3XCTYG64VBE;Amazon PLCC Free-Financing Universal Merchant AAT-7CHGD3WTS3MHM;Amazon PLCC Free-Financing Universal Merchant AAT-26ZDKNME27X42;Amazon PLCC Free-Financing Universal Merchant AAT-4ZF5KN6E4LJK4;Amazon PLCC Free-Financing Universal Merchant AAT-7RCXIKUAX7DDY;Amazon PLCC Free-Financing Universal Merchant AAT-BRSZZ45H6MHAO;Amazon PLCC Free-Financing Universal Merchant AAT-MKLXOOZWQL7GO;Amazon PLCC Free-Financing Universal Merchant AAT-CB7UNXEXGIJTC;Amazon PLCC Free-Financing Universal Merchant #MP-gzasho-1593152694811;Amazon PLCC Free-Financing Universal Merchant AAT-WLBA4GZ52EAH4;Amazon PLCC Free-Financing Universal Merchant #MP-pmilan-1601980554292,FALSE,Easy Ship
755,404-3699924-2837921,4/30/2022,Shipped - Delivered to Buyer,Merchant,Amazon.in,Standard,JNE3802,JNE3802-KR-M,kurta,M,B09K3W2LHF,Shipped,1,INR,459,BENGALURU,KARNATAKA,560086,IN,Amazon PLCC Free-Financing Universal Merchant AAT-WNKTBO3K27EJC;Amazon PLCC Free-Financing Universal Merchant AAT-QX3UCCJESKPA2;Amazon PLCC Free-Financing Universal Merchant AAT-5QQ7BIYYQEDN2;Amazon PLCC Free-Financing Universal Merchant AAT-DSJ2QRXXWXVMQ;Amazon PLCC Free-Financing Universal Merchant AAT-CXJHMC2YJUK76;Amazon PLCC Free-Financing Universal Merchant AAT-CC4FAVTYR4X7C;Amazon PLCC Free-Financing Universal Merchant AAT-XXRCW6NZEPZI4;Amazon PLCC Free-Financing Universal Merchant AAT-R7GXNZWISTRFA;Amazon PLCC Free-Financing Universal Merchant AAT-EOKPWFWYW7Y6I;Amazon PLCC Free-Financing Universal Merchant AAT-PZHUW6DZX4BPS;Amazon PLCC Free-Financing Universal Merchant AAT-ETXQ3XXWMRXBG;Amazon PLCC Free-Financing Universal Merchant AAT-7X3XCTYG64VBE;Amazon PLCC Free-Financing Universal Merchant AAT-7CHGD3WTS3MHM;Amazon PLCC Free-Financing Universal Merchant AAT-26ZDKNME27X42;Amazon PLCC Free-Financing Universal Merchant AAT-4ZF5KN6E4LJK4;Amazon PLCC Free-Financing Universal Merchant AAT-7RCXIKUAX7DDY;Amazon PLCC Free-Financing Universal Merchant AAT-BRSZZ45H6MHAO;Amazon PLCC Free-Financing Universal Merchant AAT-MKLXOOZWQL7GO;Amazon PLCC Free-Financing Universal Merchant AAT-CB7UNXEXGIJTC;Amazon PLCC Free-Financing Universal Merchant #MP-gzasho-1593152694811;Amazon PLCC Free-Financing Universal Merchant AAT-WLBA4GZ52EAH4;Amazon PLCC Free-Financing Universal Merchant #MP-pmilan-1601980554292,FALSE,Easy Ship
756,405-0457160-2123517,4/30/2022,Shipped,Amazon,Amazon.in,Expedited,J0236,J0236-SKD-XXL,Set,XXL,B08ZYQ716N,Shipped,1,INR,922,NAGERCOIL,TAMIL NADU,629002,IN,IN Core Free Shipping 2015/04/08 23-48-5-108,FALSE,
757,408-6862973-4520309,4/30/2022,Shipped,Amazon,Amazon.in,Expedited,J0095,J0095-SET-XXXL,Set,3XL,B08CMV6SCJ,Shipped,1,INR,653,MUMBAI,MAHARASHTRA,400077,IN,,FALSE,
758,171-7679971-0310752,4/30/2022,Cancelled,Amazon,Amazon.in,Expedited,JNE3461,JNE3461-KR-XL,kurta,XL,B08B3YPXKZ,Unshipped,1,INR,363,KOTHAGUDEM,TELANGANA,507101,IN,,FALSE,
759,171-3669717-3172330,4/30/2022,Shipped,Amazon,Amazon.in,Expedited,MEN5009,MEN5009-KR-M,kurta,M,B08YYX8VKT,Shipped,1,INR,499,BHINDER,RAJASTHAN,313603,IN,IN Core Free Shipping 2015/04/08 23-48-5-108,FALSE,
760,403-9724686-7777903,4/30/2022,Shipped,Amazon,Amazon.in,Expedited,PJNE3399,PJNE3399-KR-N-6XL,kurta,6XL,B09LD4YF4X,Shipped,1,INR,486,AHMEDABAD,Gujarat,382481,IN,,FALSE,
761,403-8306900-1833930,4/30/2022,Shipped - Delivered to Buyer,Merchant,Amazon.in,Standard,PJNE3068,PJNE3068-KR-6XL,kurta,6XL,B09M76SVFW,Shipped,1,INR,692,AHMEDABAD,Gujarat,382481,IN,Amazon PLCC Free-Financing Universal Merchant AAT-WNKTBO3K27EJC;Amazon PLCC Free-Financing Universal Merchant AAT-QX3UCCJESKPA2;Amazon PLCC Free-Financing Universal Merchant AAT-5QQ7BIYYQEDN2;Amazon PLCC Free-Financing Universal Merchant AAT-DSJ2QRXXWXVMQ;Amazon PLCC Free-Financing Universal Merchant AAT-CXJHMC2YJUK76;Amazon PLCC Free-Financing Universal Merchant AAT-CC4FAVTYR4X7C;Amazon PLCC Free-Financing Universal Merchant AAT-XXRCW6NZEPZI4;Amazon PLCC Free-Financing Universal Merchant AAT-WSJLDN3X7KEMO;Amazon PLCC Free-Financing Universal Merchant AAT-VL6FGQVGQVXUS;Amazon PLCC Free-Financing Universal Merchant AAT-EOKPWFWYW7Y6I;Amazon PLCC Free-Financing Universal Merchant AAT-ZYL5UPUNW6T62;Amazon PLCC Free-Financing Universal Merchant AAT-PZHUW6DZX4BPS;Amazon PLCC Free-Financing Universal Merchant AAT-ETXQ3XXWMRXBG;Amazon PLCC Free-Financing Universal Merchant AAT-7X3XCTYG64VBE;Amazon PLCC Free-Financing Universal Merchant AAT-7CHGD3WTS3MHM;Amazon PLCC Free-Financing Universal Merchant AAT-26ZDKNME27X42;Amazon PLCC Free-Financing Universal Merchant AAT-4ZF5KN6E4LJK4;Amazon PLCC Free-Financing Universal Merchant AAT-7RCXIKUAX7DDY;Amazon PLCC Free-Financing Universal Merchant AAT-BRSZZ45H6MHAO;Amazon PLCC Free-Financing Universal Merchant AAT-MKLXOOZWQL7GO;Amazon PLCC Free-Financing Universal Merchant AAT-CB7UNXEXGIJTC;Amazon PLCC Free-Financing Universal Merchant #MP-gzasho-1593152694811;Amazon PLCC Free-Financing Universal Merchant AAT-WLBA4GZ52EAH4,FALSE,Easy Ship
762,403-1962150-0618711,4/30/2022,Shipped,Amazon,Amazon.in,Expedited,JNE1998,JNE1998-KR-311-XXL,kurta,XXL,B078NTPQHT,Shipped,1,INR,295,CHENNAI,TAMIL NADU,600078,IN,IN Core Free Shipping 2015/04/08 23-48-5-108,FALSE,
763,403-1632972-2861963,4/30/2022,Shipped - Delivered to Buyer,Merchant,Amazon.in,Standard,JNE3468,JNE3468-KR-XL,kurta,XL,B08RP67NGB,Shipped,1,INR,363,CHENNAI,TAMIL NADU,600078,IN,Amazon PLCC Free-Financing Universal Merchant AAT-WNKTBO3K27EJC;Amazon PLCC Free-Financing Universal Merchant AAT-QX3UCCJESKPA2;Amazon PLCC Free-Financing Universal Merchant AAT-5QQ7BIYYQEDN2;Amazon PLCC Free-Financing Universal Merchant AAT-DSJ2QRXXWXVMQ;Amazon PLCC Free-Financing Universal Merchant AAT-CXJHMC2YJUK76;Amazon PLCC Free-Financing Universal Merchant AAT-CC4FAVTYR4X7C;Amazon PLCC Free-Financing Universal Merchant AAT-XXRCW6NZEPZI4;Amazon PLCC Free-Financing Universal Merchant AAT-WSJLDN3X7KEMO;Amazon PLCC Free-Financing Universal Merchant AAT-VL6FGQVGQVXUS;Amazon PLCC Free-Financing Universal Merchant AAT-EOKPWFWYW7Y6I;Amazon PLCC Free-Financing Universal Merchant AAT-ZYL5UPUNW6T62;Amazon PLCC Free-Financing Universal Merchant AAT-XVPICCHRWDCAI;Amazon PLCC Free-Financing Universal Merchant AAT-PZHUW6DZX4BPS;Amazon PLCC Free-Financing Universal Merchant AAT-ETXQ3XXWMRXBG;Amazon PLCC Free-Financing Universal Merchant AAT-7X3XCTYG64VBE;Amazon PLCC Free-Financing Universal Merchant AAT-7CHGD3WTS3MHM;Amazon PLCC Free-Financing Universal Merchant AAT-26ZDKNME27X42;Amazon PLCC Free-Financing Universal Merchant AAT-4ZF5KN6E4LJK4;Amazon PLCC Free-Financing Universal Merchant AAT-7RCXIKUAX7DDY;Amazon PLCC Free-Financing Universal Merchant AAT-BRSZZ45H6MHAO;Amazon PLCC Free-Financing Universal Merchant AAT-MKLXOOZWQL7GO;Amazon PLCC Free-Financing Universal Merchant AAT-CB7UNXEXGIJTC;Amazon PLCC Free-Financing Universal Merchant #MP-gzasho-1593152694811;Amazon PLCC Free-Financing Universal Merchant AAT-WLBA4GZ52EAH4,FALSE,Easy Ship
764,403-9533906-1728355,4/30/2022,Shipped,Amazon,Amazon.in,Expedited,JNE3405,JNE3405-KR-XXL,kurta,XXL,B081WSL2JS,Shipped,1,INR,399,JALANDHAR,PUNJAB,144005,IN,IN Core Free Shipping 2015/04/08 23-48-5-108,FALSE,
765,171-1269122-8425943,4/30/2022,Shipped,Amazon,Amazon.in,Expedited,J0236,J0236-SKD-S,Set,S,B08ZYPD8GX,Shipped,1,INR,950,NARASAPUR,ANDHRA PRADESH,534275,IN,IN Core Free Shipping 2015/04/08 23-48-5-108,FALSE,
766,171-2937341-8703561,4/30/2022,Shipped,Amazon,Amazon.in,Expedited,JNE3440,JNE3440-KR-N-XS,kurta,XS,B09HMY3YLT,Shipped,1,INR,399,PALAKKAD,KERALA,678502,IN,IN Core Free Shipping 2015/04/08 23-48-5-108,FALSE,
767,406-5206188-8892351,4/30/2022,Shipped,Amazon,Amazon.in,Expedited,J0308,J0308-DR-M,Western Dress,M,B099NV5WD8,Shipped,1,INR,625,PARVATHIPURAM,ANDHRA PRADESH,535501,IN,IN Core Free Shipping 2015/04/08 23-48-5-108,FALSE,
768,405-5228379-1065951,4/30/2022,Shipped,Amazon,Amazon.in,Expedited,SET398,SET398-KR-PP-L,Set,L,B09RP8WLNY,Shipped,1,INR,1115,BIDHAN NAGAR,WEST BENGAL,700064,IN,IN Core Free Shipping 2015/04/08 23-48-5-108,FALSE,
769,406-3236326-4964331,4/30/2022,Shipped - Delivered to Buyer,Merchant,Amazon.in,Standard,JNE3799,JNE3799-KR-XS,kurta,XS,B09SDZ78G5,Shipped,1,INR,666,PUNE,MAHARASHTRA,411024,IN,Amazon PLCC Free-Financing Universal Merchant AAT-WNKTBO3K27EJC;Amazon PLCC Free-Financing Universal Merchant AAT-QX3UCCJESKPA2;Amazon PLCC Free-Financing Universal Merchant AAT-5QQ7BIYYQEDN2;Amazon PLCC Free-Financing Universal Merchant AAT-DSJ2QRXXWXVMQ;Amazon PLCC Free-Financing Universal Merchant AAT-CXJHMC2YJUK76;Amazon PLCC Free-Financing Universal Merchant AAT-CC4FAVTYR4X7C;Amazon PLCC Free-Financing Universal Merchant AAT-XXRCW6NZEPZI4;Amazon PLCC Free-Financing Universal Merchant SS-1643890021772;Amazon PLCC Free-Financing Universal Merchant AAT-R7GXNZWISTRFA;Amazon PLCC Free-Financing Universal Merchant AAT-WSJLDN3X7KEMO;Amazon PLCC Free-Financing Universal Merchant AAT-VL6FGQVGQVXUS;Amazon PLCC Free-Financing Universal Merchant AAT-EOKPWFWYW7Y6I;Amazon PLCC Free-Financing Universal Merchant AAT-ZYL5UPUNW6T62;Amazon PLCC Free-Financing Universal Merchant AAT-PZHUW6DZX4BPS;Amazon PLCC Free-Financing Universal Merchant AAT-ETXQ3XXWMRXBG;Amazon PLCC Free-Financing Universal Merchant AAT-7X3XCTYG64VBE;Amazon PLCC Free-Financing Universal Merchant AAT-7CHGD3WTS3MHM;Amazon PLCC Free-Financing Universal Merchant AAT-26ZDKNME27X42;Amazon PLCC Free-Financing Universal Merchant AAT-4ZF5KN6E4LJK4;Amazon PLCC Free-Financing Universal Merchant AAT-7RCXIKUAX7DDY;Amazon PLCC Free-Financing Universal Merchant AAT-BRSZZ45H6MHAO;Amazon PLCC Free-Financing Universal Merchant AAT-MKLXOOZWQL7GO;Amazon PLCC Free-Financing Universal Merchant AAT-CB7UNXEXGIJTC;Amazon PLCC Free-Financing Universal Merchant #MP-gzasho-1593152694811;Amazon PLCC Free-Financing Universal Merchant AAT-WLBA4GZ52EAH4,FALSE,Easy Ship
770,408-3364449-3401947,4/30/2022,Cancelled,Amazon,Amazon.in,Expedited,SET121,SET121-KR-NP-XS,Set,XS,B085HRF83T,Cancelled,0,,,Mumbai,MAHARASHTRA,400030,IN,,FALSE,
771,402-7682157-9147503,4/30/2022,Shipped - Delivered to Buyer,Merchant,Amazon.in,Standard,J0003,J0003-SET-L,Set,L,B0894Y4PNG,Shipped,1,INR,696,HYDERABAD,TELANGANA,500085,IN,Amazon PLCC Free-Financing Universal Merchant AAT-WNKTBO3K27EJC;Amazon PLCC Free-Financing Universal Merchant AAT-QX3UCCJESKPA2;Amazon PLCC Free-Financing Universal Merchant AAT-5QQ7BIYYQEDN2;Amazon PLCC Free-Financing Universal Merchant AAT-DSJ2QRXXWXVMQ;Amazon PLCC Free-Financing Universal Merchant AAT-CXJHMC2YJUK76;Amazon PLCC Free-Financing Universal Merchant AAT-SL3Y2YRMAUNFC;Amazon PLCC Free-Financing Universal Merchant AAT-CC4FAVTYR4X7C;Amazon PLCC Free-Financing Universal Merchant AAT-XXRCW6NZEPZI4;Amazon PLCC Free-Financing Universal Merchant AAT-GCJU35EX7SQJ4;Amazon PLCC Free-Financing Universal Merchant AAT-EOKPWFWYW7Y6I;Amazon PLCC Free-Financing Universal Merchant AAT-ZYL5UPUNW6T62;Amazon PLCC Free-Financing Universal Merchant AAT-PZHUW6DZX4BPS;Amazon PLCC Free-Financing Universal Merchant AAT-ETXQ3XXWMRXBG;Amazon PLCC Free-Financing Universal Merchant AAT-7X3XCTYG64VBE;Amazon PLCC Free-Financing Universal Merchant AAT-7CHGD3WTS3MHM;Amazon PLCC Free-Financing Universal Merchant AAT-26ZDKNME27X42;Amazon PLCC Free-Financing Universal Merchant AAT-4ZF5KN6E4LJK4;Amazon PLCC Free-Financing Universal Merchant AAT-7RCXIKUAX7DDY;Amazon PLCC Free-Financing Universal Merchant AAT-BRSZZ45H6MHAO;Amazon PLCC Free-Financing Universal Merchant AAT-MKLXOOZWQL7GO;Amazon PLCC Free-Financing Universal Merchant AAT-CB7UNXEXGIJTC;Amazon PLCC Free-Financing Universal Merchant #MP-gzasho-1593152694811;Amazon PLCC Free-Financing Universal Merchant AAT-WLBA4GZ52EAH4,FALSE,Easy Ship
772,405-1515003-2007535,4/30/2022,Shipped,Amazon,Amazon.in,Expedited,J0202,J0202-TP-XXL,Top,XXL,B0965L5FLZ,Shipped,1,INR,519,HYDERABAD,TELANGANA,500089,IN,IN Core Free Shipping 2015/04/08 23-48-5-108,FALSE,
773,408-8569813-9288333,4/30/2022,Shipped - Delivered to Buyer,Merchant,Amazon.in,Standard,J0014,J0014-LCD-S,Set,S,B0894WPZNV,Shipped,1,INR,1199,SATNA,MADHYA PRADESH,485001,IN,Amazon PLCC Free-Financing Universal Merchant AAT-WNKTBO3K27EJC;Amazon PLCC Free-Financing Universal Merchant AAT-QX3UCCJESKPA2;Amazon PLCC Free-Financing Universal Merchant AAT-5QQ7BIYYQEDN2;Amazon PLCC Free-Financing Universal Merchant AAT-DSJ2QRXXWXVMQ;Amazon PLCC Free-Financing Universal Merchant AAT-CXJHMC2YJUK76;Amazon PLCC Free-Financing Universal Merchant AAT-SL3Y2YRMAUNFC;Amazon PLCC Free-Financing Universal Merchant AAT-CC4FAVTYR4X7C;Amazon PLCC Free-Financing Universal Merchant AAT-XXRCW6NZEPZI4;Amazon PLCC Free-Financing Universal Merchant AAT-CXNSLNBROFDW4;Amazon PLCC Free-Financing Universal Merchant AAT-WSJLDN3X7KEMO;Amazon PLCC Free-Financing Universal Merchant AAT-VL6FGQVGQVXUS;Amazon PLCC Free-Financing Universal Merchant AAT-EOKPWFWYW7Y6I;Amazon PLCC Free-Financing Universal Merchant AAT-ZYL5UPUNW6T62;Amazon PLCC Free-Financing Universal Merchant AAT-XVPICCHRWDCAI;Amazon PLCC Free-Financing Universal Merchant AAT-PZHUW6DZX4BPS;Amazon PLCC Free-Financing Universal Merchant AAT-ETXQ3XXWMRXBG;Amazon PLCC Free-Financing Universal Merchant AAT-7X3XCTYG64VBE;Amazon PLCC Free-Financing Universal Merchant AAT-7CHGD3WTS3MHM;Amazon PLCC Free-Financing Universal Merchant AAT-26ZDKNME27X42;Amazon PLCC Free-Financing Universal Merchant AAT-4ZF5KN6E4LJK4;Amazon PLCC Free-Financing Universal Merchant AAT-7RCXIKUAX7DDY;Amazon PLCC Free-Financing Universal Merchant AAT-BRSZZ45H6MHAO;Amazon PLCC Free-Financing Universal Merchant AAT-MKLXOOZWQL7GO;Amazon PLCC Free-Financing Universal Merchant AAT-CB7UNXEXGIJTC;Amazon PLCC Free-Financing Universal Merchant #MP-gzasho-1593152694811;Amazon PLCC Free-Financing Universal Merchant AAT-WLBA4GZ52EAH4,FALSE,Easy Ship
774,404-0867714-0772302,4/30/2022,Shipped,Amazon,Amazon.in,Expedited,SET291,SET291-KR-PP-XXL,Set,XXL,B099NJQ8JQ,Shipped,1,INR,563,Padur,TAMIL NADU,603103,IN,IN Core Free Shipping 2015/04/08 23-48-5-108,FALSE,
775,404-0867714-0772302,4/30/2022,Shipped,Amazon,Amazon.in,Expedited,JNE3405,JNE3405-KR-XXL,kurta,XXL,B081WSL2JS,Shipped,1,INR,399,Padur,TAMIL NADU,603103,IN,IN Core Free Shipping 2015/04/08 23-48-5-108,FALSE,
776,404-0867714-0772302,4/30/2022,Shipped,Amazon,Amazon.in,Expedited,JNE3396,JNE3396-KR-XL,kurta,XL,B083ZZGZBV,Shipped,1,INR,487,Padur,TAMIL NADU,603103,IN,IN Core Free Shipping 2015/04/08 23-48-5-108,FALSE,
777,402-1704468-7240327,4/30/2022,Shipped - Delivered to Buyer,Merchant,Amazon.in,Standard,JNE3609,JNE3609-KR-XXL,kurta,XXL,B08W1HC76G,Shipped,1,INR,568,MADURAI,TAMIL NADU,625007,IN,Amazon PLCC Free-Financing Universal Merchant AAT-WNKTBO3K27EJC;Amazon PLCC Free-Financing Universal Merchant AAT-QX3UCCJESKPA2;Amazon PLCC Free-Financing Universal Merchant AAT-5QQ7BIYYQEDN2;Amazon PLCC Free-Financing Universal Merchant AAT-DSJ2QRXXWXVMQ;Amazon PLCC Free-Financing Universal Merchant AAT-CXJHMC2YJUK76;Amazon PLCC Free-Financing Universal Merchant AAT-CC4FAVTYR4X7C;Amazon PLCC Free-Financing Universal Merchant AAT-XXRCW6NZEPZI4;Amazon PLCC Free-Financing Universal Merchant AAT-WSJLDN3X7KEMO;Amazon PLCC Free-Financing Universal Merchant AAT-VL6FGQVGQVXUS;Amazon PLCC Free-Financing Universal Merchant AAT-EOKPWFWYW7Y6I;Amazon PLCC Free-Financing Universal Merchant AAT-ZYL5UPUNW6T62;Amazon PLCC Free-Financing Universal Merchant AAT-XVPICCHRWDCAI;Amazon PLCC Free-Financing Universal Merchant AAT-PZHUW6DZX4BPS;Amazon PLCC Free-Financing Universal Merchant AAT-ETXQ3XXWMRXBG;Amazon PLCC Free-Financing Universal Merchant AAT-7X3XCTYG64VBE;Amazon PLCC Free-Financing Universal Merchant AAT-7CHGD3WTS3MHM;Amazon PLCC Free-Financing Universal Merchant AAT-26ZDKNME27X42;Amazon PLCC Free-Financing Universal Merchant AAT-4ZF5KN6E4LJK4;Amazon PLCC Free-Financing Universal Merchant AAT-7RCXIKUAX7DDY;Amazon PLCC Free-Financing Universal Merchant AAT-BRSZZ45H6MHAO;Amazon PLCC Free-Financing Universal Merchant AAT-MKLXOOZWQL7GO;Amazon PLCC Free-Financing Universal Merchant AAT-CB7UNXEXGIJTC;Amazon PLCC Free-Financing Universal Merchant #MP-gzasho-1593152694811;Amazon PLCC Free-Financing Universal Merchant AAT-WLBA4GZ52EAH4,FALSE,Easy Ship
778,406-5757669-2996307,4/30/2022,Shipped,Amazon,Amazon.in,Expedited,JNE3405,JNE3405-KR-XXL,kurta,XXL,B081WSL2JS,Shipped,1,INR,399,MUMBAI,MAHARASHTRA,400029,IN,,FALSE,
779,407-1492215-2982709,4/30/2022,Shipped,Amazon,Amazon.in,Expedited,JNE3775,JNE3775-KR-S,kurta,S,B09KXNZ377,Shipped,1,INR,291,NEW DELHI,DELHI,110074,IN,IN Core Free Shipping 2015/04/08 23-48-5-108,FALSE,
780,171-2119982-7294757,4/30/2022,Shipped,Amazon,Amazon.in,Expedited,J0341,J0341-DR-L,Western Dress,L,B099NRCT7B,Shipped,1,INR,744,BALLIA,UTTAR PRADESH,277001,IN,IN Core Free Shipping 2015/04/08 23-48-5-108,FALSE,
781,407-1684475-5197113,4/30/2022,Shipped,Amazon,Amazon.in,Expedited,J0003,J0003-SET-XL,Set,XL,B0894YFQ5R,Shipped,1,INR,696,PUNE,MAHARASHTRA,411041,IN,,FALSE,
782,404-4568279-0273125,4/30/2022,Shipped,Amazon,Amazon.in,Expedited,J0301,J0301-TP-XXL,Top,XXL,B099S8X47K,Shipped,1,INR,463,FARIDABAD,HARYANA,121003,IN,,FALSE,
783,403-9752008-2541919,4/30/2022,Cancelled,Merchant,Amazon.in,Standard,JNE3659,JNE3659-TP-N-L,Top,L,B08ZHT1PKK,,0,INR,469.52,KALYAN,MAHARASHTRA,421204,IN,,FALSE,Easy Ship
784,403-3896686-3972343,4/30/2022,Shipped,Amazon,Amazon.in,Expedited,JNE3652,JNE3652-TP-N-L,Top,L,B08ZHKRV5F,Shipped,1,INR,339,KALYAN,MAHARASHTRA,421204,IN,,FALSE,
785,408-5238024-3207538,4/30/2022,Shipped - Delivered to Buyer,Merchant,Amazon.in,Standard,SET192,SET192-KR-NP-XXXL,Set,3XL,B0983CDYWM,Shipped,1,INR,680,DEVARAKONDA,TELANGANA,508248,IN,Amazon PLCC Free-Financing Universal Merchant AAT-WNKTBO3K27EJC;Amazon PLCC Free-Financing Universal Merchant AAT-QX3UCCJESKPA2;Amazon PLCC Free-Financing Universal Merchant AAT-5QQ7BIYYQEDN2;Amazon PLCC Free-Financing Universal Merchant AAT-DSJ2QRXXWXVMQ;Amazon PLCC Free-Financing Universal Merchant AAT-CXJHMC2YJUK76;Amazon PLCC Free-Financing Universal Merchant AAT-CC4FAVTYR4X7C;Amazon PLCC Free-Financing Universal Merchant AAT-XXRCW6NZEPZI4;Amazon PLCC Free-Financing Universal Merchant AAT-EOKPWFWYW7Y6I;Amazon PLCC Free-Financing Universal Merchant AAT-ZYL5UPUNW6T62;Amazon PLCC Free-Financing Universal Merchant AAT-PZHUW6DZX4BPS;Amazon PLCC Free-Financing Universal Merchant AAT-ETXQ3XXWMRXBG;Amazon PLCC Free-Financing Universal Merchant AAT-7X3XCTYG64VBE;Amazon PLCC Free-Financing Universal Merchant AAT-7CHGD3WTS3MHM;Amazon PLCC Free-Financing Universal Merchant AAT-26ZDKNME27X42;Amazon PLCC Free-Financing Universal Merchant AAT-4ZF5KN6E4LJK4;Amazon PLCC Free-Financing Universal Merchant AAT-7RCXIKUAX7DDY;Amazon PLCC Free-Financing Universal Merchant AAT-BRSZZ45H6MHAO;Amazon PLCC Free-Financing Universal Merchant AAT-MKLXOOZWQL7GO;Amazon PLCC Free-Financing Universal Merchant AAT-CB7UNXEXGIJTC;Amazon PLCC Free-Financing Universal Merchant #MP-gzasho-1593152694811;Amazon PLCC Free-Financing Universal Merchant AAT-WLBA4GZ52EAH4,FALSE,Easy Ship
786,403-9336057-8075519,4/30/2022,Shipped,Amazon,Amazon.in,Expedited,SET183,SET183-KR-DH-S,Set,S,B08B3Z38TJ,Shipped,1,INR,759,GURUGRAM,HARYANA,122017,IN,IN Core Free Shipping 2015/04/08 23-48-5-108,FALSE,
787,406-6070472-3313109,4/30/2022,Shipped,Amazon,Amazon.in,Expedited,SET345,SET345-KR-NP-M,Set,M,B09KXV4BN8,Shipped,1,INR,626,THRISSUR,KERALA,680003,IN,IN Core Free Shipping 2015/04/08 23-48-5-108,FALSE,
788,407-0828621-5564309,4/30/2022,Shipped - Delivered to Buyer,Merchant,Amazon.in,Standard,JNE3440,JNE3440-KR-N-L,kurta,L,B081X7JHBC,Shipped,1,INR,399,DEHRADUN,UTTARAKHAND,248001,IN,Amazon PLCC Free-Financing Universal Merchant AAT-WNKTBO3K27EJC;Amazon PLCC Free-Financing Universal Merchant AAT-QX3UCCJESKPA2;Amazon PLCC Free-Financing Universal Merchant AAT-5QQ7BIYYQEDN2;Amazon PLCC Free-Financing Universal Merchant AAT-DSJ2QRXXWXVMQ;Amazon PLCC Free-Financing Universal Merchant AAT-CXJHMC2YJUK76;Amazon PLCC Free-Financing Universal Merchant AAT-SL3Y2YRMAUNFC;Amazon PLCC Free-Financing Universal Merchant AAT-CC4FAVTYR4X7C;Amazon PLCC Free-Financing Universal Merchant AAT-XXRCW6NZEPZI4;Amazon PLCC Free-Financing Universal Merchant AAT-EOKPWFWYW7Y6I;Amazon PLCC Free-Financing Universal Merchant AAT-ZYL5UPUNW6T62;Amazon PLCC Free-Financing Universal Merchant AAT-PZHUW6DZX4BPS;Amazon PLCC Free-Financing Universal Merchant AAT-ETXQ3XXWMRXBG;Amazon PLCC Free-Financing Universal Merchant AAT-7X3XCTYG64VBE;Amazon PLCC Free-Financing Universal Merchant AAT-7CHGD3WTS3MHM;Amazon PLCC Free-Financing Universal Merchant AAT-26ZDKNME27X42;Amazon PLCC Free-Financing Universal Merchant AAT-4ZF5KN6E4LJK4;Amazon PLCC Free-Financing Universal Merchant AAT-7RCXIKUAX7DDY;Amazon PLCC Free-Financing Universal Merchant AAT-BRSZZ45H6MHAO;Amazon PLCC Free-Financing Universal Merchant AAT-MKLXOOZWQL7GO;Amazon PLCC Free-Financing Universal Merchant AAT-CB7UNXEXGIJTC;Amazon PLCC Free-Financing Universal Merchant #MP-gzasho-1593152694811;Amazon PLCC Free-Financing Universal Merchant AAT-WLBA4GZ52EAH4;Amazon PLCC Free-Financing Universal Merchant #MP-pmilan-1601980554292,FALSE,Easy Ship
789,402-7281943-2634753,4/30/2022,Shipped,Amazon,Amazon.in,Expedited,J0336,J0336-TP-XXXL,Top,3XL,B0986TP5RR,Shipped,1,INR,599,MUMBAI,MAHARASHTRA,400067,IN,,FALSE,
790,408-3364643-8111517,4/30/2022,Shipped,Amazon,Amazon.in,Expedited,JNE3405,JNE3405-KR-XXXL,kurta,3XL,B081WZ4T3V,Shipped,1,INR,399,NEW DELHI,DELHI,110078,IN,,FALSE,
791,402-9327280-6831502,4/30/2022,Shipped,Amazon,Amazon.in,Expedited,SET187,SET187-KR-DH-M,Set,M,B08B412RJH,Shipped,1,INR,599,Bangalore,KARNATAKA,560061,IN,,FALSE,
792,405-8803159-2662729,4/30/2022,Shipped,Amazon,Amazon.in,Expedited,JNE3775,JNE3775-KR-S,kurta,S,B09KXNZ377,Shipped,1,INR,291,BENGALURU,KARNATAKA,560057,IN,IN Core Free Shipping 2015/04/08 23-48-5-108,FALSE,
793,405-8803159-2662729,4/30/2022,Shipped,Amazon,Amazon.in,Expedited,JNE3409,JNE3409-KR-S,kurta,S,B083ZSHVS6,Shipped,1,INR,276,BENGALURU,KARNATAKA,560057,IN,IN Core Free Shipping 2015/04/08 23-48-5-108,FALSE,
794,405-8803159-2662729,4/30/2022,Shipped,Amazon,Amazon.in,Expedited,SET345,SET345-KR-NP-S,Set,S,B09KXV6T8Q,Shipped,1,INR,626,BENGALURU,KARNATAKA,560057,IN,IN Core Free Shipping 2015/04/08 23-48-5-108,FALSE,
795,405-8803159-2662729,4/30/2022,Shipped,Amazon,Amazon.in,Expedited,JNE3715,JNE3715-KR-S,kurta,S,B09G2SYZCM,Shipped,1,INR,283,BENGALURU,KARNATAKA,560057,IN,IN Core Free Shipping 2015/04/08 23-48-5-108,FALSE,
796,405-3441275-4039543,4/30/2022,Shipped - Delivered to Buyer,Merchant,Amazon.in,Standard,JNE3797,JNE3797-KR-XS,Western Dress,XS,B09SDY9SQ6,Shipped,1,INR,725,BENGALURU,KARNATAKA,560057,IN,Amazon PLCC Free-Financing Universal Merchant AAT-WNKTBO3K27EJC;Amazon PLCC Free-Financing Universal Merchant AAT-QX3UCCJESKPA2;Amazon PLCC Free-Financing Universal Merchant AAT-5QQ7BIYYQEDN2;Amazon PLCC Free-Financing Universal Merchant AAT-DSJ2QRXXWXVMQ;Amazon PLCC Free-Financing Universal Merchant AAT-CXJHMC2YJUK76;Amazon PLCC Free-Financing Universal Merchant AAT-CC4FAVTYR4X7C;Amazon PLCC Free-Financing Universal Merchant AAT-XXRCW6NZEPZI4;Amazon PLCC Free-Financing Universal Merchant AAT-EOKPWFWYW7Y6I;Amazon PLCC Free-Financing Universal Merchant AAT-ZYL5UPUNW6T62;Amazon PLCC Free-Financing Universal Merchant AAT-PZHUW6DZX4BPS;Amazon PLCC Free-Financing Universal Merchant AAT-ETXQ3XXWMRXBG;Amazon PLCC Free-Financing Universal Merchant AAT-7X3XCTYG64VBE;Amazon PLCC Free-Financing Universal Merchant AAT-7CHGD3WTS3MHM;Amazon PLCC Free-Financing Universal Merchant AAT-26ZDKNME27X42;Amazon PLCC Free-Financing Universal Merchant AAT-4ZF5KN6E4LJK4;Amazon PLCC Free-Financing Universal Merchant AAT-7RCXIKUAX7DDY;Amazon PLCC Free-Financing Universal Merchant AAT-BRSZZ45H6MHAO;Amazon PLCC Free-Financing Universal Merchant AAT-MKLXOOZWQL7GO;Amazon PLCC Free-Financing Universal Merchant AAT-CB7UNXEXGIJTC;Amazon PLCC Free-Financing Universal Merchant #MP-gzasho-1593152694811;Amazon PLCC Free-Financing Universal Merchant AAT-WLBA4GZ52EAH4,FALSE,Easy Ship
797,405-3441275-4039543,4/30/2022,Shipped - Delivered to Buyer,Merchant,Amazon.in,Standard,JNE1998,JNE1998-KR-311-S,kurta,S,B074X8TX37,Shipped,1,INR,295,BENGALURU,KARNATAKA,560057,IN,Amazon PLCC Free-Financing Universal Merchant AAT-WNKTBO3K27EJC;Amazon PLCC Free-Financing Universal Merchant AAT-QX3UCCJESKPA2;Amazon PLCC Free-Financing Universal Merchant AAT-5QQ7BIYYQEDN2;Amazon PLCC Free-Financing Universal Merchant AAT-DSJ2QRXXWXVMQ;Amazon PLCC Free-Financing Universal Merchant AAT-CXJHMC2YJUK76;Amazon PLCC Free-Financing Universal Merchant AAT-CC4FAVTYR4X7C;Amazon PLCC Free-Financing Universal Merchant AAT-XXRCW6NZEPZI4;Amazon PLCC Free-Financing Universal Merchant AAT-EOKPWFWYW7Y6I;Amazon PLCC Free-Financing Universal Merchant AAT-ZYL5UPUNW6T62;Amazon PLCC Free-Financing Universal Merchant AAT-PZHUW6DZX4BPS;Amazon PLCC Free-Financing Universal Merchant AAT-ETXQ3XXWMRXBG;Amazon PLCC Free-Financing Universal Merchant AAT-7X3XCTYG64VBE;Amazon PLCC Free-Financing Universal Merchant AAT-7CHGD3WTS3MHM;Amazon PLCC Free-Financing Universal Merchant AAT-26ZDKNME27X42;Amazon PLCC Free-Financing Universal Merchant AAT-4ZF5KN6E4LJK4;Amazon PLCC Free-Financing Universal Merchant AAT-7RCXIKUAX7DDY;Amazon PLCC Free-Financing Universal Merchant AAT-BRSZZ45H6MHAO;Amazon PLCC Free-Financing Universal Merchant AAT-MKLXOOZWQL7GO;Amazon PLCC Free-Financing Universal Merchant AAT-CB7UNXEXGIJTC;Amazon PLCC Free-Financing Universal Merchant #MP-gzasho-1593152694811;Amazon PLCC Free-Financing Universal Merchant AAT-WLBA4GZ52EAH4,FALSE,Easy Ship
798,406-2890663-9523509,4/30/2022,Shipped,Amazon,Amazon.in,Expedited,JNE2270,JNE2270-KR-487-A-XL,kurta,XL,B07H7F6SKC,Shipped,1,INR,518,BENGALURU,KARNATAKA,560032,IN,IN Core Free Shipping 2015/04/08 23-48-5-108,FALSE,
799,402-1430516-9436331,4/30/2022,Shipped,Amazon,Amazon.in,Expedited,JNE3405,JNE3405-KR-L,kurta,L,B081WSCKPQ,Shipped,1,INR,399,LUCKNOW,UTTAR PRADESH,226029,IN,,FALSE,
800,171-7949350-6828319,4/30/2022,Shipped,Amazon,Amazon.in,Expedited,SET347,SET347-KR-NP-XS,Set,XS,B09RKFBMYD,Shipped,1,INR,852,DHARMAPURI,TAMIL NADU,636701,IN,IN Core Free Shipping 2015/04/08 23-48-5-108,FALSE,
801,171-2964083-5815566,4/30/2022,Shipped,Amazon,Amazon.in,Expedited,SET200,SET200-KR-NP-A-XXXL,Set,3XL,B08L91ZZXN,Shipped,1,INR,568,MEERUT,UTTAR PRADESH,250002,IN,IN Core Free Shipping 2015/04/08 23-48-5-108,FALSE,
802,406-9789934-2845967,4/30/2022,Shipped,Amazon,Amazon.in,Expedited,JNE3800,JNE3800-KR-XL,Western Dress,XL,B09SDYWXDS,Shipped,1,INR,771,SECUNDERABAD,TELANGANA,500009,IN,IN Core Free Shipping 2015/04/08 23-48-5-108,FALSE,
803,405-9399780-0313164,4/30/2022,Shipped,Amazon,Amazon.in,Expedited,J0228,J0228-SKD-S,Set,S,B09M6S719P,Shipped,1,INR,1669,NOIDA,UTTAR PRADESH,201305,IN,IN Core Free Shipping 2015/04/08 23-48-5-108,FALSE,
804,404-9635079-7600310,4/30/2022,Shipped,Amazon,Amazon.in,Expedited,J0119,J0119-TP-XXL,Top,XXL,B08RYRBZPC,Shipped,1,INR,540,DANGUWAPASI,JHARKHAND,833212,IN,IN Core Free Shipping 2015/04/08 23-48-5-108,FALSE,
805,171-6983189-6050757,4/30/2022,Shipped,Amazon,Amazon.in,Expedited,J0230,J0230-SKD-M,Set,M,B08XNJG8B1,Shipped,1,INR,1112,DHEMAJI,ASSAM,786189,IN,IN Core Free Shipping 2015/04/08 23-48-5-108,FALSE,
806,171-6983189-6050757,4/30/2022,Shipped,Amazon,Amazon.in,Expedited,JNE2270,JNE2270-KR-487-A-M,kurta,M,B07H7FZD32,Shipped,1,INR,518,DHEMAJI,ASSAM,786189,IN,IN Core Free Shipping 2015/04/08 23-48-5-108,FALSE,
807,171-3884714-3945906,4/30/2022,Shipped,Amazon,Amazon.in,Expedited,SET398,SET398-KR-PP-XXXL,Set,3XL,B09RPJD74Z,Shipped,1,INR,1115,PULGAON,MAHARASHTRA,442302,IN,IN Core Free Shipping 2015/04/08 23-48-5-108,FALSE,
808,171-3884714-3945906,4/30/2022,Shipped,Amazon,Amazon.in,Expedited,J0230,J0230-SKD-XXL,Set,XXL,B08XNGQCGM,Shipped,1,INR,1112,PULGAON,MAHARASHTRA,442302,IN,IN Core Free Shipping 2015/04/08 23-48-5-108,FALSE,
809,171-3884714-3945906,4/30/2022,Shipped,Amazon,Amazon.in,Expedited,JNE3405,JNE3405-KR-XXXL,kurta,3XL,B081WZ4T3V,Shipped,1,INR,399,PULGAON,MAHARASHTRA,442302,IN,IN Core Free Shipping 2015/04/08 23-48-5-108,FALSE,
810,405-1693679-3068331,4/30/2022,Shipped,Amazon,Amazon.in,Expedited,JNE3562,JNE3562-KR-XL,kurta,XL,B08MYWM9D2,Shipped,1,INR,476,AKATHIYOOR,KERALA,680542,IN,IN Core Free Shipping 2015/04/08 23-48-5-108,FALSE,
811,402-4804971-8591532,4/30/2022,Shipped - Delivered to Buyer,Merchant,Amazon.in,Standard,JNE3818,JNE3818-KR-M,kurta,M,B09LV1K1PD,Shipped,1,INR,499,Shakarpur,DELHI,110092,IN,Amazon PLCC Free-Financing Universal Merchant AAT-WNKTBO3K27EJC;Amazon PLCC Free-Financing Universal Merchant AAT-QX3UCCJESKPA2;Amazon PLCC Free-Financing Universal Merchant AAT-5QQ7BIYYQEDN2;Amazon PLCC Free-Financing Universal Merchant AAT-DSJ2QRXXWXVMQ;Amazon PLCC Free-Financing Universal Merchant AAT-CXJHMC2YJUK76;Amazon PLCC Free-Financing Universal Merchant AAT-SL3Y2YRMAUNFC;Amazon PLCC Free-Financing Universal Merchant AAT-CC4FAVTYR4X7C;Amazon PLCC Free-Financing Universal Merchant AAT-XXRCW6NZEPZI4;Amazon PLCC Free-Financing Universal Merchant AAT-R7GXNZWISTRFA;Amazon PLCC Free-Financing Universal Merchant AAT-EOKPWFWYW7Y6I;Amazon PLCC Free-Financing Universal Merchant AAT-ZYL5UPUNW6T62;Amazon PLCC Free-Financing Universal Merchant AAT-PZHUW6DZX4BPS;Amazon PLCC Free-Financing Universal Merchant AAT-ETXQ3XXWMRXBG;Amazon PLCC Free-Financing Universal Merchant AAT-7X3XCTYG64VBE;Amazon PLCC Free-Financing Universal Merchant AAT-7CHGD3WTS3MHM;Amazon PLCC Free-Financing Universal Merchant AAT-26ZDKNME27X42;Amazon PLCC Free-Financing Universal Merchant AAT-4ZF5KN6E4LJK4;Amazon PLCC Free-Financing Universal Merchant AAT-7RCXIKUAX7DDY;Amazon PLCC Free-Financing Universal Merchant AAT-TNYBHEAO7HOHO;Amazon PLCC Free-Financing Universal Merchant AAT-BRSZZ45H6MHAO;Amazon PLCC Free-Financing Universal Merchant AAT-MKLXOOZWQL7GO;Amazon PLCC Free-Financing Universal Merchant AAT-CB7UNXEXGIJTC;Amazon PLCC Free-Financing Universal Merchant #MP-gzasho-1593152694811;Amazon PLCC Free-Financing Universal Merchant AAT-WLBA4GZ52EAH4;Amazon PLCC Free-Financing Universal Merchant AAT-QMFZ3M7T5NPDS;Amazon PLCC Free-Financing Universal Merchant #MP-pmilan-1601980554292,FALSE,Easy Ship
812,402-4804971-8591532,4/30/2022,Shipped - Delivered to Buyer,Merchant,Amazon.in,Standard,JNE3712,JNE3712-TP-N-M,Top,M,B08ZJ91MT3,Shipped,1,INR,518,Shakarpur,DELHI,110092,IN,Amazon PLCC Free-Financing Universal Merchant AAT-WNKTBO3K27EJC;Amazon PLCC Free-Financing Universal Merchant AAT-QX3UCCJESKPA2;Amazon PLCC Free-Financing Universal Merchant AAT-5QQ7BIYYQEDN2;Amazon PLCC Free-Financing Universal Merchant AAT-DSJ2QRXXWXVMQ;Amazon PLCC Free-Financing Universal Merchant AAT-CXJHMC2YJUK76;Amazon PLCC Free-Financing Universal Merchant AAT-SL3Y2YRMAUNFC;Amazon PLCC Free-Financing Universal Merchant AAT-CC4FAVTYR4X7C;Amazon PLCC Free-Financing Universal Merchant AAT-XXRCW6NZEPZI4;Amazon PLCC Free-Financing Universal Merchant AAT-R7GXNZWISTRFA;Amazon PLCC Free-Financing Universal Merchant AAT-EOKPWFWYW7Y6I;Amazon PLCC Free-Financing Universal Merchant AAT-ZYL5UPUNW6T62;Amazon PLCC Free-Financing Universal Merchant AAT-PZHUW6DZX4BPS;Amazon PLCC Free-Financing Universal Merchant AAT-ETXQ3XXWMRXBG;Amazon PLCC Free-Financing Universal Merchant AAT-7X3XCTYG64VBE;Amazon PLCC Free-Financing Universal Merchant AAT-7CHGD3WTS3MHM;Amazon PLCC Free-Financing Universal Merchant AAT-26ZDKNME27X42;Amazon PLCC Free-Financing Universal Merchant AAT-4ZF5KN6E4LJK4;Amazon PLCC Free-Financing Universal Merchant AAT-7RCXIKUAX7DDY;Amazon PLCC Free-Financing Universal Merchant AAT-TNYBHEAO7HOHO;Amazon PLCC Free-Financing Universal Merchant AAT-BRSZZ45H6MHAO;Amazon PLCC Free-Financing Universal Merchant AAT-MKLXOOZWQL7GO;Amazon PLCC Free-Financing Universal Merchant AAT-CB7UNXEXGIJTC;Amazon PLCC Free-Financing Universal Merchant #MP-gzasho-1593152694811;Amazon PLCC Free-Financing Universal Merchant AAT-WLBA4GZ52EAH4;Amazon PLCC Free-Financing Universal Merchant AAT-QMFZ3M7T5NPDS;Amazon PLCC Free-Financing Universal Merchant #MP-pmilan-1601980554292,FALSE,Easy Ship
813,405-1597244-8205967,4/30/2022,Shipped,Amazon,Amazon.in,Expedited,JNE3465,JNE3465-KR-XXL,kurta,XXL,B08BFT4ZKX,Shipped,1,INR,486,NEW DELHI,DELHI,110078,IN,IN Core Free Shipping 2015/04/08 23-48-5-108,FALSE,
814,403-9610979-2949958,4/30/2022,Shipped,Amazon,Amazon.in,Expedited,JNE3423,JNE3423-KR-XL,kurta,XL,B081WRP562,Shipped,1,INR,399,KOLKATA,WEST BENGAL,700004,IN,IN Core Free Shipping 2015/04/08 23-48-5-108,FALSE,
815,405-1911317-3604322,4/30/2022,Shipped,Amazon,Amazon.in,Expedited,SET388,SET388-KR-NP-L,Set,L,B09QJLFDRK,Shipped,1,INR,1260,Imphal east,MANIPUR,795008,IN,IN Core Free Shipping 2015/04/08 23-48-5-108,FALSE,
816,404-7251284-9387528,4/30/2022,Shipped,Amazon,Amazon.in,Expedited,J0023,J0023-TP-XXL,Top,XXL,B0899K195Q,Shipped,1,INR,399,LUCKNOW,UTTAR PRADESH,226010,IN,,FALSE,
817,403-4512253-4789948,4/30/2022,Shipped,Amazon,Amazon.in,Expedited,SET347,SET347-KR-NP-S,Set,S,B09RKDJ9SQ,Shipped,1,INR,852,CHEBROLU,ANDHRA PRADESH,522212,IN,IN Core Free Shipping 2015/04/08 23-48-5-108,FALSE,
818,408-1348466-1321955,4/30/2022,Cancelled,Merchant,Amazon.in,Standard,JNE2032,JNE2032-KR-205-XXXL,kurta,3XL,B07H6L4CBM,,0,,,BENGALURU,KARNATAKA,560078,IN,,FALSE,Easy Ship
819,171-0490216-5028364,4/30/2022,Shipped,Amazon,Amazon.in,Expedited,JNE3560,JNE3560-KR-L,kurta,L,B08PCW5HD7,Shipped,1,INR,487,Alappuzha,KERALA,688006,IN,IN Core Free Shipping 2015/04/08 23-48-5-108,FALSE,
820,406-5421335-3440327,4/30/2022,Cancelled,Amazon,Amazon.in,Expedited,J0230,J0230-SKD-L,Set,L,B08XNDL1DL,Cancelled,0,,,AKBARPUR,UTTAR PRADESH,224122,IN,,FALSE,
821,405-6836135-6312327,4/30/2022,Shipped - Delivered to Buyer,Merchant,Amazon.in,Standard,JNE3706,JNE3706-DR-L,Western Dress,L,B0982ZYR1X,Shipped,1,INR,413,NAGPUR,MAHARASHTRA,441111,IN,Amazon PLCC Free-Financing Universal Merchant AAT-WNKTBO3K27EJC;Amazon PLCC Free-Financing Universal Merchant AAT-QX3UCCJESKPA2;Amazon PLCC Free-Financing Universal Merchant AAT-5QQ7BIYYQEDN2;Amazon PLCC Free-Financing Universal Merchant AAT-DSJ2QRXXWXVMQ;Amazon PLCC Free-Financing Universal Merchant AAT-CXJHMC2YJUK76;Amazon PLCC Free-Financing Universal Merchant AAT-CC4FAVTYR4X7C;Amazon PLCC Free-Financing Universal Merchant AAT-XXRCW6NZEPZI4;Amazon PLCC Free-Financing Universal Merchant AAT-EOKPWFWYW7Y6I;Amazon PLCC Free-Financing Universal Merchant AAT-ZYL5UPUNW6T62;Amazon PLCC Free-Financing Universal Merchant AAT-PZHUW6DZX4BPS;Amazon PLCC Free-Financing Universal Merchant AAT-ETXQ3XXWMRXBG;Amazon PLCC Free-Financing Universal Merchant AAT-7X3XCTYG64VBE;Amazon PLCC Free-Financing Universal Merchant AAT-7CHGD3WTS3MHM;Amazon PLCC Free-Financing Universal Merchant AAT-26ZDKNME27X42;Amazon PLCC Free-Financing Universal Merchant AAT-4ZF5KN6E4LJK4;Amazon PLCC Free-Financing Universal Merchant AAT-7RCXIKUAX7DDY;Amazon PLCC Free-Financing Universal Merchant AAT-BRSZZ45H6MHAO;Amazon PLCC Free-Financing Universal Merchant AAT-MKLXOOZWQL7GO;Amazon PLCC Free-Financing Universal Merchant AAT-CB7UNXEXGIJTC;Amazon PLCC Free-Financing Universal Merchant #MP-gzasho-1593152694811;Amazon PLCC Free-Financing Universal Merchant AAT-WLBA4GZ52EAH4,FALSE,Easy Ship
822,171-0689935-4850722,4/30/2022,Shipped,Amazon,Amazon.in,Expedited,SET268,SET268-KR-NP-L,Set,L,B08XQ8MCKP,Shipped,1,INR,788,NABAGRAM COLONY,WEST BENGAL,712246,IN,IN Core Free Shipping 2015/04/08 23-48-5-108,FALSE,
823,403-9835374-1565102,4/30/2022,Shipped - Delivered to Buyer,Merchant,Amazon.in,Standard,SET398,SET398-KR-PP-XS,Set,XS,B09RPCWKJW,Shipped,1,INR,1186,KOLKATA,WEST BENGAL,700074,IN,Amazon PLCC Free-Financing Universal Merchant AAT-WNKTBO3K27EJC;Amazon PLCC Free-Financing Universal Merchant AAT-QX3UCCJESKPA2;Amazon PLCC Free-Financing Universal Merchant AAT-5QQ7BIYYQEDN2;Amazon PLCC Free-Financing Universal Merchant AAT-DSJ2QRXXWXVMQ;Amazon PLCC Free-Financing Universal Merchant AAT-CXJHMC2YJUK76;Amazon PLCC Free-Financing Universal Merchant AAT-SL3Y2YRMAUNFC;Amazon PLCC Free-Financing Universal Merchant AAT-CC4FAVTYR4X7C;Amazon PLCC Free-Financing Universal Merchant AAT-XXRCW6NZEPZI4;Amazon PLCC Free-Financing Universal Merchant AAT-EOKPWFWYW7Y6I;Amazon PLCC Free-Financing Universal Merchant AAT-ZYL5UPUNW6T62;Amazon PLCC Free-Financing Universal Merchant AAT-PZHUW6DZX4BPS;Amazon PLCC Free-Financing Universal Merchant AAT-ETXQ3XXWMRXBG;Amazon PLCC Free-Financing Universal Merchant AAT-7X3XCTYG64VBE;Amazon PLCC Free-Financing Universal Merchant AAT-7CHGD3WTS3MHM;Amazon PLCC Free-Financing Universal Merchant AAT-26ZDKNME27X42;Amazon PLCC Free-Financing Universal Merchant AAT-4ZF5KN6E4LJK4;Amazon PLCC Free-Financing Universal Merchant AAT-7RCXIKUAX7DDY;Amazon PLCC Free-Financing Universal Merchant AAT-BRSZZ45H6MHAO;Amazon PLCC Free-Financing Universal Merchant AAT-MKLXOOZWQL7GO;Amazon PLCC Free-Financing Universal Merchant AAT-CB7UNXEXGIJTC;Amazon PLCC Free-Financing Universal Merchant #MP-gzasho-1593152694811;Amazon PLCC Free-Financing Universal Merchant AAT-WLBA4GZ52EAH4;Amazon PLCC Free-Financing Universal Merchant #MP-pmilan-1601980554292,FALSE,Easy Ship
824,403-8625708-2309901,4/30/2022,Shipped,Amazon,Amazon.in,Expedited,J0294,J0294-TP-XS,Top,XS,B099S81YF8,Shipped,1,INR,396,KOLKATA,WEST BENGAL,700074,IN,,FALSE,
825,403-6616419-0658741,4/30/2022,Cancelled,Merchant,Amazon.in,Standard,PJNE3068,PJNE3068-KR-6XL,kurta,6XL,B09M76SVFW,,0,INR,659.05,THANE,MAHARASHTRA,400604,IN,,FALSE,Easy Ship
826,171-5550949-7914705,4/30/2022,Shipped,Amazon,Amazon.in,Expedited,J0095,J0095-SET-XXL,Set,XXL,B08CMMN974,Shipped,1,INR,653,KOZHIKODE,KERALA,673574,IN,IN Core Free Shipping 2015/04/08 23-48-5-108,FALSE,
827,408-9407260-0749114,4/30/2022,Shipped,Amazon,Amazon.in,Standard,JNE3463,JNE3463-KR-L,kurta,L,B08RP49CLQ,Shipped,1,INR,0,PUDUCHERRY,PUDUCHERRY,605009,IN,,FALSE,
828,408-4453138-1209128,4/30/2022,Shipped,Amazon,Amazon.in,Expedited,JNE3546,JNE3546-KR-L,kurta,L,B08HHJRFQP,Shipped,1,INR,458,NEW DELHI,DELHI,110086,IN,IN Core Free Shipping 2015/04/08 23-48-5-108,FALSE,
829,402-4934568-7802706,4/30/2022,Shipped,Amazon,Amazon.in,Expedited,JNE3764,JNE3764-KR-XL,kurta,XL,B09K3ST3YW,Shipped,1,INR,487,NEW TOWN,WEST BENGAL,700156,IN,,FALSE,
830,405-9862364-7636347,4/30/2022,Shipped,Amazon,Amazon.in,Expedited,SET331,SET331-KR-NP-XXXL,Set,3XL,B09NQ4C51C,Shipped,1,INR,597,NELAMANGALA,KARNATAKA,562123,IN,,FALSE,
831,405-7713713-9002732,4/30/2022,Shipped,Amazon,Amazon.in,Expedited,J0278,J0278-SET-XXXL,Set,3XL,B08QGQJ5P4,Shipped,1,INR,761,NELAMANGALA,KARNATAKA,562123,IN,IN Core Free Shipping 2015/04/08 23-48-5-108,FALSE,
832,405-7713713-9002732,4/30/2022,Shipped,Amazon,Amazon.in,Expedited,SET319,SET319-KR-NP-XXXL,Set,3XL,B09KXW4WPW,Shipped,1,INR,835,NELAMANGALA,KARNATAKA,562123,IN,IN Core Free Shipping 2015/04/08 23-48-5-108,FALSE,
833,406-8536478-4581952,4/30/2022,Shipped - Returned to Seller,Merchant,Amazon.in,Standard,J0117,J0117-TP-S,Top,S,B08N48MV3R,Shipped,1,INR,518,"KOTPAD, Koraput",ODISHA,764058,IN,Amazon PLCC Free-Financing Universal Merchant AAT-WNKTBO3K27EJC;Amazon PLCC Free-Financing Universal Merchant AAT-QX3UCCJESKPA2;Amazon PLCC Free-Financing Universal Merchant AAT-5QQ7BIYYQEDN2;Amazon PLCC Free-Financing Universal Merchant AAT-DSJ2QRXXWXVMQ;Amazon PLCC Free-Financing Universal Merchant AAT-CXJHMC2YJUK76;Amazon PLCC Free-Financing Universal Merchant AAT-CC4FAVTYR4X7C;Amazon PLCC Free-Financing Universal Merchant AAT-XXRCW6NZEPZI4;Amazon PLCC Free-Financing Universal Merchant AAT-EOKPWFWYW7Y6I;Amazon PLCC Free-Financing Universal Merchant AAT-ZYL5UPUNW6T62;Amazon PLCC Free-Financing Universal Merchant AAT-PZHUW6DZX4BPS;Amazon PLCC Free-Financing Universal Merchant AAT-ETXQ3XXWMRXBG;Amazon PLCC Free-Financing Universal Merchant AAT-7X3XCTYG64VBE;Amazon PLCC Free-Financing Universal Merchant AAT-7CHGD3WTS3MHM;Amazon PLCC Free-Financing Universal Merchant AAT-26ZDKNME27X42;Amazon PLCC Free-Financing Universal Merchant AAT-4ZF5KN6E4LJK4;Amazon PLCC Free-Financing Universal Merchant AAT-7RCXIKUAX7DDY;Amazon PLCC Free-Financing Universal Merchant AAT-BRSZZ45H6MHAO;Amazon PLCC Free-Financing Universal Merchant AAT-MKLXOOZWQL7GO;Amazon PLCC Free-Financing Universal Merchant AAT-CB7UNXEXGIJTC;Amazon PLCC Free-Financing Universal Merchant #MP-gzasho-1593152694811;Amazon PLCC Free-Financing Universal Merchant AAT-WLBA4GZ52EAH4,FALSE,Easy Ship
834,407-0533151-5470709,4/30/2022,Cancelled,Amazon,Amazon.in,Expedited,JNE2153,JNE2153-KR-278-A-XL,kurta,XL,B0794V95XT,Cancelled,0,,,BHUBANESWAR,ODISHA,751015,IN,,FALSE,
835,404-6783850-0597940,4/30/2022,Shipped,Amazon,Amazon.in,Expedited,JNE3870,JNE3870-DR-XL,Western Dress,XL,B09RK6BZYM,Shipped,1,INR,721,LUCKNOW,UTTAR PRADESH,226010,IN,IN Core Free Shipping 2015/04/08 23-48-5-108,FALSE,
836,407-3030317-4521947,4/30/2022,Shipped,Amazon,Amazon.in,Expedited,JNE3784,JNE3784-KR-L,kurta,L,B09K3TM23D,Shipped,1,INR,458,BENGALURU,KARNATAKA,560064,IN,IN Core Free Shipping 2015/04/08 23-48-5-108,FALSE,
837,402-0093786-0156303,4/30/2022,Shipped,Amazon,Amazon.in,Expedited,SET287,SET287-KR-NP-M,Set,M,B099NL1RPF,Shipped,1,INR,666,NASHIK,MAHARASHTRA,422401,IN,,FALSE,
838,171-3705534-0250736,4/30/2022,Shipped,Amazon,Amazon.in,Expedited,JNE3567,JNE3567-KR-L,kurta,L,B08KRXTFXH,Shipped,1,INR,399,KATIHAR,BIHAR,854107,IN,Duplicated AYTJSBA8ZOP16 1567159860988,FALSE,
839,408-9408562-5254749,4/30/2022,Shipped - Delivered to Buyer,Merchant,Amazon.in,Standard,J0372,J0372-SKD-M,Set,M,B09K3L39C4,Shipped,1,INR,1099,KOLKATA,WEST BENGAL,700090,IN,Amazon PLCC Free-Financing Universal Merchant AAT-WNKTBO3K27EJC;Amazon PLCC Free-Financing Universal Merchant AAT-QX3UCCJESKPA2;Amazon PLCC Free-Financing Universal Merchant AAT-5QQ7BIYYQEDN2;Amazon PLCC Free-Financing Universal Merchant AAT-DSJ2QRXXWXVMQ;Amazon PLCC Free-Financing Universal Merchant AAT-CXJHMC2YJUK76;Amazon PLCC Free-Financing Universal Merchant AAT-CC4FAVTYR4X7C;Amazon PLCC Free-Financing Universal Merchant AAT-XXRCW6NZEPZI4;Amazon PLCC Free-Financing Universal Merchant AAT-R7GXNZWISTRFA;Amazon PLCC Free-Financing Universal Merchant AAT-WSJLDN3X7KEMO;Amazon PLCC Free-Financing Universal Merchant AAT-VL6FGQVGQVXUS;Amazon PLCC Free-Financing Universal Merchant AAT-EOKPWFWYW7Y6I;Amazon PLCC Free-Financing Universal Merchant AAT-ZYL5UPUNW6T62;Amazon PLCC Free-Financing Universal Merchant AAT-PZHUW6DZX4BPS;Amazon PLCC Free-Financing Universal Merchant AAT-ETXQ3XXWMRXBG;Amazon PLCC Free-Financing Universal Merchant AAT-7X3XCTYG64VBE;Amazon PLCC Free-Financing Universal Merchant AAT-7CHGD3WTS3MHM;Amazon PLCC Free-Financing Universal Merchant AAT-26ZDKNME27X42;Amazon PLCC Free-Financing Universal Merchant AAT-4ZF5KN6E4LJK4;Amazon PLCC Free-Financing Universal Merchant AAT-7RCXIKUAX7DDY;Amazon PLCC Free-Financing Universal Merchant AAT-BRSZZ45H6MHAO;Amazon PLCC Free-Financing Universal Merchant AAT-MKLXOOZWQL7GO;Amazon PLCC Free-Financing Universal Merchant AAT-CB7UNXEXGIJTC;Amazon PLCC Free-Financing Universal Merchant #MP-gzasho-1593152694811;Amazon PLCC Free-Financing Universal Merchant AAT-WLBA4GZ52EAH4,FALSE,Easy Ship
840,403-4739886-5496325,4/30/2022,Shipped,Amazon,Amazon.in,Expedited,JNE2014,JNE2014-KR-178-XL,kurta,XL,B077MM3LFJ,Shipped,1,INR,353,ALAPPUZHA,KERALA,688002,IN,IN Core Free Shipping 2015/04/08 23-48-5-108,FALSE,
841,171-9312177-9903551,4/30/2022,Shipped,Amazon,Amazon.in,Expedited,J0139,J0139-KR-XXXL,kurta,3XL,B091Y3X391,Shipped,1,INR,399,MUMBAI,MAHARASHTRA,400097,IN,,FALSE,
842,171-3255381-0489121,4/30/2022,Shipped - Delivered to Buyer,Merchant,Amazon.in,Standard,J0097,J0097-KR-XXXL,kurta,3XL,B08BJRMLZC,Shipped,1,INR,534,MUMBAI,MAHARASHTRA,400097,IN,Amazon PLCC Free-Financing Universal Merchant AAT-WNKTBO3K27EJC;Amazon PLCC Free-Financing Universal Merchant AAT-QX3UCCJESKPA2;Amazon PLCC Free-Financing Universal Merchant AAT-5QQ7BIYYQEDN2;Amazon PLCC Free-Financing Universal Merchant AAT-DSJ2QRXXWXVMQ;Amazon PLCC Free-Financing Universal Merchant AAT-CXJHMC2YJUK76;Amazon PLCC Free-Financing Universal Merchant AAT-SL3Y2YRMAUNFC;Amazon PLCC Free-Financing Universal Merchant AAT-CC4FAVTYR4X7C;Amazon PLCC Free-Financing Universal Merchant AAT-XXRCW6NZEPZI4;Amazon PLCC Free-Financing Universal Merchant AAT-WSJLDN3X7KEMO;Amazon PLCC Free-Financing Universal Merchant AAT-VL6FGQVGQVXUS;Amazon PLCC Free-Financing Universal Merchant AAT-EOKPWFWYW7Y6I;Amazon PLCC Free-Financing Universal Merchant AAT-ZYL5UPUNW6T62;Amazon PLCC Free-Financing Universal Merchant AAT-XVPICCHRWDCAI;Amazon PLCC Free-Financing Universal Merchant AAT-PZHUW6DZX4BPS;Amazon PLCC Free-Financing Universal Merchant AAT-ETXQ3XXWMRXBG;Amazon PLCC Free-Financing Universal Merchant AAT-7X3XCTYG64VBE;Amazon PLCC Free-Financing Universal Merchant AAT-7CHGD3WTS3MHM;Amazon PLCC Free-Financing Universal Merchant AAT-26ZDKNME27X42;Amazon PLCC Free-Financing Universal Merchant AAT-4ZF5KN6E4LJK4;Amazon PLCC Free-Financing Universal Merchant AAT-7RCXIKUAX7DDY;Amazon PLCC Free-Financing Universal Merchant AAT-BRSZZ45H6MHAO;Amazon PLCC Free-Financing Universal Merchant AAT-MKLXOOZWQL7GO;Amazon PLCC Free-Financing Universal Merchant AAT-CB7UNXEXGIJTC;Amazon PLCC Free-Financing Universal Merchant #MP-gzasho-1593152694811;Amazon PLCC Free-Financing Universal Merchant AAT-WLBA4GZ52EAH4,FALSE,Easy Ship
843,408-4584840-2787538,4/30/2022,Cancelled,Merchant,Amazon.in,Standard,J0372,J0372-SKD-M,Set,M,B09K3L39C4,,0,INR,981.25,NEW DELHI,DELHI,110008,IN,,FALSE,Easy Ship
844,408-5118229-6373917,4/30/2022,Shipped,Amazon,Amazon.in,Standard,JNE3399,JNE3399-KR-XL,kurta,XL,B082W8B28G,Shipped,1,INR,0,Hyderabad,TELANGANA,500062,IN,,FALSE,
845,403-0707216-6170737,4/30/2022,Shipped,Amazon,Amazon.in,Expedited,SET182,SET182-KR-DH-XXXL,Set,3XL,B085HRZN1M,Shipped,1,INR,657,BAREILLY,UTTAR PRADESH,243001,IN,IN Core Free Shipping 2015/04/08 23-48-5-108,FALSE,
846,403-3258819-8018763,4/30/2022,Shipped,Amazon,Amazon.in,Expedited,SET345,SET345-KR-NP-M,Set,M,B09KXV4BN8,Shipped,1,INR,626,NEW DELHI,DELHI,110007,IN,IN Core Free Shipping 2015/04/08 23-48-5-108,FALSE,
847,408-2491878-4865146,4/30/2022,Cancelled,Merchant,Amazon.in,Standard,J0372,J0372-SKD-M,Set,M,B09K3L39C4,,0,INR,981.25,KOLKATA,WEST BENGAL,700090,IN,,FALSE,Easy Ship
848,405-7190860-0329952,4/30/2022,Shipped,Amazon,Amazon.in,Expedited,J0415,J0415-DR-L,Western Dress,L,B09TY1CM1M,Shipped,1,INR,899,KOLKATA,WEST BENGAL,700039,IN,VPC-44571-41445527 Coupon,FALSE,
849,402-0164950-5496362,4/30/2022,Cancelled,Amazon,Amazon.in,Expedited,SET304,SET304-KR-DPT-XL,Set,XL,B09K3HVZ83,Cancelled,0,,,CHENNAI,TAMIL NADU,600043,IN,,FALSE,
850,404-3821323-1636305,4/30/2022,Shipped,Amazon,Amazon.in,Expedited,SET331,SET331-KR-NP-M,Set,M,B09NQ3TN2T,Shipped,1,INR,597,CHENNAI,TAMIL NADU,600093,IN,IN Core Free Shipping 2015/04/08 23-48-5-108,FALSE,
851,408-3649698-8803541,4/30/2022,Shipped,Amazon,Amazon.in,Expedited,SET356,SET356-KR-NP-XXL,Set,XXL,B09QJ3RNNY,Shipped,1,INR,1099,GURUGRAM,HARYANA,122001,IN,IN Core Free Shipping 2015/04/08 23-48-5-108,FALSE,
852,405-3694403-2551528,4/30/2022,Shipped,Amazon,Amazon.in,Expedited,SET110,SET110-KR-PP-XS,Set,XS,B0822TFD7Y,Shipped,1,INR,788,TIRORA,MAHARASHTRA,441911,IN,IN Core Free Shipping 2015/04/08 23-48-5-108,FALSE,
853,405-6593194-1742748,4/30/2022,Shipped,Amazon,Amazon.in,Expedited,JNE3614,JNE3614-KR-M,kurta,M,B09811QMHB,Shipped,1,INR,459,ZIRAKPUR,PUNJAB,140603,IN,,FALSE,
854,403-7086967-7558701,4/30/2022,Shipped,Amazon,Amazon.in,Expedited,SET397,SET397-KR-NP  -M,Set,M,B09RKD6KWL,Shipped,1,INR,1186,VADODARA,Gujarat,390025,IN,IN Core Free Shipping 2015/04/08 23-48-5-108,FALSE,
855,171-5927080-9153924,4/30/2022,Cancelled,Amazon,Amazon.in,Expedited,SET345,SET345-KR-NP-XXL,Set,XXL,B09KXSQ73F,Unshipped,1,INR,626,Chennai,TAMIL NADU,600078,IN,,FALSE,
856,406-5651070-7367520,4/30/2022,Cancelled,Amazon,Amazon.in,Expedited,J0343,J0343-DR-XXL,Western Dress,XXL,B09831TPR5,Cancelled,0,,,HYDERABAD,TELANGANA,500055,IN,IN Core Free Shipping 2015/04/08 23-48-5-108,FALSE,
857,405-1952513-5416327,4/30/2022,Cancelled,Amazon,Amazon.in,Expedited,JNE3614,JNE3614-KR-M,kurta,M,B09811QMHB,Cancelled,0,,,ZIRAKPUR,PUNJAB,140603,IN,,FALSE,
858,406-8112035-0609144,4/30/2022,Shipped,Amazon,Amazon.in,Expedited,JNE3721,JNE3721-KR-XXL,kurta,XXL,B099FCT65D,Shipped,1,INR,329,AJMER,RAJASTHAN,305001,IN,IN Core Free Shipping 2015/04/08 23-48-5-108,FALSE,
859,407-6114533-2816312,4/30/2022,Shipped - Delivered to Buyer,Merchant,Amazon.in,Standard,JNE3722,JNE3722-KR-L,kurta,L,B09BQBB47Y,Shipped,1,INR,280,MADIKERI,KARNATAKA,571201,IN,Amazon PLCC Free-Financing Universal Merchant AAT-WNKTBO3K27EJC;Amazon PLCC Free-Financing Universal Merchant AAT-QX3UCCJESKPA2;Amazon PLCC Free-Financing Universal Merchant AAT-5QQ7BIYYQEDN2;Amazon PLCC Free-Financing Universal Merchant AAT-DSJ2QRXXWXVMQ;Amazon PLCC Free-Financing Universal Merchant AAT-CXJHMC2YJUK76;Amazon PLCC Free-Financing Universal Merchant AAT-SL3Y2YRMAUNFC;Amazon PLCC Free-Financing Universal Merchant AAT-CC4FAVTYR4X7C;Amazon PLCC Free-Financing Universal Merchant AAT-XXRCW6NZEPZI4;Amazon PLCC Free-Financing Universal Merchant SS-1643890021772;Amazon PLCC Free-Financing Universal Merchant AAT-R7GXNZWISTRFA;Amazon PLCC Free-Financing Universal Merchant AAT-EOKPWFWYW7Y6I;Amazon PLCC Free-Financing Universal Merchant AAT-ZYL5UPUNW6T62;Amazon PLCC Free-Financing Universal Merchant AAT-RSTHMTL7LSZQI;Amazon PLCC Free-Financing Universal Merchant AAT-PZHUW6DZX4BPS;Amazon PLCC Free-Financing Universal Merchant SS-1650621466684;Amazon PLCC Free-Financing Universal Merchant AAT-ETXQ3XXWMRXBG;Amazon PLCC Free-Financing Universal Merchant AAT-7X3XCTYG64VBE;Amazon PLCC Free-Financing Universal Merchant AAT-7CHGD3WTS3MHM;Amazon PLCC Free-Financing Universal Merchant AAT-26ZDKNME27X42;Amazon PLCC Free-Financing Universal Merchant AAT-4ZF5KN6E4LJK4;Amazon PLCC Free-Financing Universal Merchant AAT-7RCXIKUAX7DDY;Amazon PLCC Free-Financing Universal Merchant AAT-BRSZZ45H6MHAO;Amazon PLCC Free-Financing Universal Merchant AAT-MKLXOOZWQL7GO;Amazon PLCC Free-Financing Universal Merchant AAT-CB7UNXEXGIJTC;Amazon PLCC Free-Financing Universal Merchant #MP-gzasho-1593152694811;Amazon PLCC Free-Financing Universal Merchant AAT-WLBA4GZ52EAH4,TRUE,Easy Ship
860,407-6002733-2903540,4/30/2022,Shipped,Amazon,Amazon.in,Expedited,JNE3480,JNE3480-KR-M,kurta,M,B099RJY1RY,Shipped,1,INR,249,MADIKERI,KARNATAKA,571201,IN,IN Core Free Shipping 2015/04/08 23-48-5-108,TRUE,
861,403-1068845-1092310,4/30/2022,Shipped,Amazon,Amazon.in,Expedited,SET014,SET014-KR-PP-M,Set,M,B07JNSZNV5,Shipped,1,INR,818,GHAZIABAD,UTTAR PRADESH,201012,IN,IN Core Free Shipping 2015/04/08 23-48-5-108,FALSE,
862,407-3001310-2482707,4/30/2022,Shipped,Amazon,Amazon.in,Expedited,JNE3510,JNE3510-KR-XL,kurta,XL,B08WPZ1N4Z,Shipped,1,INR,429,Thrissur,KERALA,680596,IN,IN Core Free Shipping 2015/04/08 23-48-5-108,FALSE,
863,407-3001310-2482707,4/30/2022,Shipped,Amazon,Amazon.in,Expedited,JNE3784,JNE3784-KR-L,kurta,L,B09K3TM23D,Shipped,1,INR,458,Thrissur,KERALA,680596,IN,IN Core Free Shipping 2015/04/08 23-48-5-108,FALSE,
864,402-9024954-3597923,4/30/2022,Cancelled,Amazon,Amazon.in,Expedited,JNE3800,JNE3800-KR-M,Western Dress,M,B09SDXQ3X9,Cancelled,0,,,HYDERABAD,TELANGANA,500043,IN,,FALSE,
865,404-6763777-8680366,4/30/2022,Shipped - Delivered to Buyer,Merchant,Amazon.in,Standard,MEN5007,MEN5007-KR-M,kurta,M,B08YYZ7YQZ,Shipped,1,INR,475,PUNE,MAHARASHTRA,411006,IN,Amazon PLCC Free-Financing Universal Merchant AAT-WNKTBO3K27EJC;Amazon PLCC Free-Financing Universal Merchant AAT-QX3UCCJESKPA2;Amazon PLCC Free-Financing Universal Merchant AAT-5QQ7BIYYQEDN2;Amazon PLCC Free-Financing Universal Merchant AAT-DSJ2QRXXWXVMQ;Amazon PLCC Free-Financing Universal Merchant AAT-CXJHMC2YJUK76;Amazon PLCC Free-Financing Universal Merchant AAT-SL3Y2YRMAUNFC;Amazon PLCC Free-Financing Universal Merchant AAT-CC4FAVTYR4X7C;Amazon PLCC Free-Financing Universal Merchant AAT-XXRCW6NZEPZI4;Amazon PLCC Free-Financing Universal Merchant AAT-EOKPWFWYW7Y6I;Amazon PLCC Free-Financing Universal Merchant AAT-ZYL5UPUNW6T62;Amazon PLCC Free-Financing Universal Merchant AAT-DELQQPYRTQEMS;Amazon PLCC Free-Financing Universal Merchant AAT-ETXQ3XXWMRXBG;Amazon PLCC Free-Financing Universal Merchant AAT-7X3XCTYG64VBE;Amazon PLCC Free-Financing Universal Merchant AAT-7CHGD3WTS3MHM;Amazon PLCC Free-Financing Universal Merchant AAT-26ZDKNME27X42;Amazon PLCC Free-Financing Universal Merchant AAT-4ZF5KN6E4LJK4;Amazon PLCC Free-Financing Universal Merchant AAT-7RCXIKUAX7DDY;Amazon PLCC Free-Financing Universal Merchant AAT-BRSZZ45H6MHAO;Amazon PLCC Free-Financing Universal Merchant AAT-MKLXOOZWQL7GO;Amazon PLCC Free-Financing Universal Merchant AAT-CB7UNXEXGIJTC;Amazon PLCC Free-Financing Universal Merchant #MP-gzasho-1593152694811;Amazon PLCC Free-Financing Universal Merchant AAT-WLBA4GZ52EAH4,FALSE,Easy Ship
866,405-6167247-7769908,4/30/2022,Shipped,Amazon,Amazon.in,Expedited,SET110,SET110-KR-PP-S,Set,S,B0822T2BM8,Shipped,1,INR,788,RANCHI,JHARKHAND,834001,IN,IN Core Free Shipping 2015/04/08 23-48-5-108,FALSE,
867,404-3190952-7345128,4/30/2022,Shipped,Amazon,Amazon.in,Expedited,J0339,J0339-DR-XL,Western Dress,XL,B0982ZDB2S,Shipped,1,INR,744,Bengaluru,KARNATAKA,560091,IN,IN Core Free Shipping 2015/04/08 23-48-5-108,FALSE,
868,407-4179560-9885921,4/30/2022,Shipped,Amazon,Amazon.in,Expedited,JNE3784,JNE3784-KR-XXXL,kurta,3XL,B09K4182W8,Shipped,1,INR,458,GURUGRAM,HARYANA,122018,IN,,FALSE,
869,405-4515494-3244302,4/30/2022,Shipped,Amazon,Amazon.in,Expedited,PJNE3368,PJNE3368-KR-6XL,kurta,6XL,B09PY99SVJ,Shipped,1,INR,505,CHENNAI,TAMIL NADU,600040,IN,,FALSE,
870,404-0812833-5129124,4/30/2022,Shipped,Amazon,Amazon.in,Expedited,SET398,SET398-KR-PP-XXL,Set,XXL,B09RP8WY5J,Shipped,1,INR,1186,JAMMU,JAMMU & KASHMIR,181124,IN,IN Core Free Shipping 2015/04/08 23-48-5-108,FALSE,
871,403-9928712-6587519,4/30/2022,Shipped,Amazon,Amazon.in,Expedited,SET331,SET331-KR-NP-L,Set,L,B09NQ4XYV9,Shipped,1,INR,597,Dungarpur,RAJASTHAN,314031,IN,IN Core Free Shipping 2015/04/08 23-48-5-108,FALSE,
872,404-5314568-1043519,4/30/2022,Shipped,Amazon,Amazon.in,Expedited,J0301,J0301-TP-M,Top,M,B099S9DTR2,Shipped,1,INR,463,PANCHKULA,HARYANA,134117,IN,IN Core Free Shipping 2015/04/08 23-48-5-108,FALSE,
873,402-8207665-7247536,4/30/2022,Shipped,Amazon,Amazon.in,Expedited,JNE3368,JNE3368-KR-XXXL,kurta,3XL,B0828PD16L,Shipped,1,INR,471,HYDERABAD,TELANGANA,500001,IN,,FALSE,
874,403-3814019-1141952,4/30/2022,Shipped,Amazon,Amazon.in,Expedited,SET345,SET345-KR-NP-M,Set,M,B09KXV4BN8,Shipped,1,INR,626,DHOLKA,Gujarat,382225,IN,IN Core Free Shipping 2015/04/08 23-48-5-108,FALSE,
875,403-5049239-4135545,4/30/2022,Shipped,Amazon,Amazon.in,Expedited,JNE3405,JNE3405-KR-XL,kurta,XL,B081WT6GG7,Shipped,1,INR,399,DALTONGANJ,JHARKHAND,822102,IN,IN Core Free Shipping 2015/04/08 23-48-5-108,FALSE,
876,405-6344744-8777959,4/30/2022,Shipped,Amazon,Amazon.in,Expedited,SET110,SET110-KR-PP-L,Set,L,B0822TBFW3,Shipped,1,INR,788,BENGALURU,KARNATAKA,560094,IN,IN Core Free Shipping 2015/04/08 23-48-5-108,FALSE,
877,405-0654626-6276321,4/30/2022,Shipped,Amazon,Amazon.in,Expedited,JNE3894,JNE3894-TP-M,Top,M,B09TZSX6PQ,Shipped,1,INR,751,BATHINDA,PUNJAB,151001,IN,IN Core Free Shipping 2015/04/08 23-48-5-108,FALSE,
878,403-9647049-8100304,4/30/2022,Cancelled,Amazon,Amazon.in,Expedited,JNE3543,JNE3543-KR-XL,kurta,XL,B08HK4MG14,Unshipped,1,INR,368,LUCKNOW,UTTAR PRADESH,226026,IN,,FALSE,
879,407-3546546-1957155,4/30/2022,Shipped,Amazon,Amazon.in,Expedited,J0341,J0341-DR-M,Western Dress,M,B099NQQ79L,Shipped,1,INR,744,HYDERABAD,TELANGANA,501505,IN,IN Core Free Shipping 2015/04/08 23-48-5-108,FALSE,
880,404-4807357-2693108,4/30/2022,Shipped,Amazon,Amazon.in,Expedited,JNE3405,JNE3405-KR-L,kurta,L,B081WSCKPQ,Shipped,1,INR,399,Nagpur,MAHARASHTRA,440030,IN,IN Core Free Shipping 2015/04/08 23-48-5-108,FALSE,
881,404-4911741-3341902,4/30/2022,Shipped,Amazon,Amazon.in,Expedited,MEN5027,MEN5027-KR-XL,kurta,XL,B08YYS5WM3,Shipped,1,INR,475,CHENNAI,TAMIL NADU,600028,IN,IN Core Free Shipping 2015/04/08 23-48-5-108,FALSE,
882,404-1580706-8406729,4/30/2022,Shipped,Amazon,Amazon.in,Expedited,MEN5006,MEN5006-KR-XL,kurta,XL,B08YZ2ZXT4,Shipped,1,INR,475,CHENNAI,TAMIL NADU,600028,IN,,FALSE,
883,404-6525036-6681154,4/30/2022,Shipped,Amazon,Amazon.in,Expedited,JNE3806,JNE3806-KR-L,kurta,L,B09RKC8XLG,Shipped,1,INR,521,RANCHI,JHARKHAND,834003,IN,IN Core Free Shipping 2015/04/08 23-48-5-108,FALSE,
884,408-6862949-2369917,4/30/2022,Shipped,Amazon,Amazon.in,Expedited,JNE3870,JNE3870-DR-XXXL,Western Dress,3XL,B09RK7CGHJ,Shipped,1,INR,721,PATNA,BIHAR,800024,IN,IN Core Free Shipping 2015/04/08 23-48-5-108,FALSE,
885,403-4522038-5418732,4/30/2022,Shipped,Amazon,Amazon.in,Expedited,SET268,SET268-KR-NP-XS,Set,XS,B08XQBXFPP,Shipped,1,INR,788,MANGALURU,KARNATAKA,575002,IN,IN Core Free Shipping 2015/04/08 23-48-5-108,FALSE,
886,405-9510649-7934734,4/30/2022,Shipped,Amazon,Amazon.in,Expedited,JNE3465,JNE3465-KR-XXL,kurta,XXL,B08BFT4ZKX,Shipped,1,INR,486,"KAMATGI,Hunugund taluk,Bagalkot district",KARNATAKA,587120,IN,Duplicated A12RHGVGRWOT3S 1560498941486,FALSE,
887,408-2170248-9556321,4/30/2022,Shipped,Amazon,Amazon.in,Expedited,SET324,SET324-KR-NP-L,Set,L,B09NQ44RNV,Shipped,1,INR,597,GUWAHATI,ASSAM,781017,IN,IN Core Free Shipping 2015/04/08 23-48-5-108,FALSE,
888,171-1747399-1165911,4/30/2022,Shipped,Amazon,Amazon.in,Expedited,J0341,J0341-DR-M,Western Dress,M,B099NQQ79L,Shipped,1,INR,744,GUWAHATI,ASSAM,781015,IN,IN Core Free Shipping 2015/04/08 23-48-5-108,FALSE,
889,408-1752203-1767518,4/30/2022,Shipped,Amazon,Amazon.in,Expedited,SET349,SET349-KR-NP-XS,Set,XS,B09QJ3QY96,Shipped,1,INR,939,BENGALURU,KARNATAKA,560043,IN,IN Core Free Shipping 2015/04/08 23-48-5-108,FALSE,
890,402-6953218-8797919,4/30/2022,Shipped,Amazon,Amazon.in,Expedited,JNE3465,JNE3465-KR-XL,kurta,XL,B08BF4PWCT,Shipped,1,INR,517,RANCHI,JHARKHAND,834009,IN,IN Core Free Shipping 2015/04/08 23-48-5-108,FALSE,
891,407-3644990-7729144,4/30/2022,Shipped - Delivered to Buyer,Merchant,Amazon.in,Standard,J0343,J0343-DR-XL,Western Dress,XL,B0982Z1994,Shipped,1,INR,744,CHENNAI,TAMIL NADU,600088,IN,Amazon PLCC Free-Financing Universal Merchant AAT-WNKTBO3K27EJC;Amazon PLCC Free-Financing Universal Merchant AAT-QX3UCCJESKPA2;Amazon PLCC Free-Financing Universal Merchant AAT-5QQ7BIYYQEDN2;Amazon PLCC Free-Financing Universal Merchant AAT-DSJ2QRXXWXVMQ;Amazon PLCC Free-Financing Universal Merchant AAT-CXJHMC2YJUK76;Amazon PLCC Free-Financing Universal Merchant AAT-CC4FAVTYR4X7C;Amazon PLCC Free-Financing Universal Merchant AAT-XXRCW6NZEPZI4;Amazon PLCC Free-Financing Universal Merchant AAT-CXNSLNBROFDW4;Amazon PLCC Free-Financing Universal Merchant AAT-WSJLDN3X7KEMO;Amazon PLCC Free-Financing Universal Merchant AAT-VL6FGQVGQVXUS;Amazon PLCC Free-Financing Universal Merchant AAT-EOKPWFWYW7Y6I;Amazon PLCC Free-Financing Universal Merchant AAT-ZYL5UPUNW6T62;Amazon PLCC Free-Financing Universal Merchant AAT-XVPICCHRWDCAI;Amazon PLCC Free-Financing Universal Merchant AAT-PZHUW6DZX4BPS;Amazon PLCC Free-Financing Universal Merchant AAT-ETXQ3XXWMRXBG;Amazon PLCC Free-Financing Universal Merchant AAT-7X3XCTYG64VBE;Amazon PLCC Free-Financing Universal Merchant AAT-7CHGD3WTS3MHM;Amazon PLCC Free-Financing Universal Merchant AAT-26ZDKNME27X42;Amazon PLCC Free-Financing Universal Merchant AAT-4ZF5KN6E4LJK4;Amazon PLCC Free-Financing Universal Merchant AAT-7RCXIKUAX7DDY;Amazon PLCC Free-Financing Universal Merchant AAT-BRSZZ45H6MHAO;Amazon PLCC Free-Financing Universal Merchant AAT-MKLXOOZWQL7GO;Amazon PLCC Free-Financing Universal Merchant AAT-CB7UNXEXGIJTC;Amazon PLCC Free-Financing Universal Merchant #MP-gzasho-1593152694811;Amazon PLCC Free-Financing Universal Merchant AAT-WLBA4GZ52EAH4,FALSE,Easy Ship
892,406-9906656-5128304,4/30/2022,Cancelled,Amazon,Amazon.in,Expedited,J0167,J0167-KR-S,kurta,S,B08QGPXDMY,Cancelled,0,,,KANPURKanpur,UTTAR PRADESH,208013,IN,,FALSE,
893,171-8345794-3569957,4/30/2022,Shipped,Amazon,Amazon.in,Expedited,MEN5021,MEN5021-KR-M,kurta,M,B08YYQRS7M,Shipped,1,INR,533,BHUBANESWAR,ODISHA,751001,IN,IN Core Free Shipping 2015/04/08 23-48-5-108,FALSE,
894,403-9545828-0603523,4/30/2022,Shipped,Amazon,Amazon.in,Expedited,SET291,SET291-KR-PP-M,Set,M,B099NK55YG,Shipped,1,INR,563,NEW DELHI,DELHI,110068,IN,IN Core Free Shipping 2015/04/08 23-48-5-108,FALSE,
895,408-8140052-8753913,4/30/2022,Shipped,Amazon,Amazon.in,Expedited,MEN5031,MEN5031-KR-S,kurta,S,B08YYSMBZ3,Shipped,1,INR,549,Bengaluru,KARNATAKA,560068,IN,IN Core Free Shipping 2015/04/08 23-48-5-108,FALSE,
896,406-7221225-8921144,4/30/2022,Shipped - Delivered to Buyer,Merchant,Amazon.in,Standard,SET345,SET345-KR-NP-XL,Set,XL,B09KXWW582,Shipped,1,INR,626,NAGPUR,MAHARASHTRA,440013,IN,Amazon PLCC Free-Financing Universal Merchant AAT-WNKTBO3K27EJC;Amazon PLCC Free-Financing Universal Merchant AAT-QX3UCCJESKPA2;Amazon PLCC Free-Financing Universal Merchant AAT-5QQ7BIYYQEDN2;Amazon PLCC Free-Financing Universal Merchant AAT-DSJ2QRXXWXVMQ;Amazon PLCC Free-Financing Universal Merchant AAT-CXJHMC2YJUK76;Amazon PLCC Free-Financing Universal Merchant AAT-CC4FAVTYR4X7C;Amazon PLCC Free-Financing Universal Merchant AAT-XXRCW6NZEPZI4;Amazon PLCC Free-Financing Universal Merchant AAT-R7GXNZWISTRFA;Amazon PLCC Free-Financing Universal Merchant AAT-EOKPWFWYW7Y6I;Amazon PLCC Free-Financing Universal Merchant AAT-ZYL5UPUNW6T62;Amazon PLCC Free-Financing Universal Merchant AAT-PZHUW6DZX4BPS;Amazon PLCC Free-Financing Universal Merchant AAT-ETXQ3XXWMRXBG;Amazon PLCC Free-Financing Universal Merchant AAT-7X3XCTYG64VBE;Amazon PLCC Free-Financing Universal Merchant AAT-7CHGD3WTS3MHM;Amazon PLCC Free-Financing Universal Merchant AAT-26ZDKNME27X42;Amazon PLCC Free-Financing Universal Merchant AAT-4ZF5KN6E4LJK4;Amazon PLCC Free-Financing Universal Merchant AAT-7RCXIKUAX7DDY;Amazon PLCC Free-Financing Universal Merchant AAT-BRSZZ45H6MHAO;Amazon PLCC Free-Financing Universal Merchant AAT-MKLXOOZWQL7GO;Amazon PLCC Free-Financing Universal Merchant AAT-CB7UNXEXGIJTC;Amazon PLCC Free-Financing Universal Merchant #MP-gzasho-1593152694811;Amazon PLCC Free-Financing Universal Merchant AAT-WLBA4GZ52EAH4;Amazon PLCC Free-Financing Universal Merchant #MP-pmilan-1601980554292,FALSE,Easy Ship
897,406-4803324-2221109,4/30/2022,Shipped,Amazon,Amazon.in,Expedited,SET356,SET356-KR-NP-XXXL,Set,3XL,B09QJ49VXB,Shipped,1,INR,1099,ARNI,MAHARASHTRA,445103,IN,IN Core Free Shipping 2015/04/08 23-48-5-108,FALSE,
898,407-5470882-4765942,4/30/2022,Cancelled,Merchant,Amazon.in,Standard,J0343,J0343-DR-XL,Western Dress,XL,B0982Z1994,,0,,,CHENNAI,TAMIL NADU,600088,IN,,FALSE,Easy Ship
899,403-0373263-7181928,4/30/2022,Shipped,Amazon,Amazon.in,Expedited,SET098,SET098-KR-PP-S,Set,S,B07X3KSDT3,Shipped,1,INR,696,HYDERABAD,TELANGANA,500049,IN,IN Core Free Shipping 2015/04/08 23-48-5-108,FALSE,
900,405-3139781-4240349,4/30/2022,Shipped,Amazon,Amazon.in,Expedited,SET278,SET278-KR-NP-S,Set,S,B0983F2ZJW,Shipped,1,INR,1432,MORBI,Gujarat,363641,IN,IN Core Free Shipping 2015/04/08 23-48-5-108,FALSE,
901,404-4771108-9660348,4/30/2022,Shipped,Amazon,Amazon.in,Expedited,JNE3294,JNE3294-KR-XXL,kurta,XXL,B07R41S1YG,Shipped,1,INR,432,CHENNAI,TAMIL NADU,600106,IN,,FALSE,
902,407-4616863-5212363,4/30/2022,Shipped,Amazon,Amazon.in,Expedited,SET363,SET363-KR-NP-M,Set,M,B09TH8L9PW,Shipped,1,INR,1338,Jorhat,ASSAM,785001,IN,IN Core Free Shipping 2015/04/08 23-48-5-108,FALSE,
903,405-5863149-6577918,4/30/2022,Shipped,Amazon,Amazon.in,Expedited,SET324,SET324-KR-NP-XS,Set,XS,B09NQ4DD29,Shipped,1,INR,597,Bantwal,KARNATAKA,574211,IN,IN Core Free Shipping 2015/04/08 23-48-5-108,FALSE,
904,405-5863149-6577918,4/30/2022,Shipped,Amazon,Amazon.in,Expedited,SET265,SET265-KR-NP-XS,Set,XS,B0983BR8XF,Shipped,1,INR,888,Bantwal,KARNATAKA,574211,IN,IN Core Free Shipping 2015/04/08 23-48-5-108,FALSE,
905,406-7524766-1454768,4/30/2022,Shipped,Amazon,Amazon.in,Expedited,SET282,SET282-KR-PP-XXXL,Set,3XL,B09CTFP96V,Shipped,1,INR,1033,SECUNDERABAD,TELANGANA,500009,IN,IN Core Free Shipping 2015/04/08 23-48-5-108,FALSE,
906,408-6818789-4965132,4/30/2022,Shipped,Amazon,Amazon.in,Expedited,JNE3373,JNE3373-KR-XXL,kurta,XXL,B082W8RWN1,Shipped,1,INR,376,GUWAHATI,ASSAM,781035,IN,,FALSE,
907,402-1038454-4297969,4/30/2022,Shipped,Amazon,Amazon.in,Expedited,J0414,J0414-DR-XXXL,Western Dress,3XL,B09TY2DQ8G,Shipped,1,INR,885,NOIDA,UTTAR PRADESH,201303,IN,,FALSE,
908,408-8100357-3585904,4/30/2022,Shipped,Amazon,Amazon.in,Expedited,JNE3506,JNE3506-KR-XXL,kurta,XXL,B08WQCD1RK,Shipped,1,INR,635,GANJAM,ODISHA,761209,IN,IN Core Free Shipping 2015/04/08 23-48-5-108,FALSE,
909,402-4372312-4448367,4/30/2022,Cancelled,Amazon,Amazon.in,Expedited,SET324,SET324-KR-NP-M,Set,M,B09NQ4NM75,Unshipped,1,INR,597,DEWAS,MADHYA PRADESH,455001,IN,,FALSE,
910,406-3745473-8633147,4/30/2022,Shipped,Amazon,Amazon.in,Expedited,PJNE3252,PJNE3252-KR-N-6XL,kurta,6XL,B09LD24932,Shipped,1,INR,563,PUNE,MAHARASHTRA,411040,IN,,FALSE,
911,403-1140011-7398736,4/30/2022,Shipped,Amazon,Amazon.in,Expedited,MEN5001,MEN5001-KR-M,kurta,M,B08YYTH8N5,Shipped,1,INR,499,PATNA,BIHAR,800003,IN,IN Core Free Shipping 2015/04/08 23-48-5-108,FALSE,
912,403-1140011-7398736,4/30/2022,Shipped,Amazon,Amazon.in,Expedited,MEN5022,MEN5022-KR-M,kurta,M,B08YYV8NZL,Shipped,1,INR,549,PATNA,BIHAR,800003,IN,IN Core Free Shipping 2015/04/08 23-48-5-108,FALSE,
913,403-1140011-7398736,4/30/2022,Shipped,Amazon,Amazon.in,Expedited,MEN5023,MEN5023-KR-M,kurta,M,B08YZ1B283,Shipped,1,INR,549,PATNA,BIHAR,800003,IN,IN Core Free Shipping 2015/04/08 23-48-5-108,FALSE,
914,403-1140011-7398736,4/30/2022,Shipped,Amazon,Amazon.in,Expedited,MEN5030,MEN5030-KR-M,kurta,M,B08YYSPMPN,Shipped,1,INR,452,PATNA,BIHAR,800003,IN,IN Core Free Shipping 2015/04/08 23-48-5-108,FALSE,
915,171-2789156-5817163,4/30/2022,Shipped - Delivered to Buyer,Merchant,Amazon.in,Standard,MEN5003,MEN5003-KR-XXXL,kurta,3XL,B08YZ45DTV,Shipped,1,INR,449,NAGAUR,RAJASTHAN,342037,IN,Amazon PLCC Free-Financing Universal Merchant AAT-WNKTBO3K27EJC;Amazon PLCC Free-Financing Universal Merchant AAT-QX3UCCJESKPA2;Amazon PLCC Free-Financing Universal Merchant AAT-5QQ7BIYYQEDN2;Amazon PLCC Free-Financing Universal Merchant AAT-DSJ2QRXXWXVMQ;Amazon PLCC Free-Financing Universal Merchant AAT-CXJHMC2YJUK76;Amazon PLCC Free-Financing Universal Merchant AAT-SL3Y2YRMAUNFC;Amazon PLCC Free-Financing Universal Merchant AAT-CC4FAVTYR4X7C;Amazon PLCC Free-Financing Universal Merchant AAT-XXRCW6NZEPZI4;Amazon PLCC Free-Financing Universal Merchant AAT-EOKPWFWYW7Y6I;Amazon PLCC Free-Financing Universal Merchant AAT-ZYL5UPUNW6T62;Amazon PLCC Free-Financing Universal Merchant AAT-DELQQPYRTQEMS;Amazon PLCC Free-Financing Universal Merchant AAT-ETXQ3XXWMRXBG;Amazon PLCC Free-Financing Universal Merchant AAT-7X3XCTYG64VBE;Amazon PLCC Free-Financing Universal Merchant AAT-7CHGD3WTS3MHM;Amazon PLCC Free-Financing Universal Merchant AAT-26ZDKNME27X42;Amazon PLCC Free-Financing Universal Merchant AAT-4ZF5KN6E4LJK4;Amazon PLCC Free-Financing Universal Merchant AAT-7RCXIKUAX7DDY;Amazon PLCC Free-Financing Universal Merchant AAT-BRSZZ45H6MHAO;Amazon PLCC Free-Financing Universal Merchant AAT-MKLXOOZWQL7GO;Amazon PLCC Free-Financing Universal Merchant AAT-CB7UNXEXGIJTC;Amazon PLCC Free-Financing Universal Merchant #MP-gzasho-1593152694811;Amazon PLCC Free-Financing Universal Merchant AAT-WLBA4GZ52EAH4,FALSE,Easy Ship
916,404-9605291-9790766,4/30/2022,Shipped,Amazon,Amazon.in,Expedited,JNE3160,JNE3160-KR-G-XXL,kurta,XXL,B07K44CD3P,Shipped,1,INR,685,KANPUR,UTTAR PRADESH,209864,IN,IN Core Free Shipping 2015/04/08 23-48-5-108,FALSE,
917,408-9259634-7565152,4/30/2022,Shipped - Delivered to Buyer,Merchant,Amazon.in,Standard,JNE3660,JNE3660-TP-N-S,Top,S,B08ZHFVV6F,Shipped,1,INR,391,NEYYATTINKARA,KERALA,695122,IN,Amazon PLCC Free-Financing Universal Merchant AAT-WNKTBO3K27EJC;Amazon PLCC Free-Financing Universal Merchant AAT-QX3UCCJESKPA2;Amazon PLCC Free-Financing Universal Merchant AAT-5QQ7BIYYQEDN2;Amazon PLCC Free-Financing Universal Merchant AAT-DSJ2QRXXWXVMQ;Amazon PLCC Free-Financing Universal Merchant AAT-CXJHMC2YJUK76;Amazon PLCC Free-Financing Universal Merchant AAT-CC4FAVTYR4X7C;Amazon PLCC Free-Financing Universal Merchant AAT-XXRCW6NZEPZI4;Amazon PLCC Free-Financing Universal Merchant AAT-CXNSLNBROFDW4;Amazon PLCC Free-Financing Universal Merchant AAT-R7GXNZWISTRFA;Amazon PLCC Free-Financing Universal Merchant AAT-WSJLDN3X7KEMO;Amazon PLCC Free-Financing Universal Merchant AAT-VL6FGQVGQVXUS;Amazon PLCC Free-Financing Universal Merchant AAT-EOKPWFWYW7Y6I;Amazon PLCC Free-Financing Universal Merchant AAT-PZHUW6DZX4BPS;Amazon PLCC Free-Financing Universal Merchant AAT-ETXQ3XXWMRXBG;Amazon PLCC Free-Financing Universal Merchant AAT-7X3XCTYG64VBE;Amazon PLCC Free-Financing Universal Merchant AAT-7CHGD3WTS3MHM;Amazon PLCC Free-Financing Universal Merchant AAT-26ZDKNME27X42;Amazon PLCC Free-Financing Universal Merchant AAT-4ZF5KN6E4LJK4;Amazon PLCC Free-Financing Universal Merchant AAT-7RCXIKUAX7DDY;Amazon PLCC Free-Financing Universal Merchant AAT-BRSZZ45H6MHAO;Amazon PLCC Free-Financing Universal Merchant AAT-MKLXOOZWQL7GO;Amazon PLCC Free-Financing Universal Merchant AAT-CB7UNXEXGIJTC;Amazon PLCC Free-Financing Universal Merchant #MP-gzasho-1593152694811;Amazon PLCC Free-Financing Universal Merchant AAT-WLBA4GZ52EAH4,FALSE,Easy Ship
918,171-2120512-6643534,4/30/2022,Shipped - Delivered to Buyer,Merchant,Amazon.in,Standard,JNE3405,JNE3405-KR-S,kurta,S,B081WX4G4Q,Shipped,1,INR,399,CHITTOOR,ANDHRA PRADESH,517001,IN,Amazon PLCC Free-Financing Universal Merchant AAT-WNKTBO3K27EJC;Amazon PLCC Free-Financing Universal Merchant AAT-QX3UCCJESKPA2;Amazon PLCC Free-Financing Universal Merchant AAT-5QQ7BIYYQEDN2;Amazon PLCC Free-Financing Universal Merchant AAT-DSJ2QRXXWXVMQ;Amazon PLCC Free-Financing Universal Merchant AAT-CXJHMC2YJUK76;Amazon PLCC Free-Financing Universal Merchant AAT-CC4FAVTYR4X7C;Amazon PLCC Free-Financing Universal Merchant AAT-XXRCW6NZEPZI4;Amazon PLCC Free-Financing Universal Merchant AAT-WSJLDN3X7KEMO;Amazon PLCC Free-Financing Universal Merchant AAT-VL6FGQVGQVXUS;Amazon PLCC Free-Financing Universal Merchant AAT-EOKPWFWYW7Y6I;Amazon PLCC Free-Financing Universal Merchant AAT-PZHUW6DZX4BPS;Amazon PLCC Free-Financing Universal Merchant AAT-ETXQ3XXWMRXBG;Amazon PLCC Free-Financing Universal Merchant AAT-7X3XCTYG64VBE;Amazon PLCC Free-Financing Universal Merchant AAT-7CHGD3WTS3MHM;Amazon PLCC Free-Financing Universal Merchant AAT-26ZDKNME27X42;Amazon PLCC Free-Financing Universal Merchant AAT-4ZF5KN6E4LJK4;Amazon PLCC Free-Financing Universal Merchant AAT-7RCXIKUAX7DDY;Amazon PLCC Free-Financing Universal Merchant AAT-BRSZZ45H6MHAO;Amazon PLCC Free-Financing Universal Merchant AAT-MKLXOOZWQL7GO;Amazon PLCC Free-Financing Universal Merchant AAT-CB7UNXEXGIJTC;Amazon PLCC Free-Financing Universal Merchant #MP-gzasho-1593152694811;Amazon PLCC Free-Financing Universal Merchant AAT-WLBA4GZ52EAH4,FALSE,Easy Ship
919,408-7767023-9733103,4/30/2022,Shipped,Amazon,Amazon.in,Expedited,SET324,SET324-KR-NP-M,Set,M,B09NQ4NM75,Shipped,1,INR,597,BENGALURU,KARNATAKA,560067,IN,IN Core Free Shipping 2015/04/08 23-48-5-108,FALSE,
920,402-6159360-3192305,4/30/2022,Shipped - Delivered to Buyer,Merchant,Amazon.in,Standard,JNE3407,JNE3407-KR-S,kurta,S,B0893DLLWX,Shipped,1,INR,249,COIMBATORE,TAMIL NADU,641049,IN,Amazon PLCC Free-Financing Universal Merchant AAT-WNKTBO3K27EJC;Amazon PLCC Free-Financing Universal Merchant AAT-QX3UCCJESKPA2;Amazon PLCC Free-Financing Universal Merchant AAT-5QQ7BIYYQEDN2;Amazon PLCC Free-Financing Universal Merchant AAT-DSJ2QRXXWXVMQ;Amazon PLCC Free-Financing Universal Merchant AAT-CXJHMC2YJUK76;Amazon PLCC Free-Financing Universal Merchant AAT-CC4FAVTYR4X7C;Amazon PLCC Free-Financing Universal Merchant AAT-XXRCW6NZEPZI4;Amazon PLCC Free-Financing Universal Merchant AAT-EOKPWFWYW7Y6I;Amazon PLCC Free-Financing Universal Merchant AAT-ZYL5UPUNW6T62;Amazon PLCC Free-Financing Universal Merchant AAT-PZHUW6DZX4BPS;Amazon PLCC Free-Financing Universal Merchant AAT-ETXQ3XXWMRXBG;Amazon PLCC Free-Financing Universal Merchant AAT-7X3XCTYG64VBE;Amazon PLCC Free-Financing Universal Merchant AAT-7CHGD3WTS3MHM;Amazon PLCC Free-Financing Universal Merchant AAT-26ZDKNME27X42;Amazon PLCC Free-Financing Universal Merchant AAT-4ZF5KN6E4LJK4;Amazon PLCC Free-Financing Universal Merchant AAT-7RCXIKUAX7DDY;Amazon PLCC Free-Financing Universal Merchant AAT-BRSZZ45H6MHAO;Amazon PLCC Free-Financing Universal Merchant AAT-MKLXOOZWQL7GO;Amazon PLCC Free-Financing Universal Merchant AAT-CB7UNXEXGIJTC;Amazon PLCC Free-Financing Universal Merchant #MP-gzasho-1593152694811;Amazon PLCC Free-Financing Universal Merchant AAT-WLBA4GZ52EAH4,FALSE,Easy Ship
921,406-4919920-0965963,4/30/2022,Shipped - Delivered to Buyer,Merchant,Amazon.in,Standard,SET359,SET359-KR-NP-L,Set,L,B09RKFJ94S,Shipped,1,INR,1099,MUMBAI,MAHARASHTRA,400012,IN,Amazon PLCC Free-Financing Universal Merchant AAT-WNKTBO3K27EJC;Amazon PLCC Free-Financing Universal Merchant AAT-QX3UCCJESKPA2;Amazon PLCC Free-Financing Universal Merchant AAT-5QQ7BIYYQEDN2;Amazon PLCC Free-Financing Universal Merchant AAT-DSJ2QRXXWXVMQ;Amazon PLCC Free-Financing Universal Merchant AAT-CXJHMC2YJUK76;Amazon PLCC Free-Financing Universal Merchant AAT-SL3Y2YRMAUNFC;Amazon PLCC Free-Financing Universal Merchant AAT-CC4FAVTYR4X7C;Amazon PLCC Free-Financing Universal Merchant AAT-XXRCW6NZEPZI4;Amazon PLCC Free-Financing Universal Merchant AAT-EOKPWFWYW7Y6I;Amazon PLCC Free-Financing Universal Merchant AAT-ZYL5UPUNW6T62;Amazon PLCC Free-Financing Universal Merchant AAT-PZHUW6DZX4BPS;Amazon PLCC Free-Financing Universal Merchant AAT-ETXQ3XXWMRXBG;Amazon PLCC Free-Financing Universal Merchant AAT-7X3XCTYG64VBE;Amazon PLCC Free-Financing Universal Merchant AAT-7CHGD3WTS3MHM;Amazon PLCC Free-Financing Universal Merchant AAT-26ZDKNME27X42;Amazon PLCC Free-Financing Universal Merchant AAT-4ZF5KN6E4LJK4;Amazon PLCC Free-Financing Universal Merchant AAT-7RCXIKUAX7DDY;Amazon PLCC Free-Financing Universal Merchant AAT-TNYBHEAO7HOHO;Amazon PLCC Free-Financing Universal Merchant AAT-BRSZZ45H6MHAO;Amazon PLCC Free-Financing Universal Merchant AAT-MKLXOOZWQL7GO;Amazon PLCC Free-Financing Universal Merchant AAT-CB7UNXEXGIJTC;Amazon PLCC Free-Financing Universal Merchant #MP-gzasho-1593152694811;Amazon PLCC Free-Financing Universal Merchant AAT-WLBA4GZ52EAH4;Amazon PLCC Free-Financing Universal Merchant AAT-QMFZ3M7T5NPDS;Amazon PLCC Free-Financing Universal Merchant #MP-pmilan-1601980554292,FALSE,Easy Ship
922,402-5821417-6985934,4/30/2022,Shipped,Amazon,Amazon.in,Expedited,J0377,J0377-SKD-XXXL,Set,3XL,B09QJ3VNR7,Shipped,1,INR,1099,SILIGURI,WEST BENGAL,734013,IN,IN Core Free Shipping 2015/04/08 23-48-5-108,FALSE,
923,406-7489606-3781934,4/30/2022,Shipped,Amazon,Amazon.in,Expedited,JNE3818,JNE3818-KR-XXL,kurta,XXL,B09LTY88GR,Shipped,1,INR,499,KUSHALANAGARA,KARNATAKA,571234,IN,IN Core Free Shipping 2015/04/08 23-48-5-108,FALSE,
924,408-4543593-8672326,4/30/2022,Shipped,Amazon,Amazon.in,Expedited,J0341,J0341-DR-L,Western Dress,L,B099NRCT7B,Shipped,1,INR,744,kolkata,WEST BENGAL,700008,IN,IN Core Free Shipping 2015/04/08 23-48-5-108,FALSE,
925,404-3628070-0647500,4/30/2022,Cancelled,Merchant,Amazon.in,Standard,JNE3412,JNE3412-KR-XXL,kurta,XXL,B0893DHZYM,,0,INR,399.05,Chennai,TAMIL NADU,603112,IN,,FALSE,Easy Ship
926,404-3628070-0647500,4/30/2022,Cancelled,Merchant,Amazon.in,Standard,JNE3757,JNE3757-KR-XXL,kurta,XXL,B099NPK5DS,,0,INR,463.81,Chennai,TAMIL NADU,603112,IN,,FALSE,Easy Ship
927,404-0691443-7069131,4/30/2022,Shipped,Amazon,Amazon.in,Expedited,JNE3741,JNE3741-KR-XXL,kurta,XXL,B099FBTWW1,Shipped,1,INR,432,Chennai,TAMIL NADU,603112,IN,,FALSE,
928,403-0467296-2575536,4/30/2022,Shipped,Amazon,Amazon.in,Expedited,J0301,J0301-TP-M,Top,M,B099S9DTR2,Shipped,1,INR,463,SIMLAPAL,WEST BENGAL,722151,IN,,FALSE,
929,408-3531277-4885962,4/30/2022,Cancelled,Amazon,Amazon.in,Expedited,JNE3660,JNE3660-TP-N-S,Top,S,B08ZHFVV6F,Cancelled,0,,,NEYYATTINKARA,KERALA,695122,IN,,FALSE,
930,408-6069754-7397924,4/30/2022,Shipped,Amazon,Amazon.in,Standard,JNE3805,JNE3805-KR-S,kurta,S,B09K3T9XRW,Shipped,1,INR,0,NARKATIAGANJ,BIHAR,845455,IN,,FALSE,
931,408-0391714-9281921,4/30/2022,Cancelled,Merchant,Amazon.in,Standard,J0341,J0341-DR-XL,Western Dress,XL,B099NQJZPQ,,0,,,NASHIK,MAHARASHTRA,422101,IN,,FALSE,Easy Ship
932,408-3692922-9946738,4/30/2022,Shipped,Amazon,Amazon.in,Expedited,J0308,J0308-DR-XXXL,Western Dress,3XL,B099NTV5ZV,Shipped,1,INR,665,"Wagholi, PUNE",MAHARASHTRA,412207,IN,,FALSE,
933,171-7935921-7575568,4/30/2022,Shipped,Amazon,Amazon.in,Expedited,SET184,SET184-KR-PP-S,Set,S,B08W9PN5YX,Shipped,1,INR,563,KOHIMA,NAGALAND,797001,IN,IN Core Free Shipping 2015/04/08 23-48-5-108,FALSE,
934,408-2026538-7845958,4/30/2022,Shipped,Amazon,Amazon.in,Expedited,JNE3568,JNE3568-KR-XL,kurta,XL,B08KS2BCHS,Shipped,1,INR,399,JALANDHAR,PUNJAB,144008,IN,IN Core Free Shipping 2015/04/08 23-48-5-108,FALSE,
935,403-2026715-3949910,4/30/2022,Shipped,Amazon,Amazon.in,Expedited,SET344,SET344-KR-NP-XL,Set,XL,B09QJ57BL6,Shipped,1,INR,968,Ghaziabad,UTTAR PRADESH,201012,IN,IN Core Free Shipping 2015/04/08 23-48-5-108,FALSE,
936,404-4599488-8213952,4/30/2022,Shipped - Delivered to Buyer,Merchant,Amazon.in,Standard,JNE3825,JNE3825-KR-M,kurta,M,B09LV2CTYL,Shipped,1,INR,474,BENGALURU,KARNATAKA,560087,IN,Amazon PLCC Free-Financing Universal Merchant AAT-WNKTBO3K27EJC;Amazon PLCC Free-Financing Universal Merchant AAT-QX3UCCJESKPA2;Amazon PLCC Free-Financing Universal Merchant AAT-5QQ7BIYYQEDN2;Amazon PLCC Free-Financing Universal Merchant AAT-DSJ2QRXXWXVMQ;Amazon PLCC Free-Financing Universal Merchant AAT-CXJHMC2YJUK76;Amazon PLCC Free-Financing Universal Merchant AAT-SL3Y2YRMAUNFC;Amazon PLCC Free-Financing Universal Merchant AAT-CC4FAVTYR4X7C;Amazon PLCC Free-Financing Universal Merchant AAT-XXRCW6NZEPZI4;Amazon PLCC Free-Financing Universal Merchant AAT-WSJLDN3X7KEMO;Amazon PLCC Free-Financing Universal Merchant AAT-VL6FGQVGQVXUS;Amazon PLCC Free-Financing Universal Merchant AAT-EOKPWFWYW7Y6I;Amazon PLCC Free-Financing Universal Merchant AAT-ZYL5UPUNW6T62;Amazon PLCC Free-Financing Universal Merchant AAT-XVPICCHRWDCAI;Amazon PLCC Free-Financing Universal Merchant AAT-PZHUW6DZX4BPS;Amazon PLCC Free-Financing Universal Merchant AAT-ETXQ3XXWMRXBG;Amazon PLCC Free-Financing Universal Merchant AAT-7X3XCTYG64VBE;Amazon PLCC Free-Financing Universal Merchant AAT-7CHGD3WTS3MHM;Amazon PLCC Free-Financing Universal Merchant AAT-26ZDKNME27X42;Amazon PLCC Free-Financing Universal Merchant AAT-4ZF5KN6E4LJK4;Amazon PLCC Free-Financing Universal Merchant AAT-7RCXIKUAX7DDY;Amazon PLCC Free-Financing Universal Merchant AAT-BRSZZ45H6MHAO;Amazon PLCC Free-Financing Universal Merchant AAT-MKLXOOZWQL7GO;Amazon PLCC Free-Financing Universal Merchant AAT-CB7UNXEXGIJTC;Amazon PLCC Free-Financing Universal Merchant #MP-gzasho-1593152694811;Amazon PLCC Free-Financing Universal Merchant AAT-WLBA4GZ52EAH4,FALSE,Easy Ship
937,S02-5278980-4327051,4/30/2022,Shipped,Amazon,Non-Amazon,Standard,BL017,BL017-63BLACK,Blouse,Free,B077Z7WDXN,Unshipped,15,,,Surat,Gujarat,394210,IN,,FALSE,
938,171-5599779-6322751,4/30/2022,Cancelled,Merchant,Amazon.in,Standard,PJNE3068,PJNE3068-KR-6XL,kurta,6XL,B09M76SVFW,,0,INR,659.05,PUNE,MAHARASHTRA,411040,IN,,FALSE,Easy Ship
939,171-2550230-3805124,4/30/2022,Shipped - Delivered to Buyer,Merchant,Amazon.in,Standard,J0098,J0098-TP-XXL,Top,XXL,B092D3D5BL,Shipped,1,INR,413,THANE (W),MAHARASHTRA,400601,IN,Amazon PLCC Free-Financing Universal Merchant AAT-WNKTBO3K27EJC;Amazon PLCC Free-Financing Universal Merchant AAT-QX3UCCJESKPA2;Amazon PLCC Free-Financing Universal Merchant AAT-5QQ7BIYYQEDN2;Amazon PLCC Free-Financing Universal Merchant AAT-DSJ2QRXXWXVMQ;Amazon PLCC Free-Financing Universal Merchant AAT-CXJHMC2YJUK76;Amazon PLCC Free-Financing Universal Merchant AAT-SL3Y2YRMAUNFC;Amazon PLCC Free-Financing Universal Merchant AAT-CC4FAVTYR4X7C;Amazon PLCC Free-Financing Universal Merchant AAT-XXRCW6NZEPZI4;Amazon PLCC Free-Financing Universal Merchant AAT-R7GXNZWISTRFA;Amazon PLCC Free-Financing Universal Merchant AAT-EOKPWFWYW7Y6I;Amazon PLCC Free-Financing Universal Merchant AAT-ZYL5UPUNW6T62;Amazon PLCC Free-Financing Universal Merchant AAT-PZHUW6DZX4BPS;Amazon PLCC Free-Financing Universal Merchant AAT-ETXQ3XXWMRXBG;Amazon PLCC Free-Financing Universal Merchant AAT-7X3XCTYG64VBE;Amazon PLCC Free-Financing Universal Merchant AAT-7CHGD3WTS3MHM;Amazon PLCC Free-Financing Universal Merchant AAT-26ZDKNME27X42;Amazon PLCC Free-Financing Universal Merchant AAT-4ZF5KN6E4LJK4;Amazon PLCC Free-Financing Universal Merchant AAT-7RCXIKUAX7DDY;Amazon PLCC Free-Financing Universal Merchant AAT-TNYBHEAO7HOHO;Amazon PLCC Free-Financing Universal Merchant AAT-BRSZZ45H6MHAO;Amazon PLCC Free-Financing Universal Merchant AAT-MKLXOOZWQL7GO;Amazon PLCC Free-Financing Universal Merchant AAT-CB7UNXEXGIJTC;Amazon PLCC Free-Financing Universal Merchant #MP-gzasho-1593152694811;Amazon PLCC Free-Financing Universal Merchant AAT-WLBA4GZ52EAH4;Amazon PLCC Free-Financing Universal Merchant AAT-QMFZ3M7T5NPDS;Amazon PLCC Free-Financing Universal Merchant #MP-pmilan-1601980554292,FALSE,Easy Ship
940,402-5852450-2129941,4/30/2022,Shipped - Delivered to Buyer,Merchant,Amazon.in,Standard,JNE2171,JNE2171-KR-437-S,kurta,S,B079WZ263P,Shipped,1,INR,495,CHENNAI,TAMIL NADU,600125,IN,Amazon PLCC Free-Financing Universal Merchant AAT-WNKTBO3K27EJC;Amazon PLCC Free-Financing Universal Merchant AAT-QX3UCCJESKPA2;Amazon PLCC Free-Financing Universal Merchant AAT-5QQ7BIYYQEDN2;Amazon PLCC Free-Financing Universal Merchant AAT-DSJ2QRXXWXVMQ;Amazon PLCC Free-Financing Universal Merchant AAT-CXJHMC2YJUK76;Amazon PLCC Free-Financing Universal Merchant AAT-CC4FAVTYR4X7C;Amazon PLCC Free-Financing Universal Merchant AAT-XXRCW6NZEPZI4;Amazon PLCC Free-Financing Universal Merchant AAT-EOKPWFWYW7Y6I;Amazon PLCC Free-Financing Universal Merchant AAT-ZYL5UPUNW6T62;Amazon PLCC Free-Financing Universal Merchant AAT-PZHUW6DZX4BPS;Amazon PLCC Free-Financing Universal Merchant AAT-ETXQ3XXWMRXBG;Amazon PLCC Free-Financing Universal Merchant AAT-7X3XCTYG64VBE;Amazon PLCC Free-Financing Universal Merchant AAT-7CHGD3WTS3MHM;Amazon PLCC Free-Financing Universal Merchant AAT-26ZDKNME27X42;Amazon PLCC Free-Financing Universal Merchant AAT-4ZF5KN6E4LJK4;Amazon PLCC Free-Financing Universal Merchant AAT-7RCXIKUAX7DDY;Amazon PLCC Free-Financing Universal Merchant AAT-BRSZZ45H6MHAO;Amazon PLCC Free-Financing Universal Merchant AAT-MKLXOOZWQL7GO;Amazon PLCC Free-Financing Universal Merchant AAT-CB7UNXEXGIJTC;Amazon PLCC Free-Financing Universal Merchant #MP-gzasho-1593152694811;Amazon PLCC Free-Financing Universal Merchant AAT-WLBA4GZ52EAH4;Amazon PLCC Free-Financing Universal Merchant #MP-pmilan-1601980554292,FALSE,Easy Ship
941,405-3054995-4312360,4/30/2022,Shipped - Delivered to Buyer,Merchant,Amazon.in,Standard,JNE3802,JNE3802-KR-L,kurta,L,B09K3THDTH,Shipped,1,INR,459,MYSURU,KARNATAKA,570023,IN,Amazon PLCC Free-Financing Universal Merchant AAT-WNKTBO3K27EJC;Amazon PLCC Free-Financing Universal Merchant AAT-QX3UCCJESKPA2;Amazon PLCC Free-Financing Universal Merchant AAT-5QQ7BIYYQEDN2;Amazon PLCC Free-Financing Universal Merchant AAT-DSJ2QRXXWXVMQ;Amazon PLCC Free-Financing Universal Merchant AAT-CXJHMC2YJUK76;Amazon PLCC Free-Financing Universal Merchant AAT-SL3Y2YRMAUNFC;Amazon PLCC Free-Financing Universal Merchant AAT-CC4FAVTYR4X7C;Amazon PLCC Free-Financing Universal Merchant AAT-XXRCW6NZEPZI4;Amazon PLCC Free-Financing Universal Merchant AAT-EOKPWFWYW7Y6I;Amazon PLCC Free-Financing Universal Merchant AAT-PZHUW6DZX4BPS;Amazon PLCC Free-Financing Universal Merchant AAT-ETXQ3XXWMRXBG;Amazon PLCC Free-Financing Universal Merchant AAT-7X3XCTYG64VBE;Amazon PLCC Free-Financing Universal Merchant AAT-7CHGD3WTS3MHM;Amazon PLCC Free-Financing Universal Merchant AAT-26ZDKNME27X42;Amazon PLCC Free-Financing Universal Merchant AAT-4ZF5KN6E4LJK4;Amazon PLCC Free-Financing Universal Merchant AAT-7RCXIKUAX7DDY;Amazon PLCC Free-Financing Universal Merchant AAT-BRSZZ45H6MHAO;Amazon PLCC Free-Financing Universal Merchant AAT-MKLXOOZWQL7GO;Amazon PLCC Free-Financing Universal Merchant AAT-CB7UNXEXGIJTC;Amazon PLCC Free-Financing Universal Merchant #MP-gzasho-1593152694811;Amazon PLCC Free-Financing Universal Merchant AAT-WLBA4GZ52EAH4;Amazon PLCC Free-Financing Universal Merchant #MP-pmilan-1601980554292,FALSE,Easy Ship
942,407-2538775-7502719,4/30/2022,Shipped,Amazon,Amazon.in,Expedited,PJNE3399,PJNE3399-KR-N-4XL,kurta,4XL,B09LD3V5V3,Shipped,1,INR,486,PUNE,MAHARASHTRA,411037,IN,,FALSE,
943,406-1981446-7471514,4/30/2022,Shipped - Delivered to Buyer,Merchant,Amazon.in,Standard,SET377,SET377-KR-NP-M,Set,M,B09TZV23QS,Shipped,1,INR,1238,NEW DELHI,DELHI,110052,IN,Amazon PLCC Free-Financing Universal Merchant AAT-WNKTBO3K27EJC;Amazon PLCC Free-Financing Universal Merchant AAT-QX3UCCJESKPA2;Amazon PLCC Free-Financing Universal Merchant AAT-5QQ7BIYYQEDN2;Amazon PLCC Free-Financing Universal Merchant AAT-DSJ2QRXXWXVMQ;Amazon PLCC Free-Financing Universal Merchant AAT-CXJHMC2YJUK76;Amazon PLCC Free-Financing Universal Merchant AAT-CC4FAVTYR4X7C;Amazon PLCC Free-Financing Universal Merchant AAT-XXRCW6NZEPZI4;Amazon PLCC Free-Financing Universal Merchant AAT-EOKPWFWYW7Y6I;Amazon PLCC Free-Financing Universal Merchant AAT-ZYL5UPUNW6T62;Amazon PLCC Free-Financing Universal Merchant AAT-PZHUW6DZX4BPS;Amazon PLCC Free-Financing Universal Merchant AAT-ETXQ3XXWMRXBG;Amazon PLCC Free-Financing Universal Merchant AAT-7X3XCTYG64VBE;Amazon PLCC Free-Financing Universal Merchant AAT-7CHGD3WTS3MHM;Amazon PLCC Free-Financing Universal Merchant AAT-26ZDKNME27X42;Amazon PLCC Free-Financing Universal Merchant AAT-4ZF5KN6E4LJK4;Amazon PLCC Free-Financing Universal Merchant AAT-7RCXIKUAX7DDY;Amazon PLCC Free-Financing Universal Merchant AAT-BRSZZ45H6MHAO;Amazon PLCC Free-Financing Universal Merchant AAT-MKLXOOZWQL7GO;Amazon PLCC Free-Financing Universal Merchant AAT-CB7UNXEXGIJTC;Amazon PLCC Free-Financing Universal Merchant #MP-gzasho-1593152694811;Amazon PLCC Free-Financing Universal Merchant AAT-WLBA4GZ52EAH4,FALSE,Easy Ship
944,408-4235910-6012362,4/30/2022,Shipped,Amazon,Amazon.in,Expedited,J0349,J0349-SET-XL,Set,XL,B099NK1G2C,Shipped,1,INR,801,PORVORIM,GOA,403501,IN,IN Core Free Shipping 2015/04/08 23-48-5-108,FALSE,
945,171-9839922-3832357,4/30/2022,Shipped,Amazon,Amazon.in,Expedited,PJNE3440,PJNE3440-KR-N-5XL,kurta,5XL,B09LD1P9KP,Shipped,1,INR,527,PUNE,MAHARASHTRA,411040,IN,,FALSE,
946,405-9808686-6294763,4/30/2022,Shipped,Amazon,Amazon.in,Expedited,J0301,J0301-TP-L,Top,L,B099S6795L,Shipped,1,INR,493,AHMEDABAD,Gujarat,380015,IN,IN Core Free Shipping 2015/04/08 23-48-5-108,FALSE,
947,408-8489677-5577933,4/30/2022,Shipped - Delivered to Buyer,Merchant,Amazon.in,Standard,MEN5004,MEN5004-KR-XL,kurta,XL,B08YZ19332,Shipped,1,INR,0,NOIDA,UTTAR PRADESH,201304,IN,Amazon PLCC Free-Financing Universal Merchant AAT-5QQ7BIYYQEDN2;Amazon PLCC Free-Financing Universal Merchant AAT-DSJ2QRXXWXVMQ;Amazon PLCC Free-Financing Universal Merchant AAT-XXRCW6NZEPZI4;Amazon PLCC Free-Financing Universal Merchant AAT-ETXQ3XXWMRXBG;Amazon PLCC Free-Financing Universal Merchant AAT-7X3XCTYG64VBE;Amazon PLCC Free-Financing Universal Merchant AAT-7CHGD3WTS3MHM;Amazon PLCC Free-Financing Universal Merchant AAT-26ZDKNME27X42;Amazon PLCC Free-Financing Universal Merchant AAT-4ZF5KN6E4LJK4;Amazon PLCC Free-Financing Universal Merchant AAT-7RCXIKUAX7DDY;Amazon PLCC Free-Financing Universal Merchant #MP-gzasho-1593152694811,FALSE,Easy Ship
948,402-5550488-9916304,4/30/2022,Cancelled,Merchant,Amazon.in,Standard,JNE3579,JNE3579-KR-L,kurta,L,B08QGL9C1P,,0,INR,280.95,Hyderabad,TELANGANA,500016,IN,,FALSE,Easy Ship
949,408-6369127-2887567,4/30/2022,Shipped,Amazon,Amazon.in,Expedited,SET268,SET268-KR-NP-XL,Set,XL,B08XQBF1G4,Shipped,1,INR,788,Vasai,MAHARASHTRA,401201,IN,IN Core Free Shipping 2015/04/08 23-48-5-108,FALSE,
950,171-0113406-2293163,4/30/2022,Cancelled,Amazon,Amazon.in,Expedited,SET345,SET345-KR-NP-M,Set,M,B09KXV4BN8,Unshipped,1,INR,626,GHAZIABAD,UTTAR PRADESH,201014,IN,,FALSE,
951,403-8565647-0953102,4/30/2022,Shipped,Amazon,Amazon.in,Expedited,JNE3373,JNE3373-KR-M,kurta,M,B082W8F8P3,Shipped,1,INR,376,GUWAHATI,ASSAM,781011,IN,,FALSE,
952,406-9957971-2569147,4/30/2022,Shipped,Amazon,Amazon.in,Expedited,JNE3368,JNE3368-KR-XXXL,kurta,3XL,B0828PD16L,Shipped,1,INR,471,SANGLI,MAHARASHTRA,416416,IN,Duplicated AYTJSBA8ZOP16 1567159860988,FALSE,
953,406-1092108-2639512,4/30/2022,Shipped,Amazon,Amazon.in,Expedited,J0139,J0139-KR-XXL,kurta,XXL,B091XYDRMV,Shipped,1,INR,399,VADODARA,Gujarat,390010,IN,,FALSE,
954,402-3270101-7657904,4/30/2022,Cancelled,Merchant,Amazon.in,Standard,MEN5006,MEN5006-KR-L,kurta,L,B08YYR13RX,,0,INR,452.38,COIMBATORE,TAMIL NADU,641006,IN,,FALSE,Easy Ship
955,402-7078622-5609155,4/30/2022,Shipped - Delivered to Buyer,Merchant,Amazon.in,Standard,J0285,J0285-SKD-S,Set,S,B08QGJ32WW,Shipped,1,INR,1432,KOTTAYAM,KERALA,686020,IN,Amazon PLCC Free-Financing Universal Merchant AAT-WNKTBO3K27EJC;Amazon PLCC Free-Financing Universal Merchant AAT-QX3UCCJESKPA2;Amazon PLCC Free-Financing Universal Merchant AAT-5QQ7BIYYQEDN2;Amazon PLCC Free-Financing Universal Merchant AAT-DSJ2QRXXWXVMQ;Amazon PLCC Free-Financing Universal Merchant AAT-CXJHMC2YJUK76;Amazon PLCC Free-Financing Universal Merchant AAT-CC4FAVTYR4X7C;Amazon PLCC Free-Financing Universal Merchant AAT-XXRCW6NZEPZI4;Amazon PLCC Free-Financing Universal Merchant AAT-EOKPWFWYW7Y6I;Amazon PLCC Free-Financing Universal Merchant AAT-ZYL5UPUNW6T62;Amazon PLCC Free-Financing Universal Merchant AAT-PZHUW6DZX4BPS;Amazon PLCC Free-Financing Universal Merchant AAT-ETXQ3XXWMRXBG;Amazon PLCC Free-Financing Universal Merchant AAT-7X3XCTYG64VBE;Amazon PLCC Free-Financing Universal Merchant AAT-7CHGD3WTS3MHM;Amazon PLCC Free-Financing Universal Merchant AAT-26ZDKNME27X42;Amazon PLCC Free-Financing Universal Merchant AAT-4ZF5KN6E4LJK4;Amazon PLCC Free-Financing Universal Merchant AAT-7RCXIKUAX7DDY;Amazon PLCC Free-Financing Universal Merchant AAT-TNYBHEAO7HOHO;Amazon PLCC Free-Financing Universal Merchant AAT-BRSZZ45H6MHAO;Amazon PLCC Free-Financing Universal Merchant AAT-MKLXOOZWQL7GO;Amazon PLCC Free-Financing Universal Merchant AAT-CB7UNXEXGIJTC;Amazon PLCC Free-Financing Universal Merchant #MP-gzasho-1593152694811;Amazon PLCC Free-Financing Universal Merchant AAT-WLBA4GZ52EAH4;Amazon PLCC Free-Financing Universal Merchant AAT-QMFZ3M7T5NPDS;Amazon PLCC Free-Financing Universal Merchant #MP-pmilan-1601980554292,FALSE,Easy Ship
956,171-7678731-3568339,4/30/2022,Cancelled,Amazon,Amazon.in,Expedited,SET331,SET331-KR-NP-L,Set,L,B09NQ4XYV9,Cancelled,0,,,BENGALURU,KARNATAKA,560100,IN,,FALSE,
957,408-7206307-2384358,4/30/2022,Shipped - Delivered to Buyer,Merchant,Amazon.in,Standard,JNE3797,JNE3797-KR-XS,Western Dress,XS,B09SDY9SQ6,Shipped,1,INR,725,DHARMADOM,KERALA,670661,IN,Amazon PLCC Free-Financing Universal Merchant AAT-WNKTBO3K27EJC;Amazon PLCC Free-Financing Universal Merchant AAT-QX3UCCJESKPA2;Amazon PLCC Free-Financing Universal Merchant AAT-5QQ7BIYYQEDN2;Amazon PLCC Free-Financing Universal Merchant AAT-DSJ2QRXXWXVMQ;Amazon PLCC Free-Financing Universal Merchant AAT-CXJHMC2YJUK76;Amazon PLCC Free-Financing Universal Merchant AAT-CC4FAVTYR4X7C;Amazon PLCC Free-Financing Universal Merchant AAT-XXRCW6NZEPZI4;Amazon PLCC Free-Financing Universal Merchant AAT-WSJLDN3X7KEMO;Amazon PLCC Free-Financing Universal Merchant AAT-VL6FGQVGQVXUS;Amazon PLCC Free-Financing Universal Merchant AAT-EOKPWFWYW7Y6I;Amazon PLCC Free-Financing Universal Merchant AAT-ZYL5UPUNW6T62;Amazon PLCC Free-Financing Universal Merchant AAT-PZHUW6DZX4BPS;Amazon PLCC Free-Financing Universal Merchant AAT-ETXQ3XXWMRXBG;Amazon PLCC Free-Financing Universal Merchant AAT-7X3XCTYG64VBE;Amazon PLCC Free-Financing Universal Merchant AAT-7CHGD3WTS3MHM;Amazon PLCC Free-Financing Universal Merchant AAT-26ZDKNME27X42;Amazon PLCC Free-Financing Universal Merchant AAT-4ZF5KN6E4LJK4;Amazon PLCC Free-Financing Universal Merchant AAT-7RCXIKUAX7DDY;Amazon PLCC Free-Financing Universal Merchant AAT-BRSZZ45H6MHAO;Amazon PLCC Free-Financing Universal Merchant AAT-MKLXOOZWQL7GO;Amazon PLCC Free-Financing Universal Merchant AAT-CB7UNXEXGIJTC;Amazon PLCC Free-Financing Universal Merchant #MP-gzasho-1593152694811;Amazon PLCC Free-Financing Universal Merchant AAT-WLBA4GZ52EAH4,FALSE,Easy Ship
958,407-5830946-0458753,4/30/2022,Shipped,Amazon,Amazon.in,Expedited,JNE3724,JNE3724-KR-XL,kurta,XL,B097ZZZ37J,Shipped,1,INR,499,MUMBAI,MAHARASHTRA,400037,IN,,FALSE,
959,171-3016563-0593956,4/30/2022,Shipped,Amazon,Amazon.in,Expedited,JNE3368,JNE3368-KR-XXXL,kurta,3XL,B0828PD16L,Shipped,1,INR,471,NEW DELHI,DELHI,110045,IN,,FALSE,
960,404-3252605-4011545,4/30/2022,Cancelled,Amazon,Amazon.in,Expedited,JNE3510,JNE3510-KR-XL,kurta,XL,B08WPZ1N4Z,Cancelled,0,,,VASAI VIRAR,MAHARASHTRA,401208,IN,,FALSE,
961,171-1148440-5117161,4/30/2022,Cancelled,Amazon,Amazon.in,Expedited,NW037,NW037-TP-SR-L,Set,L,B099NPC16D,Unshipped,1,INR,449,PUNE,MAHARASHTRA,411028,IN,,FALSE,
962,171-7636697-5689908,4/30/2022,Shipped,Amazon,Amazon.in,Expedited,SET288,SET288-KR-NP-XXXL,Set,3XL,B09M6STTBC,Shipped,1,INR,684,GWALIOR,MADHYA PRADESH,474001,IN,IN Core Free Shipping 2015/04/08 23-48-5-108,FALSE,
963,408-1336273-5938748,4/30/2022,Shipped,Amazon,Amazon.in,Expedited,J0334,J0334-TP-S,Top,S,B0986Y2KBV,Shipped,1,INR,545,LUDHIANA,PUNJAB,141008,IN,IN Core Free Shipping 2015/04/08 23-48-5-108,FALSE,
964,406-3815399-6450709,4/30/2022,Shipped,Amazon,Amazon.in,Expedited,J0334,J0334-TP-S,Top,S,B0986Y2KBV,Shipped,1,INR,545,NATHDWARA,RAJASTHAN,313301,IN,IN Core Free Shipping 2015/04/08 23-48-5-108,FALSE,
965,171-9638653-2292340,4/30/2022,Shipped,Amazon,Amazon.in,Expedited,BL001,BL001-50PINK,Blouse,Free,B077Z7WHCB,Shipped,1,INR,419,Varanasi,UTTAR PRADESH,221002,IN,IN Core Free Shipping 2015/04/08 23-48-5-108,FALSE,
966,403-7879236-4794741,4/30/2022,Cancelled,Amazon,Amazon.in,Expedited,JNE3373,JNE3373-KR-M,kurta,M,B082W8F8P3,Cancelled,0,,,GUWAHATI,ASSAM,781011,IN,,FALSE,
967,406-4110471-9710751,4/30/2022,Shipped,Amazon,Amazon.in,Expedited,SET098,SET098-KR-PP-XXL,Set,XXL,B07X3JWM6Y,Shipped,1,INR,696,ULLAL,KARNATAKA,575018,IN,,FALSE,
968,408-5598612-8613920,4/30/2022,Cancelled,Amazon,Amazon.in,Expedited,J0334,J0334-TP-S,Top,S,B0986Y2KBV,Cancelled,0,,,LUDHIANA,PUNJAB,141008,IN,,FALSE,
969,404-3475672-0623516,4/30/2022,Cancelled,Amazon,Amazon.in,Expedited,SET388,SET388-KR-NP-XXXL,Set,3XL,B09QJMF9YB,Cancelled,0,,,Haldwani,UTTARAKHAND,263139,IN,,FALSE,
970,403-0708193-0609948,4/30/2022,Shipped,Amazon,Amazon.in,Expedited,JNE3440,JNE3440-KR-N-XS,kurta,XS,B09HMY3YLT,Shipped,1,INR,399,NANDED WAGHALA,MAHARASHTRA,431606,IN,IN Core Free Shipping 2015/04/08 23-48-5-108,FALSE,
971,402-6638943-7023558,4/30/2022,Shipped - Returned to Seller,Merchant,Amazon.in,Standard,NW034,NW034-TP-PJ-XXXL,Set,3XL,B09M76KXC7,Shipped,1,INR,613,NEW DELHI,DELHI,110074,IN,Amazon PLCC Free-Financing Universal Merchant AAT-WNKTBO3K27EJC;Amazon PLCC Free-Financing Universal Merchant AAT-QX3UCCJESKPA2;Amazon PLCC Free-Financing Universal Merchant AAT-5QQ7BIYYQEDN2;Amazon PLCC Free-Financing Universal Merchant AAT-DSJ2QRXXWXVMQ;Amazon PLCC Free-Financing Universal Merchant AAT-CXJHMC2YJUK76;Amazon PLCC Free-Financing Universal Merchant AAT-SL3Y2YRMAUNFC;Amazon PLCC Free-Financing Universal Merchant AAT-CC4FAVTYR4X7C;Amazon PLCC Free-Financing Universal Merchant AAT-XXRCW6NZEPZI4;Amazon PLCC Free-Financing Universal Merchant AAT-EOKPWFWYW7Y6I;Amazon PLCC Free-Financing Universal Merchant AAT-ZYL5UPUNW6T62;Amazon PLCC Free-Financing Universal Merchant AAT-PZHUW6DZX4BPS;Amazon PLCC Free-Financing Universal Merchant AAT-ETXQ3XXWMRXBG;Amazon PLCC Free-Financing Universal Merchant AAT-7X3XCTYG64VBE;Amazon PLCC Free-Financing Universal Merchant AAT-7CHGD3WTS3MHM;Amazon PLCC Free-Financing Universal Merchant AAT-26ZDKNME27X42;Amazon PLCC Free-Financing Universal Merchant AAT-4ZF5KN6E4LJK4;Amazon PLCC Free-Financing Universal Merchant AAT-7RCXIKUAX7DDY;Amazon PLCC Free-Financing Universal Merchant AAT-BRSZZ45H6MHAO;Amazon PLCC Free-Financing Universal Merchant AAT-MKLXOOZWQL7GO;Amazon PLCC Free-Financing Universal Merchant AAT-CB7UNXEXGIJTC;Amazon PLCC Free-Financing Universal Merchant #MP-gzasho-1593152694811;Amazon PLCC Free-Financing Universal Merchant AAT-WLBA4GZ52EAH4,FALSE,Easy Ship
972,405-1047044-2461167,4/30/2022,Shipped,Amazon,Amazon.in,Expedited,J0003,J0003-SET-XXXL,Set,3XL,B0894Y3VBB,Shipped,1,INR,654,BENGALURU,KARNATAKA,560024,IN,IN Core Free Shipping 2015/04/08 23-48-5-108,FALSE,
973,403-4121872-9661935,4/30/2022,Shipped,Amazon,Amazon.in,Expedited,JNE3639,JNE3639-TP-N-XL,Top,XL,B08ZHRYMZD,Shipped,1,INR,487,NEW DELHI,DELHI,110092,IN,IN Core Free Shipping 2015/04/08 23-48-5-108,FALSE,
974,407-0341499-2477170,4/30/2022,Shipped,Amazon,Amazon.in,Expedited,J0343,J0343-DR-XXL,Western Dress,XXL,B09831TPR5,Shipped,1,INR,744,Sangareddy District,TELANGANA,502345,IN,IN Core Free Shipping 2015/04/08 23-48-5-108,FALSE,
975,402-7081372-1053905,4/30/2022,Shipped - Delivered to Buyer,Merchant,Amazon.in,Standard,MEN5028,MEN5028-KR-XL,kurta,XL,B08YYTL6BX,Shipped,1,INR,499,NAGPUR,MAHARASHTRA,440007,IN,Amazon PLCC Free-Financing Universal Merchant AAT-WNKTBO3K27EJC;Amazon PLCC Free-Financing Universal Merchant AAT-QX3UCCJESKPA2;Amazon PLCC Free-Financing Universal Merchant AAT-5QQ7BIYYQEDN2;Amazon PLCC Free-Financing Universal Merchant AAT-DSJ2QRXXWXVMQ;Amazon PLCC Free-Financing Universal Merchant AAT-CXJHMC2YJUK76;Amazon PLCC Free-Financing Universal Merchant AAT-CC4FAVTYR4X7C;Amazon PLCC Free-Financing Universal Merchant AAT-XXRCW6NZEPZI4;Amazon PLCC Free-Financing Universal Merchant AAT-WSJLDN3X7KEMO;Amazon PLCC Free-Financing Universal Merchant AAT-VL6FGQVGQVXUS;Amazon PLCC Free-Financing Universal Merchant AAT-EOKPWFWYW7Y6I;Amazon PLCC Free-Financing Universal Merchant AAT-ZYL5UPUNW6T62;Amazon PLCC Free-Financing Universal Merchant AAT-XVPICCHRWDCAI;Amazon PLCC Free-Financing Universal Merchant AAT-DELQQPYRTQEMS;Amazon PLCC Free-Financing Universal Merchant AAT-ETXQ3XXWMRXBG;Amazon PLCC Free-Financing Universal Merchant AAT-7X3XCTYG64VBE;Amazon PLCC Free-Financing Universal Merchant AAT-7CHGD3WTS3MHM;Amazon PLCC Free-Financing Universal Merchant AAT-26ZDKNME27X42;Amazon PLCC Free-Financing Universal Merchant AAT-4ZF5KN6E4LJK4;Amazon PLCC Free-Financing Universal Merchant AAT-7RCXIKUAX7DDY;Amazon PLCC Free-Financing Universal Merchant AAT-BRSZZ45H6MHAO;Amazon PLCC Free-Financing Universal Merchant AAT-MKLXOOZWQL7GO;Amazon PLCC Free-Financing Universal Merchant AAT-CB7UNXEXGIJTC;Amazon PLCC Free-Financing Universal Merchant #MP-gzasho-1593152694811;Amazon PLCC Free-Financing Universal Merchant AAT-WLBA4GZ52EAH4,FALSE,Easy Ship
976,402-7081372-1053905,4/30/2022,Shipped - Delivered to Buyer,Merchant,Amazon.in,Standard,MEN5011,MEN5011-KR-XL,kurta,XL,B08YZ1RHHJ,Shipped,1,INR,499,NAGPUR,MAHARASHTRA,440007,IN,Amazon PLCC Free-Financing Universal Merchant AAT-WNKTBO3K27EJC;Amazon PLCC Free-Financing Universal Merchant AAT-QX3UCCJESKPA2;Amazon PLCC Free-Financing Universal Merchant AAT-5QQ7BIYYQEDN2;Amazon PLCC Free-Financing Universal Merchant AAT-DSJ2QRXXWXVMQ;Amazon PLCC Free-Financing Universal Merchant AAT-CXJHMC2YJUK76;Amazon PLCC Free-Financing Universal Merchant AAT-CC4FAVTYR4X7C;Amazon PLCC Free-Financing Universal Merchant AAT-XXRCW6NZEPZI4;Amazon PLCC Free-Financing Universal Merchant AAT-WSJLDN3X7KEMO;Amazon PLCC Free-Financing Universal Merchant AAT-VL6FGQVGQVXUS;Amazon PLCC Free-Financing Universal Merchant AAT-EOKPWFWYW7Y6I;Amazon PLCC Free-Financing Universal Merchant AAT-ZYL5UPUNW6T62;Amazon PLCC Free-Financing Universal Merchant AAT-XVPICCHRWDCAI;Amazon PLCC Free-Financing Universal Merchant AAT-DELQQPYRTQEMS;Amazon PLCC Free-Financing Universal Merchant AAT-ETXQ3XXWMRXBG;Amazon PLCC Free-Financing Universal Merchant AAT-7X3XCTYG64VBE;Amazon PLCC Free-Financing Universal Merchant AAT-7CHGD3WTS3MHM;Amazon PLCC Free-Financing Universal Merchant AAT-26ZDKNME27X42;Amazon PLCC Free-Financing Universal Merchant AAT-4ZF5KN6E4LJK4;Amazon PLCC Free-Financing Universal Merchant AAT-7RCXIKUAX7DDY;Amazon PLCC Free-Financing Universal Merchant AAT-BRSZZ45H6MHAO;Amazon PLCC Free-Financing Universal Merchant AAT-MKLXOOZWQL7GO;Amazon PLCC Free-Financing Universal Merchant AAT-CB7UNXEXGIJTC;Amazon PLCC Free-Financing Universal Merchant #MP-gzasho-1593152694811;Amazon PLCC Free-Financing Universal Merchant AAT-WLBA4GZ52EAH4,FALSE,Easy Ship
977,403-8349155-2308363,4/30/2022,Shipped,Amazon,Amazon.in,Expedited,JNE3718,JNE3718-KR-L,kurta,L,B099FD9VJ9,Shipped,1,INR,406,HYDERABAD,TELANGANA,500079,IN,IN Core Free Shipping 2015/04/08 23-48-5-108,FALSE,
978,403-8349155-2308363,4/30/2022,Shipped,Amazon,Amazon.in,Expedited,SET266,SET266-KR-NP-L,Set,L,B09BQLCM88,Shipped,1,INR,737,HYDERABAD,TELANGANA,500079,IN,IN Core Free Shipping 2015/04/08 23-48-5-108,FALSE,
979,403-3794902-2627533,4/30/2022,Shipped,Amazon,Amazon.in,Expedited,SET048,SET048-KR-NP-L,Set,L,B07MY36V38,Shipped,1,INR,648,HYDERABAD,TELANGANA,500079,IN,,FALSE,
980,403-8342497-0727510,4/30/2022,Shipped - Delivered to Buyer,Merchant,Amazon.in,Standard,J0210,J0210-DR-XL,Ethnic Dress,XL,B098322SHW,Shipped,1,INR,783,HYDERABAD,TELANGANA,500075,IN,Amazon PLCC Free-Financing Universal Merchant AAT-WNKTBO3K27EJC;Amazon PLCC Free-Financing Universal Merchant AAT-QX3UCCJESKPA2;Amazon PLCC Free-Financing Universal Merchant AAT-5QQ7BIYYQEDN2;Amazon PLCC Free-Financing Universal Merchant AAT-DSJ2QRXXWXVMQ;Amazon PLCC Free-Financing Universal Merchant AAT-CXJHMC2YJUK76;Amazon PLCC Free-Financing Universal Merchant AAT-SL3Y2YRMAUNFC;Amazon PLCC Free-Financing Universal Merchant AAT-CC4FAVTYR4X7C;Amazon PLCC Free-Financing Universal Merchant AAT-XXRCW6NZEPZI4;Amazon PLCC Free-Financing Universal Merchant AAT-CXNSLNBROFDW4;Amazon PLCC Free-Financing Universal Merchant AAT-WSJLDN3X7KEMO;Amazon PLCC Free-Financing Universal Merchant AAT-VL6FGQVGQVXUS;Amazon PLCC Free-Financing Universal Merchant AAT-EOKPWFWYW7Y6I;Amazon PLCC Free-Financing Universal Merchant AAT-ZYL5UPUNW6T62;Amazon PLCC Free-Financing Universal Merchant AAT-XVPICCHRWDCAI;Amazon PLCC Free-Financing Universal Merchant AAT-PZHUW6DZX4BPS;Amazon PLCC Free-Financing Universal Merchant AAT-ETXQ3XXWMRXBG;Amazon PLCC Free-Financing Universal Merchant AAT-7X3XCTYG64VBE;Amazon PLCC Free-Financing Universal Merchant AAT-7CHGD3WTS3MHM;Amazon PLCC Free-Financing Universal Merchant AAT-26ZDKNME27X42;Amazon PLCC Free-Financing Universal Merchant AAT-4ZF5KN6E4LJK4;Amazon PLCC Free-Financing Universal Merchant AAT-7RCXIKUAX7DDY;Amazon PLCC Free-Financing Universal Merchant AAT-BRSZZ45H6MHAO;Amazon PLCC Free-Financing Universal Merchant AAT-MKLXOOZWQL7GO;Amazon PLCC Free-Financing Universal Merchant AAT-CB7UNXEXGIJTC;Amazon PLCC Free-Financing Universal Merchant #MP-gzasho-1593152694811;Amazon PLCC Free-Financing Universal Merchant AAT-WLBA4GZ52EAH4,FALSE,Easy Ship
981,403-5686295-0611519,4/30/2022,Shipped,Amazon,Amazon.in,Expedited,J0341,J0341-DR-XL,Western Dress,XL,B099NQJZPQ,Shipped,1,INR,744,HYDERABAD,TELANGANA,500075,IN,IN Core Free Shipping 2015/04/08 23-48-5-108,FALSE,
982,404-9773937-7060345,4/30/2022,Shipped,Amazon,Amazon.in,Expedited,J0341,J0341-DR-XS,Western Dress,XS,B099NS55L1,Shipped,1,INR,744,Madurai,TAMIL NADU,625010,IN,IN Core Free Shipping 2015/04/08 23-48-5-108,FALSE,
983,407-3205298-5473103,4/30/2022,Shipped - Delivered to Buyer,Merchant,Amazon.in,Standard,J0095,J0095-SET-XL,Set,XL,B08CMN1K86,Shipped,1,INR,653,COIMBATORE,TAMIL NADU,641045,IN,Amazon PLCC Free-Financing Universal Merchant AAT-WNKTBO3K27EJC;Amazon PLCC Free-Financing Universal Merchant AAT-QX3UCCJESKPA2;Amazon PLCC Free-Financing Universal Merchant AAT-5QQ7BIYYQEDN2;Amazon PLCC Free-Financing Universal Merchant AAT-DSJ2QRXXWXVMQ;Amazon PLCC Free-Financing Universal Merchant AAT-CXJHMC2YJUK76;Amazon PLCC Free-Financing Universal Merchant AAT-SL3Y2YRMAUNFC;Amazon PLCC Free-Financing Universal Merchant AAT-CC4FAVTYR4X7C;Amazon PLCC Free-Financing Universal Merchant AAT-XXRCW6NZEPZI4;Amazon PLCC Free-Financing Universal Merchant AAT-EOKPWFWYW7Y6I;Amazon PLCC Free-Financing Universal Merchant AAT-ZYL5UPUNW6T62;Amazon PLCC Free-Financing Universal Merchant AAT-PZHUW6DZX4BPS;Amazon PLCC Free-Financing Universal Merchant AAT-ETXQ3XXWMRXBG;Amazon PLCC Free-Financing Universal Merchant AAT-7X3XCTYG64VBE;Amazon PLCC Free-Financing Universal Merchant AAT-7CHGD3WTS3MHM;Amazon PLCC Free-Financing Universal Merchant AAT-26ZDKNME27X42;Amazon PLCC Free-Financing Universal Merchant AAT-4ZF5KN6E4LJK4;Amazon PLCC Free-Financing Universal Merchant AAT-7RCXIKUAX7DDY;Amazon PLCC Free-Financing Universal Merchant AAT-TNYBHEAO7HOHO;Amazon PLCC Free-Financing Universal Merchant AAT-BRSZZ45H6MHAO;Amazon PLCC Free-Financing Universal Merchant AAT-MKLXOOZWQL7GO;Amazon PLCC Free-Financing Universal Merchant AAT-CB7UNXEXGIJTC;Amazon PLCC Free-Financing Universal Merchant #MP-gzasho-1593152694811;Amazon PLCC Free-Financing Universal Merchant AAT-WLBA4GZ52EAH4;Amazon PLCC Free-Financing Universal Merchant AAT-QMFZ3M7T5NPDS;Amazon PLCC Free-Financing Universal Merchant #MP-pmilan-1601980554292,FALSE,Easy Ship
984,403-3741687-4048344,4/30/2022,Shipped,Amazon,Amazon.in,Expedited,SET110,SET110-KR-PP-S,Set,S,B0822T2BM8,Shipped,1,INR,788,thane,MAHARASHTRA,400606,IN,IN Core Free Shipping 2015/04/08 23-48-5-108,FALSE,
985,406-4889947-7806746,4/30/2022,Shipped,Amazon,Amazon.in,Expedited,SET378,SET378-KR-NP-XS,Set,XS,B09RKFQBBZ,Shipped,1,INR,1221,Hyderabad,TELANGANA,500068,IN,IN Core Free Shipping 2015/04/08 23-48-5-108,FALSE,
986,408-2548158-8811519,4/30/2022,Shipped - Delivered to Buyer,Merchant,Amazon.in,Standard,SET342,SET342-KR-NP-N-XXL,Set,XXL,B09Q18R2RN,Shipped,1,INR,0,BELAGAVI,KARNATAKA,590006,IN,Amazon PLCC Free-Financing Universal Merchant AAT-5QQ7BIYYQEDN2;Amazon PLCC Free-Financing Universal Merchant AAT-DSJ2QRXXWXVMQ;Amazon PLCC Free-Financing Universal Merchant AAT-XXRCW6NZEPZI4;Amazon PLCC Free-Financing Universal Merchant AAT-ETXQ3XXWMRXBG;Amazon PLCC Free-Financing Universal Merchant AAT-7X3XCTYG64VBE;Amazon PLCC Free-Financing Universal Merchant AAT-7CHGD3WTS3MHM;Amazon PLCC Free-Financing Universal Merchant AAT-26ZDKNME27X42;Amazon PLCC Free-Financing Universal Merchant AAT-4ZF5KN6E4LJK4;Amazon PLCC Free-Financing Universal Merchant AAT-7RCXIKUAX7DDY;Amazon PLCC Free-Financing Universal Merchant #MP-gzasho-1593152694811,FALSE,Easy Ship
987,402-4612397-6796307,4/30/2022,Shipped,Amazon,Amazon.in,Expedited,J0230,J0230-SKD-S,Set,S,B08XNJ19QH,Shipped,1,INR,1112,GURUGRAM,HARYANA,122017,IN,IN Core Free Shipping 2015/04/08 23-48-5-108,FALSE,
988,402-2375582-5673132,4/30/2022,Shipped - Delivered to Buyer,Merchant,Amazon.in,Standard,SET398,SET398-KR-PP-XS,Set,XS,B09RPCWKJW,Shipped,1,INR,1186,GURUGRAM,HARYANA,122017,IN,Amazon PLCC Free-Financing Universal Merchant AAT-WNKTBO3K27EJC;Amazon PLCC Free-Financing Universal Merchant AAT-QX3UCCJESKPA2;Amazon PLCC Free-Financing Universal Merchant AAT-5QQ7BIYYQEDN2;Amazon PLCC Free-Financing Universal Merchant AAT-DSJ2QRXXWXVMQ;Amazon PLCC Free-Financing Universal Merchant AAT-CXJHMC2YJUK76;Amazon PLCC Free-Financing Universal Merchant AAT-CC4FAVTYR4X7C;Amazon PLCC Free-Financing Universal Merchant AAT-XXRCW6NZEPZI4;Amazon PLCC Free-Financing Universal Merchant AAT-EOKPWFWYW7Y6I;Amazon PLCC Free-Financing Universal Merchant AAT-ZYL5UPUNW6T62;Amazon PLCC Free-Financing Universal Merchant AAT-PZHUW6DZX4BPS;Amazon PLCC Free-Financing Universal Merchant AAT-ETXQ3XXWMRXBG;Amazon PLCC Free-Financing Universal Merchant AAT-7X3XCTYG64VBE;Amazon PLCC Free-Financing Universal Merchant AAT-7CHGD3WTS3MHM;Amazon PLCC Free-Financing Universal Merchant AAT-26ZDKNME27X42;Amazon PLCC Free-Financing Universal Merchant AAT-4ZF5KN6E4LJK4;Amazon PLCC Free-Financing Universal Merchant AAT-7RCXIKUAX7DDY;Amazon PLCC Free-Financing Universal Merchant AAT-TNYBHEAO7HOHO;Amazon PLCC Free-Financing Universal Merchant AAT-BRSZZ45H6MHAO;Amazon PLCC Free-Financing Universal Merchant AAT-MKLXOOZWQL7GO;Amazon PLCC Free-Financing Universal Merchant AAT-CB7UNXEXGIJTC;Amazon PLCC Free-Financing Universal Merchant #MP-gzasho-1593152694811;Amazon PLCC Free-Financing Universal Merchant AAT-WLBA4GZ52EAH4;Amazon PLCC Free-Financing Universal Merchant AAT-QMFZ3M7T5NPDS;Amazon PLCC Free-Financing Universal Merchant #MP-pmilan-1601980554292,FALSE,Easy Ship
989,402-7355260-1275513,4/30/2022,Shipped - Delivered to Buyer,Merchant,Amazon.in,Standard,JNE3487,JNE3487-KR-L,kurta,L,B08RP29G54,Shipped,1,INR,362,HYDERABAD,TELANGANA,500081,IN,Amazon PLCC Free-Financing Universal Merchant AAT-WNKTBO3K27EJC;Amazon PLCC Free-Financing Universal Merchant AAT-QX3UCCJESKPA2;Amazon PLCC Free-Financing Universal Merchant AAT-5QQ7BIYYQEDN2;Amazon PLCC Free-Financing Universal Merchant AAT-DSJ2QRXXWXVMQ;Amazon PLCC Free-Financing Universal Merchant AAT-CXJHMC2YJUK76;Amazon PLCC Free-Financing Universal Merchant AAT-SL3Y2YRMAUNFC;Amazon PLCC Free-Financing Universal Merchant AAT-CC4FAVTYR4X7C;Amazon PLCC Free-Financing Universal Merchant AAT-XXRCW6NZEPZI4;Amazon PLCC Free-Financing Universal Merchant AAT-EOKPWFWYW7Y6I;Amazon PLCC Free-Financing Universal Merchant AAT-ZYL5UPUNW6T62;Amazon PLCC Free-Financing Universal Merchant AAT-PZHUW6DZX4BPS;Amazon PLCC Free-Financing Universal Merchant AAT-ETXQ3XXWMRXBG;Amazon PLCC Free-Financing Universal Merchant AAT-7X3XCTYG64VBE;Amazon PLCC Free-Financing Universal Merchant AAT-7CHGD3WTS3MHM;Amazon PLCC Free-Financing Universal Merchant AAT-26ZDKNME27X42;Amazon PLCC Free-Financing Universal Merchant AAT-4ZF5KN6E4LJK4;Amazon PLCC Free-Financing Universal Merchant AAT-7RCXIKUAX7DDY;Amazon PLCC Free-Financing Universal Merchant AAT-TNYBHEAO7HOHO;Amazon PLCC Free-Financing Universal Merchant AAT-BRSZZ45H6MHAO;Amazon PLCC Free-Financing Universal Merchant AAT-MKLXOOZWQL7GO;Amazon PLCC Free-Financing Universal Merchant AAT-CB7UNXEXGIJTC;Amazon PLCC Free-Financing Universal Merchant #MP-gzasho-1593152694811;Amazon PLCC Free-Financing Universal Merchant AAT-WLBA4GZ52EAH4;Amazon PLCC Free-Financing Universal Merchant AAT-QMFZ3M7T5NPDS;Amazon PLCC Free-Financing Universal Merchant #MP-pmilan-1601980554292,FALSE,Easy Ship
990,171-6613108-2363511,4/30/2022,Shipped,Amazon,Amazon.in,Expedited,JNE3294,JNE3294-KR-XXL,kurta,XXL,B07R41S1YG,Shipped,1,INR,432,CHENNAI,TAMIL NADU,600091,IN,,FALSE,
991,406-5961574-4441901,4/30/2022,Shipped,Amazon,Amazon.in,Expedited,SET324,SET324-KR-NP-L,Set,L,B09NQ44RNV,Shipped,1,INR,597,HYDERABAD,TELANGANA,502319,IN,IN Core Free Shipping 2015/04/08 23-48-5-108,FALSE,
992,404-9326488-7546742,4/30/2022,Shipped,Amazon,Amazon.in,Expedited,J0003,J0003-SET-XXXL,Set,3XL,B0894Y3VBB,Shipped,1,INR,654,PATNA,BIHAR,800008,IN,IN Core Free Shipping 2015/04/08 23-48-5-108,FALSE,
993,403-1691463-7067522,4/30/2022,Shipped,Amazon,Amazon.in,Expedited,JNE3651,JNE3651-TP-N-M,Top,M,B08ZHWGYF2,Shipped,1,INR,518,MUMBAI,MAHARASHTRA,400076,IN,IN Core Free Shipping 2015/04/08 23-48-5-108,FALSE,
994,171-1293566-4097166,4/30/2022,Shipped,Amazon,Amazon.in,Expedited,SET345,SET345-KR-NP-M,Set,M,B09KXV4BN8,Shipped,1,INR,626,Kanniyakumari,TAMIL NADU,629177,IN,IN Core Free Shipping 2015/04/08 23-48-5-108,FALSE,
995,404-6513417-3841113,4/30/2022,Shipped,Amazon,Amazon.in,Expedited,J0278,J0278-SET-XXXL,Set,3XL,B08QGQJ5P4,Shipped,1,INR,761,HYDERABAD,TELANGANA,500033,IN,IN Core Free Shipping 2015/04/08 23-48-5-108,FALSE,
996,408-7484954-7860326,4/30/2022,Shipped,Amazon,Amazon.in,Expedited,J0002,J0002-SKD-XL,Set,XL,B0894XKSM1,Shipped,1,INR,1186,hyderabad,TELANGANA,500012,IN,,FALSE,
997,408-0027611-3047556,4/30/2022,Shipped - Delivered to Buyer,Merchant,Amazon.in,Standard,J0004,J0004-SKD-XL,Set,XL,B0894XWGCR,Shipped,1,INR,1186,hyderabad,TELANGANA,500012,IN,Amazon PLCC Free-Financing Universal Merchant AAT-WNKTBO3K27EJC;Amazon PLCC Free-Financing Universal Merchant AAT-QX3UCCJESKPA2;Amazon PLCC Free-Financing Universal Merchant AAT-5QQ7BIYYQEDN2;Amazon PLCC Free-Financing Universal Merchant AAT-DSJ2QRXXWXVMQ;Amazon PLCC Free-Financing Universal Merchant AAT-CXJHMC2YJUK76;Amazon PLCC Free-Financing Universal Merchant AAT-SL3Y2YRMAUNFC;Amazon PLCC Free-Financing Universal Merchant AAT-CC4FAVTYR4X7C;Amazon PLCC Free-Financing Universal Merchant AAT-XXRCW6NZEPZI4;Amazon PLCC Free-Financing Universal Merchant AAT-EOKPWFWYW7Y6I;Amazon PLCC Free-Financing Universal Merchant AAT-ZYL5UPUNW6T62;Amazon PLCC Free-Financing Universal Merchant AAT-PZHUW6DZX4BPS;Amazon PLCC Free-Financing Universal Merchant AAT-ETXQ3XXWMRXBG;Amazon PLCC Free-Financing Universal Merchant AAT-7X3XCTYG64VBE;Amazon PLCC Free-Financing Universal Merchant AAT-7CHGD3WTS3MHM;Amazon PLCC Free-Financing Universal Merchant AAT-26ZDKNME27X42;Amazon PLCC Free-Financing Universal Merchant AAT-4ZF5KN6E4LJK4;Amazon PLCC Free-Financing Universal Merchant AAT-7RCXIKUAX7DDY;Amazon PLCC Free-Financing Universal Merchant AAT-BRSZZ45H6MHAO;Amazon PLCC Free-Financing Universal Merchant AAT-MKLXOOZWQL7GO;Amazon PLCC Free-Financing Universal Merchant AAT-CB7UNXEXGIJTC;Amazon PLCC Free-Financing Universal Merchant #MP-gzasho-1593152694811;Amazon PLCC Free-Financing Universal Merchant AAT-WLBA4GZ52EAH4;Amazon PLCC Free-Financing Universal Merchant #MP-pmilan-1601980554292,FALSE,Easy Ship
998,408-0027611-3047556,4/30/2022,Shipped - Delivered to Buyer,Merchant,Amazon.in,Standard,J0234,J0234-SKD-L,Set,L,B08WHW4T6L,Shipped,1,INR,1213,hyderabad,TELANGANA,500012,IN,Amazon PLCC Free-Financing Universal Merchant AAT-WNKTBO3K27EJC;Amazon PLCC Free-Financing Universal Merchant AAT-QX3UCCJESKPA2;Amazon PLCC Free-Financing Universal Merchant AAT-5QQ7BIYYQEDN2;Amazon PLCC Free-Financing Universal Merchant AAT-DSJ2QRXXWXVMQ;Amazon PLCC Free-Financing Universal Merchant AAT-CXJHMC2YJUK76;Amazon PLCC Free-Financing Universal Merchant AAT-SL3Y2YRMAUNFC;Amazon PLCC Free-Financing Universal Merchant AAT-CC4FAVTYR4X7C;Amazon PLCC Free-Financing Universal Merchant AAT-XXRCW6NZEPZI4;Amazon PLCC Free-Financing Universal Merchant AAT-EOKPWFWYW7Y6I;Amazon PLCC Free-Financing Universal Merchant AAT-ZYL5UPUNW6T62;Amazon PLCC Free-Financing Universal Merchant AAT-PZHUW6DZX4BPS;Amazon PLCC Free-Financing Universal Merchant AAT-ETXQ3XXWMRXBG;Amazon PLCC Free-Financing Universal Merchant AAT-7X3XCTYG64VBE;Amazon PLCC Free-Financing Universal Merchant AAT-7CHGD3WTS3MHM;Amazon PLCC Free-Financing Universal Merchant AAT-26ZDKNME27X42;Amazon PLCC Free-Financing Universal Merchant AAT-4ZF5KN6E4LJK4;Amazon PLCC Free-Financing Universal Merchant AAT-7RCXIKUAX7DDY;Amazon PLCC Free-Financing Universal Merchant AAT-BRSZZ45H6MHAO;Amazon PLCC Free-Financing Universal Merchant AAT-MKLXOOZWQL7GO;Amazon PLCC Free-Financing Universal Merchant AAT-CB7UNXEXGIJTC;Amazon PLCC Free-Financing Universal Merchant #MP-gzasho-1593152694811;Amazon PLCC Free-Financing Universal Merchant AAT-WLBA4GZ52EAH4;Amazon PLCC Free-Financing Universal Merchant #MP-pmilan-1601980554292,FALSE,Easy Ship
